filename,class,Label,width,height
848617_jpg.rf.b6167489414b68fcfe2ccda38d24ac4a.jpg,ahaetulla prasina,0,322,333
203459385_jpg.rf.73858ce8179c66e61c2203f4966e88a2.jpg,bungarus caeruleus,2,244,359
178020213_jpg.rf.902a97ff37bebf466e6800e389762cdc.jpg,ptyas korros,10,281,240
AUG81008965_jpeg.rf.f10a9b8c28dba23257d0ee0594931a30.jpg,bungarus caeruleus,2,264,392
32814798_jpeg.rf.10944af1cd359dd50fca3e45185928f7.jpg,ahaetulla prasina,0,153,254
148092535_jpg.rf.0cd290dae8e5100691da7fa84446b2e7.jpg,trimeresurus albolabris,12,428,357
50700169_jpg.rf.cf4d651fc596757e0b50116ecd419366.jpg,ahaetulla prasina,0,286,400
12201860_jpg.rf.bc79e3e122694c0fc28153106e554000.jpg,chrysopelea ornata,4,239,230
141867635_jpg.rf.d2517e40dbbbc37f3aad6aa22ba7cb8b.jpg,naja naja,7,477,427
235718718_jpeg.rf.d8ca6c3474c854ed416719e00889e31a.jpg,daboia russelii,5,315,177
50700169_jpg.rf.432c2ea824236948f58957bfda18598b.jpg,ahaetulla prasina,0,370,286
169599236_jpeg.rf.b76d1db9ca78ceaa2e63cef4bd604858.jpg,ptyas korros,10,488,391
132165947_jpeg.rf.f4d982a9421a3b6d76143aa18692206e.jpg,ptyas korros,10,292,231
38394318_jpeg.rf.9b1927d37c828f3e016cdaae8353b747.jpg,ahaetulla prasina,0,252,333
219287981_jpeg.rf.97ffd97502df29461eb069879160b0ba.jpg,psammodynastes pulverulentus,9,417,375
AUG121987101_jpeg.rf.b9c691f0b38ec8d17a9455535922e77e.jpg,bungarus caeruleus,2,421,185
145541852_jpeg.rf.59a8c5a30dc21e853f1f827b9c160647.jpg,psammodynastes pulverulentus,9,363,334
155408628_jpeg.rf.3b0f92565eab4a9fc5e83eae2caf5ce1.jpg,xenochrophis piscator,14,375,479
208478998_jpeg.rf.ec370f8f017f36b44a8fe29c339828e3.jpg,xenochrophis piscator,14,295,375
11391062_jpg.rf.ec171fbc37418974db31779788ba8c44.jpg,dendrelaphis pictus,6,347,377
39595355_jpg.rf.e51a5765558b90a64a6eb887888ba3e9.jpg,ptyas mucosa,11,500,371
178038060_jpeg.rf.7772a50414d2512737b7dbc176e0941c.jpg,trimeresurus purpureomaculatus,13,407,256
154705165_jpeg.rf.6d15f99abdc21896b0d514a204fd3b93.jpg,trimeresurus purpureomaculatus,13,234,202
42768791_jpeg.rf.424b40f17f19ef40dc05cdd2296146b0.jpg,ahaetulla prasina,0,500,196
144061771_jpg.rf.cb67e0bf0a3ada9166018eb56c59ae46.jpg,naja naja,7,269,236
9593692_jpg.rf.896023b7ae149beeffb9cdb64dda6dff.jpg,ahaetulla prasina,0,193,334
199865632_jpeg.rf.188b5ab23749d72c3545a5fe602f4c16.jpg,ophiophagus hannah,8,187,261
38466882_jpg.rf.77a671211b725cf105078b18380de2ea.jpg,dendrelaphis pictus,6,214,298
102016366_jpg.rf.5bb5128b52d77833f63be242771b88b3.jpg,chrysopelea ornata,4,500,123
156260488_jpeg.rf.2e3cff8f412470a59c8aaf284b82ca2a.jpg,psammodynastes pulverulentus,9,269,304
71710155_jpeg.rf.acdb54ba61a9ebdbdafaa5ca8c8a9946.jpg,ophiophagus hannah,8,375,375
238438630_jpeg.rf.da7bac298317e767b66d6cb88731d6e0.jpg,daboia russelii,5,275,365
173944908_jpg.rf.972723b60d51197bce337fc6083a013b.jpg,xenochrophis piscator,14,193,333
112130039_jpeg.rf.90d9b7c2a9699c63342dbc81a475ec0e.jpg,dendrelaphis pictus,6,470,374
29672254_jpeg.rf.e588e0d598fcc7855c17c0d388756627.jpg,ahaetulla prasina,0,357,396
179008122_jpeg.rf.b1943248e4c730164e77c4c22ce39f1a.jpg,xenochrophis piscator,14,256,170
113471477_jpeg.rf.3923d3780cf47c8a6f72de553aac7b15.jpg,bungarus fasciatus,3,286,480
12201860_jpg.rf.7ed48254c68ee7e40febc42d89ad36ed.jpg,chrysopelea ornata,4,230,310
AUG107330224_jpeg.rf.db6a6f6d5a0a5f25b25027bb26b92e5c.jpg,naja naja,7,366,495
96404930_jpeg.rf.82b689cfed52f49fa41766d14088c4d8.jpg,xenochrophis piscator,14,118,52
103980796_jpg.rf.75fda502533233bdb64379566a4438d1.jpg,trimeresurus purpureomaculatus,13,196,106
155408657_jpeg.rf.6d78627d3c56bfd5931b228776bbef4f.jpg,xenochrophis piscator,14,375,500
154705208_jpeg.rf.fc317954d8420d5ddf62d629f32ca0e7.jpg,trimeresurus purpureomaculatus,13,119,157
207031708_jpeg.rf.ee341cd0daf7412c79c99920cc8b26ff.jpg,xenochrophis piscator,14,122,116
97864278_jpg.rf.0546352dd7dc26cfe0f39d47b5149ee2.jpg,trimeresurus albolabris,12,373,248
199555365_jpg.rf.df814180df7bd889a3339b26cbb59b9f.jpg,psammodynastes pulverulentus,9,331,409
98757136_jpeg.rf.c33ebdf73aa5f900ff1dd779c5e66ff5.jpg,ophiophagus hannah,8,338,217
162027182_jpeg.rf.229c5a96b92ab48dc49a64d5bb9081ce.jpg,bungarus caeruleus,2,212,253
42768791_jpeg.rf.fbee0f1d43db249f14982e5597f87b4c.jpg,ahaetulla prasina,0,196,330
48263353_jpg.rf.f6a529f64ba503dca7f553a900668696.jpg,bungarus fasciatus,3,174,265
11391062_jpg.rf.4aea417b09a306710e4cd462e3169a45.jpg,dendrelaphis pictus,6,347,377
11949720_jpg.rf.a53c5fdb8c6510c80779bf629880af2f.jpg,ptyas mucosa,11,127,287
31179901_jpeg.rf.5cf072e027a23b9ac2e6df8bb489b072.jpg,ptyas mucosa,11,323,263
AUG56365586_jpeg.rf.dde83c394ab7450618d0e2c7dc570f93.jpg,bungarus caeruleus,2,392,375
85026787_jpeg.rf.f978677c5604f86b52c9814d1cf25ec8.jpg,ahaetulla prasina,0,289,299
20493897_jpeg.rf.669ce7f78c1058af0b8c2b193ef59142.jpg,bungarus fasciatus,3,500,187
27935284_jpeg.rf.53bbc474788db34130168fd27292d444.jpg,ptyas mucosa,11,98,262
116044757_jpeg.rf.32287fbe6d6a6e7b55de2a5e407b007e.jpg,bungarus fasciatus,3,186,329
245234153_jpeg.rf.1c4ca217eb3588472b0ae30ff1057e79.jpg,trimeresurus purpureomaculatus,13,500,328
48263353_jpg.rf.ebf53b69a6575184136ffead559b2027.jpg,bungarus fasciatus,3,286,174
142271466_jpeg.rf.a8b44c2303e29b8c5b2c6aff125e175a.jpg,ophiophagus hannah,8,500,334
99602104_jpg.rf.0bf6ef56af0893325562d9863172a095.jpg,ptyas korros,10,344,304
11697412_jpeg.rf.dc22efbc44f7277e1ba69219ee8d6ab5.jpg,dendrelaphis pictus,6,333,252
32004260_jpeg.rf.e894e3b7da66043530d09761ad87321d.jpg,bungarus fasciatus,3,299,281
222175838_jpeg.rf.554bcf4bc6322a420e7654cfe1e93cd2.jpg,xenochrophis piscator,14,88,159
169599287_jpeg.rf.99f47accba723868940d7dbae4b2cbc1.jpg,ptyas korros,10,500,445
AUG154534247_jpeg.rf.479cd4a6c6f24d1d1b342c0b1a924e8d.jpg,naja naja,7,340,401
71769494_jpeg.rf.56bf6a7164a9fea7e48050c4bea34f8c.jpg,dendrelaphis pictus,6,318,434
AUG8815618997_jpg.rf.fd7dc6eb1a3326a224096103d738c177.jpg,daboia russelii,5,375,191
AUG107330224_jpeg.rf.2f36972a3e9b315433096c91bd2bbe86.jpg,naja naja,7,375,387
114915060_jpg.rf.cd2494b0b0cd20deee7e9336c95afb82.jpg,ophiophagus hannah,8,281,166
AUG54206354_jpeg.rf.c0b34d738bd3b98cad0701b34a3ac986.jpg,daboia russelii,5,358,246
219633574_jpeg.rf.3859d369e2aac1cb68cd37499bc2710b.jpg,psammodynastes pulverulentus,9,283,116
113535444_jpeg.rf.071b6eb7e42ab80d7865a7d9125a7e93.jpg,dendrelaphis pictus,6,256,333
153465525_jpg.rf.bdd2d928ec88b798447852cf0f34491e.jpg,trimeresurus purpureomaculatus,13,287,304
113555626_jpg.rf.d575497922ca181a6fe5333cad636a07.jpg,xenochrophis piscator,14,411,136
218858367_jpeg.rf.ec910d6b79a007276ca939b9662064c7.jpg,bungarus caeruleus,2,364,243
85952087_jpg.rf.a401f1aa5db24b48437710db9cc4082b.jpg,dendrelaphis pictus,6,135,375
186364164_jpg.rf.19f63c33fbead8fc3790d5687e06687b.jpg,psammodynastes pulverulentus,9,256,308
92261996_jpeg.rf.e27f808d4961a38b99344e45ff3e28b5.jpg,dendrelaphis pictus,6,434,436
146780820_jpeg.rf.6d5e13f296f30b28639a63c3a8713bc2.jpg,bungarus caeruleus,2,88,288
132765314_jpeg.rf.d34e6a08c4524756311832ae82b38714.jpg,ophiophagus hannah,8,72,364
32002258_jpeg.rf.e55d4b17b729a0145a234c7ff403505b.jpg,trimeresurus albolabris,12,236,186
28286656_jpg.rf.9c0fa64474fd4e14bfb493656f3302be.jpg,ahaetulla prasina,0,409,293
91394895_jpg.rf.58fe5fb7ed457e3ef52139f57ebeec00.jpg,naja naja,7,400,375
109582184_jpeg.rf.2356867eea52c419abff95560699afff.jpg,dendrelaphis pictus,6,335,165
154926145_jpg.rf.0517eb37f9b696c0d9fe8804a7f01948.jpg,trimeresurus purpureomaculatus,13,134,313
97059162_jpg.rf.72f8106875e7731a5a32ab20973ac731.jpg,trimeresurus albolabris,12,500,450
88354099_jpeg.rf.3189ea83c2b3d379fcff49008514fdbe.jpg,bungarus fasciatus,3,387,264
92823438_jpg.rf.7afe040f0daf895d919a46913f8701d2.jpg,daboia russelii,5,157,260
244802899_jpeg.rf.340f42ab51507ec5ec581163b04cca62.jpg,xenochrophis piscator,14,494,72
AUG7178873785_jpg.rf.32a35630748f1719a0fd50355e8bc23a.jpg,bungarus caeruleus,2,500,166
162851498_jpg.rf.1425ecddd2f3e34e9a15a02e85d1b31f.jpg,naja naja,7,178,301
64059994_jpg.rf.9a7769364a0bf395ebde05cd821d5e5c.jpg,trimeresurus purpureomaculatus,13,291,203
138960453_jpeg.rf.09be729f2d97788fb436dce9b4e68087.jpg,trimeresurus purpureomaculatus,13,290,333
61176282_jpeg.rf.a10268f8f126bb0609482fc6bc6e9198.jpg,amphiesma stolatum,1,257,375
141867659_jpg.rf.eca75f114b34de1d037625e561340ba9.jpg,naja naja,7,367,418
133325084_jpeg.rf.62b9f9792f4c76bedc59ed75e03879ba.jpg,psammodynastes pulverulentus,9,157,174
145541852_jpeg.rf.1e116b16b9f7069275e7fc09b5e9f31e.jpg,psammodynastes pulverulentus,9,334,377
45980738_jpg.rf.62625d31521149ef82c113bede878f0a.jpg,trimeresurus albolabris,12,451,355
30921907_jpeg.rf.2c9758237d1d7e813b9c59fa32c24eea.jpg,ptyas mucosa,11,281,193
32084334_jpg.rf.a144a961ede82c831153dae7efde2db3.jpg,ahaetulla prasina,0,288,378
107524967_jpg.rf.8806b3aa49ea358f6d9045efdc8497db.jpg,ptyas mucosa,11,148,260
75370695_jpg.rf.21906db1b63c2dc6dfc89b3b04c6b9ad.jpg,trimeresurus albolabris,12,275,272
12179257_jpg.rf.4e03f2a73e5326ef42ae6fe276ef52c1.jpg,trimeresurus albolabris,12,256,333
27935284_jpeg.rf.f24678fee4c4784ef72641d3db94136d.jpg,ptyas mucosa,11,256,171
141867602_jpg.rf.6b97bf74038de53836450a4b8cf5c749.jpg,naja naja,7,376,369
176460933_jpg.rf.65b47353d220edac73c8a990994ba197.jpg,psammodynastes pulverulentus,9,431,426
139695889_jpg.rf.20e443a626501eccc77103a49ab57468.jpg,ptyas korros,10,375,342
85809436_jpeg.rf.49980de7ee1d6275f48572893fea3d87.jpg,ahaetulla prasina,0,400,390
175971446_jpeg.rf.d1aea7940df4ce13d9615eb514139890.jpg,daboia russelii,5,500,256
32008587_jpg.rf.e8b04a62de7e529d3f5a16105dcc6cd3.jpg,bungarus fasciatus,3,365,281
166743882_jpg.rf.49eece5d23f56bbfc0c78491109b5063.jpg,psammodynastes pulverulentus,9,500,322
75287804_jpg.rf.474f6f53473d66770868a1f6251ec1da.jpg,trimeresurus albolabris,12,212,295
64574593_jpg.rf.65452e1d70a52bb7b66a6c1ce9dd5995.jpg,bungarus fasciatus,3,500,145
147434077_jpeg.rf.a330bc3afce69d713ec67c90bf9cbf30.jpg,amphiesma stolatum,1,402,375
169064196_jpeg.rf.2f2269331207c85846f5638ccf82fe18.jpg,ptyas korros,10,230,226
53041509_jpg.rf.20f6e94da621c68d293f81aad0586761.jpg,ahaetulla prasina,0,115,301
244802942_jpeg.rf.a43fc2eb206705816eeec950f28d83b5.jpg,xenochrophis piscator,14,330,344
139712742_jpeg.rf.36cdf4e6d896bcc6ecec05318b27fa34.jpg,amphiesma stolatum,1,369,64
102016349_jpg.rf.b3a705d4af1f78b08f15a071a89bc3fb.jpg,chrysopelea ornata,4,423,471
146305553_jpg.rf.fc2e293049a7391ef738e3e109c1cb8c.jpg,xenochrophis piscator,14,500,182
25525581_jpeg.rf.3e2e7259fd66ee12eeb4632d1279c180.jpg,ptyas mucosa,11,222,375
9593691_jpg.rf.af56288a44e2d248122a498c70a25387.jpg,ahaetulla prasina,0,334,366
71834037_jpg.rf.e17aac1aecec249a54b4dd043fbe0fe8.jpg,trimeresurus albolabris,12,75,179
128755239_jpeg.rf.6d40dc0cf5967038495b1d63b6c13544.jpg,ptyas korros,10,248,237
34630551_jpeg.rf.858b12d9a8ef528a45eeb16dfa143de9.jpg,bungarus fasciatus,3,363,87
107260069_jpg.rf.1f762367f270a5b43fe2bb163dd42426.jpg,chrysopelea ornata,4,474,311
33079681_jpeg.rf.a09b3a36077d1027bb27b0c1ea6cef35.jpg,dendrelaphis pictus,6,383,192
44713862_jpeg.rf.5c3e425e23db964ead0c145a75e00987.jpg,ptyas mucosa,11,360,480
4455172_jpeg.rf.14aec7cadb7999f08ade805752d8586d.jpg,chrysopelea ornata,4,271,325
AUG101572887_jpeg.rf.35d6e738b4ef1de2e511c59338ca57ee.jpg,bungarus caeruleus,2,236,202
176247022_jpeg.rf.6ef8d2b6496885f7e3afcd9158828b96.jpg,trimeresurus purpureomaculatus,13,318,304
218858435_jpeg.rf.66982c27be7aabf109bd097a4b5b1327.jpg,bungarus caeruleus,2,197,264
204030839_jpg.rf.0d1e00c858503bb862882e6eafba1608.jpg,ptyas korros,10,500,333
AUG19796018_jpeg.rf.62d8ca93b67e2e152766b3999a22d348.jpg,bungarus caeruleus,2,442,237
110498948_jpeg.rf.82d9fbbed144ba6a0d04454cd36f9063.jpg,naja naja,7,374,200
117758979_jpeg.rf.19c585abab9ac214fef1d3bfc767dcac.jpg,trimeresurus purpureomaculatus,13,472,332
154705208_jpeg.rf.bc14fd7b2c97c16c52b2c117000f0d70.jpg,trimeresurus purpureomaculatus,13,119,157
167123418_jpeg.rf.8b2fc4816e4e68e8e27ca81f86353c3b.jpg,naja naja,7,87,56
97864311_jpg.rf.b5d4e9d3f963ee3f1d42d8f9e71a5e2b.jpg,trimeresurus albolabris,12,234,333
148441401_jpg.rf.8f5431497de76048802a4b855cd4d672.jpg,amphiesma stolatum,1,41,375
AUG154534247_jpeg.rf.fe8ec4609761270abd705c5df5f9d3eb.jpg,naja naja,7,340,401
101702767_jpeg.rf.188f5d20014e0761487ee2585b678d88.jpg,amphiesma stolatum,1,301,281
162851498_jpg.rf.3f24e1353e6b094ddce0b830e6136b59.jpg,naja naja,7,178,301
239503373_jpeg.rf.20acfc5625b4d11254955486cd06f1ab.jpg,trimeresurus purpureomaculatus,13,343,313
32002951_jpeg.rf.4015cadd0ce6892e17926d4457376dd6.jpg,amphiesma stolatum,1,183,281
95836831_jpeg.rf.2236c8e19325f2ee89e33f8c0f77c7e1.jpg,trimeresurus purpureomaculatus,13,300,358
146081331_jpeg.rf.791b427a417e6af01e7429313fa720a1.jpg,psammodynastes pulverulentus,9,500,182
95923178_jpg.rf.a2c322c3ed74f1c0cde8f6278b780550.jpg,xenochrophis piscator,14,150,117
97864278_jpg.rf.5a8c6e736dc0a507d0670ff10bd66d59.jpg,trimeresurus albolabris,12,374,248
42571110_jpeg.rf.8a0b0434e895016173b18078626bcfef.jpg,ahaetulla prasina,0,237,231
AUG167123398_jpeg.rf.92ef8a8032d2145645e9499b40b4763c.jpg,naja naja,7,261,187
248342002_jpeg.rf.36ade38452431277136c2eac3acde85c.jpg,xenochrophis piscator,14,441,202
153855468_jpeg.rf.9607349f2f8e5812efe93ae0c6d2de60.jpg,xenochrophis piscator,14,150,290
33478402_jpg.rf.b0e39ef1001f23a2fbc10419c03e1608.jpg,chrysopelea ornata,4,286,161
AUG575475_JPG.rf.2a5a5065df8dcf5d500e9cb26e47be1e.jpg,bungarus caeruleus,2,249,299
233761484_jpeg.rf.faa60cfdc3ac986171179f3239a282f0.jpg,bungarus caeruleus,2,134,157
167718054_jpeg.rf.1ed503dcb5e9d27fea92ed3f29137636.jpg,psammodynastes pulverulentus,9,351,145
88695984_jpeg.rf.b62e9f1b7ecd5548d29c24224fc42838.jpg,chrysopelea ornata,4,249,73
14054105_jpg.rf.b16674f1cf086e27ea6276548960873e.jpg,naja naja,7,462,375
101567251_jpeg.rf.bbf264427f86ea425d55359a03f07dda.jpg,chrysopelea ornata,4,441,202
58378451_jpg.rf.59f38cb771bc0622766e8c80826a98c6.jpg,chrysopelea ornata,4,236,375
216440044_jpeg.rf.edd80dea2cbfdbfeba424d4ebf585938.jpg,psammodynastes pulverulentus,9,405,308
217286069_jpg.rf.f0f19b57ff3b4b7a02382780f2f1567b.jpg,ptyas korros,10,449,281
215756221_jpg.rf.245648a0804811f6420d90c579c21541.jpg,ptyas korros,10,179,277
54419572_jpeg.rf.906a21d15d982fe1906d9442514dea28.jpg,dendrelaphis pictus,6,483,273
234611212_jpeg.rf.17cc9b7b8e704495ae82a04c434b2445.jpg,daboia russelii,5,492,333
127259058_jpeg.rf.6a2f17494babf782430f53a6c57049ba.jpg,trimeresurus albolabris,12,227,148
51346676_jpeg.rf.4a090eaebaa7a46d07e8b6c92ecc1284.jpg,ptyas mucosa,11,479,84
AUG105049439_jpeg.rf.377190d5d693e6fded7b6f0fb7a55f15.jpg,daboia russelii,5,279,326
151716263_jpeg.rf.395b608f4c42cc8f8c0221c7567dca35.jpg,bungarus caeruleus,2,264,429
204030839_jpg.rf.f2cddb2759533d9c54a2ca699632b2c0.jpg,ptyas korros,10,500,333
12763462_jpeg.rf.7bd808dbd99da5a0bd4ea74ffd42de03.jpg,chrysopelea ornata,4,392,177
109804697_jpg.rf.1489d67584def1a0d4b6647bf07be721.jpg,bungarus fasciatus,3,281,203
153066922_jpeg.rf.e4945e98909fd01ea598a1babe6912c4.jpg,ptyas korros,10,478,126
92125538_jpg.rf.d9446580f823155e75fa1fc06f1c8fc6.jpg,naja naja,7,266,256
112130004_jpeg.rf.2279cce12be6bcd0f734d59c81e9a5b0.jpg,dendrelaphis pictus,6,427,374
139697025_jpg.rf.b5d418e760355b923239f756d54cdb75.jpg,psammodynastes pulverulentus,9,376,333
AUG34951302_jpeg.rf.b10df27f66e7aa057bf486eb9718ace6.jpg,naja naja,7,184,296
109603222_jpeg.rf.0b5f760c5fb302a136b2f4784c43568f.jpg,ptyas korros,10,279,201
24008590_jpg.rf.9ea075b575d6f71934a59a24b0b5bb7c.jpg,ptyas mucosa,11,500,320
234611212_jpeg.rf.f21817b8cf987271cd8be1f49ab5b0e4.jpg,daboia russelii,5,431,333
88214648_jpeg.rf.2524ff9de9eab56c1325d0244b6c3db2.jpg,chrysopelea ornata,4,197,500
173944710_jpg.rf.13f6e5eb9c5c7de0d9fb186bde28b037.jpg,xenochrophis piscator,14,255,313
83542413_jpeg.rf.725c4efbe1a28a8699cea32de7d3f1f2.jpg,bungarus fasciatus,3,236,375
104814173_jpeg.rf.175539d855628cb619b72b7b2b606d4d.jpg,ophiophagus hannah,8,194,201
119806284_jpeg.rf.71fcccc40449f58d499291a62e9e5a6c.jpg,amphiesma stolatum,1,105,227
142577938_jpeg.rf.5703b2983b870ed746050f99fc742416.jpg,psammodynastes pulverulentus,9,448,359
103980796_jpg.rf.7d776aa0fce45962f943bb76c56c864c.jpg,trimeresurus purpureomaculatus,13,196,106
31370238_jpg.rf.f47ae69a88562391f0add166c6502608.jpg,chrysopelea ornata,4,451,359
45397769_jpg.rf.5aa81e92f043b96d70f16b659507ef52.jpg,ptyas mucosa,11,196,150
8434281_jpg.rf.1362d9676db0520983efd71bfa5fdcc1.jpg,ptyas mucosa,11,457,332
28286655_jpg.rf.2450e36eae073d164e6272f3d1bf2f7f.jpg,ahaetulla prasina,0,351,78
117604378_jpeg.rf.443693392cea11d8b6235b128a769ed2.jpg,ptyas korros,10,446,199
88816785_jpg.rf.b9c5a1a094a4e36980c6b59a5d8e4c03.jpg,amphiesma stolatum,1,375,186
45821413_jpeg.rf.f13b5e6c4ed73180c49dff2156256640.jpg,amphiesma stolatum,1,418,333
122207787_jpeg.rf.310e81f15ab4e893bc97413e729e321e.jpg,bungarus fasciatus,3,500,234
148531486_jpeg.rf.22d4a38ac845028254cd9a97e3391a34.jpg,naja naja,7,278,246
4496945_jpeg.rf.c96594267f2f67b33c6fe26ea6eb39a4.jpg,chrysopelea ornata,4,223,410
96590049_jpg.rf.9c3912509a92cf873a3a106f5717ecbb.jpg,chrysopelea ornata,4,261,254
116044757_jpeg.rf.8ac4c80adbc90fd33fc41cf87138ba43.jpg,bungarus fasciatus,3,258,186
219065627_jpg.rf.b76ad013186c513744d5d46f2295be31.jpg,daboia russelii,5,191,201
31886866_jpg.rf.0b315c3a94d68b2d7759ac413d84bf9b.jpg,ptyas mucosa,11,289,333
34633156_jpg.rf.83a97405cd68fc9902c48de4aa717ddf.jpg,amphiesma stolatum,1,261,306
43145302_jpg.rf.11653b8fb74b5ce20902fb9db658345c.jpg,chrysopelea ornata,4,323,298
234611273_jpeg.rf.37b95574b17458f7266a137453b79a99.jpg,daboia russelii,5,500,210
127169877_jpeg.rf.b14cce52d98525f021ac184b8f46fffe.jpg,amphiesma stolatum,1,479,334
59648866_jpg.rf.8742ec00d8f9f63f55e14ebf662fb4d7.jpg,daboia russelii,5,364,176
170437808_jpeg.rf.5b4f0a5cb15ab6af49e42019f00b7d53.jpg,bungarus caeruleus,2,400,167
41942350_jpg.rf.5725fa2c64791a5109074d679c5602c5.jpg,xenochrophis piscator,14,500,500
89988711_jpg.rf.1585910bdb402a18cf4a3f797d83410f.jpg,ptyas korros,10,500,330
141963639_jpeg.rf.79ceb33fcc117748ea749dbf8efb612c.jpg,ophiophagus hannah,8,389,281
11495601_jpg.rf.ef36d4e3d2f95087f4d24226b60118c7.jpg,ahaetulla prasina,0,239,159
62861765_jpeg.rf.8cca2e6c6a2d44081bc2e8cf55313181.jpg,ahaetulla prasina,0,113,500
81009480_jpeg.rf.3a09bbabeb18964bc996b90ac14e736d.jpg,bungarus caeruleus,2,416,313
200255062_jpg.rf.ab51d6d0ee90c3ddd023c4b84589baee.jpg,trimeresurus purpureomaculatus,13,152,500
9127329_jpg.rf.a09b14ca33400085edccc3492326fffc.jpg,dendrelaphis pictus,6,212,463
63459037_jpeg.rf.791543a9bd5dd48eefafcb39fcc3419b.jpg,naja naja,7,500,299
200255089_jpg.rf.d74a750afb38d957d1aa0b9d5c3493af.jpg,trimeresurus purpureomaculatus,13,160,500
130641800_jpeg.rf.4745bdd0c390b91ceabc621344feb327.jpg,ophiophagus hannah,8,380,107
101567232_jpeg.rf.15696c19aaf26f017c04ea8808d8cfb9.jpg,chrysopelea ornata,4,500,126
19796062_jpeg.rf.70f4a1edad8c59c6a6a987114ab28636.jpg,bungarus caeruleus,2,290,281
AUG150879006_jpeg.rf.37d853a0f7371d968ef5f71dead4db4a.jpg,naja naja,7,493,375
16762055_jpg.rf.99262393d98b2e779c9fcdb0e814837b.jpg,ptyas mucosa,11,122,281
88122392_jpg.rf.75bdbc22c329bc3c5818dfe61b06f461.jpg,amphiesma stolatum,1,301,240
100681923_jpg.rf.56198e58abfc1b8e82acc1ad60233728.jpg,amphiesma stolatum,1,375,221
146780820_jpeg.rf.3887b41eac05594cb5808e9bcb074cb2.jpg,bungarus caeruleus,2,88,288
165505048_jpg.rf.9f8d0852165ac997b32e5c73351f7462.jpg,ophiophagus hannah,8,382,228
34633156_jpg.rf.f71d9db050c8c20d141959eb87032c44.jpg,amphiesma stolatum,1,324,261
124449202_jpeg.rf.ada9727193d46e9ca4b851cc15b77d32.jpg,xenochrophis piscator,14,413,494
139712603_jpeg.rf.041cf3c29d05fbde2598855163769731.jpg,amphiesma stolatum,1,500,118
105114823_jpeg.rf.8a575dcc863ce1ed0419bf61f3986b1d.jpg,dendrelaphis pictus,6,333,305
139712823_jpeg.rf.632719fa299c4430be53a8ad41ddb227.jpg,amphiesma stolatum,1,393,61
98500436_jpg.rf.528bfb4836bef991fb6554e1a0c7c9f0.jpg,chrysopelea ornata,4,333,358
AUG87754146_jpeg.rf.4dbfd38a62f71f44a3ac40895d1ee006.jpg,daboia russelii,5,500,332
99602104_jpg.rf.1eaf07745695382fdf4aa9592c354156.jpg,ptyas korros,10,238,350
19795930_jpeg.rf.36fd32309e6eeb4468bff888d20fb3be.jpg,bungarus caeruleus,2,196,281
28817015_jpg.rf.6b6b7294eb7922623c20418ad96e355d.jpg,ptyas mucosa,11,375,246
40931913_jpg.rf.f8dadecfa39bb1ab85b3c6c089ee0bcf.jpg,ahaetulla prasina,0,263,196
218858590_jpeg.rf.da03a51289d1b306b712b77e2946287c.jpg,bungarus caeruleus,2,169,170
71710155_jpeg.rf.fb822602c4d1072380eafc87fe6f4404.jpg,ophiophagus hannah,8,500,357
221129929_jpg.rf.e23cd55f0daa5b9c9dae75b912157750.jpg,psammodynastes pulverulentus,9,384,308
125696819_jpg.rf.d77b679fb171504decc5ca7a6306d52c.jpg,ptyas korros,10,278,333
102378737_jpg.rf.dc6f5f239c6e07fe92a5a38b9e64ae51.jpg,trimeresurus purpureomaculatus,13,500,332
57531842_jpeg.rf.a58ca4ea746c97a57d0084526345ce3d.jpg,bungarus caeruleus,2,500,249
167718105_jpeg.rf.ecc3205e520a025a3189fb4728df4fe6.jpg,psammodynastes pulverulentus,9,439,280
145794794_jpg.rf.03dca17bf7872c93f940e2b1478fda09.jpg,ptyas korros,10,375,127
98372333_jpeg.rf.1dd7b1a494dd6f9421d7d9d3cb881b47.jpg,ptyas mucosa,11,156,375
212014979_jpg.rf.62d2af3bac8fd19fd01fb4e017fae746.jpg,xenochrophis piscator,14,201,281
99557053_jpeg.rf.6c5ee1f3971f5ac794819b74fc1b19c6.jpg,trimeresurus albolabris,12,315,270
177531918_jpeg.rf.5ff02a0959ce5508d7aa286907c60c96.jpg,trimeresurus purpureomaculatus,13,333,384
88816785_jpg.rf.d25808a7239d560423d93c1825b4596b.jpg,amphiesma stolatum,1,186,500
61933650_jpg.rf.e6dfb3fa5ffc8b9365534d881a849b2b.jpg,ptyas mucosa,11,365,365
98372384_jpeg.rf.0d467df0c14ec6433dc205a9e5af7f9a.jpg,ptyas mucosa,11,500,265
39595345_jpg.rf.7d7421014649947b60db87fddf7cd0bf.jpg,ptyas mucosa,11,500,371
89210471_jpeg.rf.a6777ff71c64d1bb831898bad72fa432.jpg,xenochrophis piscator,14,400,461
250193133_jpeg.rf.ee3b23aabeea59ccc522af3c7bba7599.jpg,trimeresurus purpureomaculatus,13,335,401
166753851_jpg.rf.ee3b624212ee01007a19aa3f6b631578.jpg,ptyas korros,10,431,333
68029710_jpg.rf.5b89f4cfc99490de765b093921bb0357.jpg,amphiesma stolatum,1,375,236
25527446_jpeg.rf.c85a47c65506ac58a5540cfae18cd12e.jpg,ptyas mucosa,11,500,208
11819448_jpg.rf.3edbba82f1f252944061969e5bd1611f.jpg,ahaetulla prasina,0,244,262
173944604_jpg.rf.5d768299ac4831fc19b12690bc3b1b72.jpg,xenochrophis piscator,14,464,208
34633153_jpg.rf.fd9507e23a96bde631e570d14314906b.jpg,amphiesma stolatum,1,125,202
120784888_jpg.rf.49ada687971b04120a9cd0f90c7b422a.jpg,bungarus fasciatus,3,431,333
101458264_jpeg.rf.64fce24dbc3916b60c255368b99528eb.jpg,bungarus fasciatus,3,431,280
66628847_jpg.rf.9e8ee6f25ae7d4502c49a5fed8951d52.jpg,amphiesma stolatum,1,166,281
29059915_jpg.rf.8ecb277034e705b522eec6f159766754.jpg,ptyas mucosa,11,497,197
9127366_jpg.rf.c17cf3b4e093ca7bc2e5d0c9f486c606.jpg,dendrelaphis pictus,6,53,259
152471317_jpeg.rf.22cf0104ccff0b9f6520f4f16ce8fb61.jpg,psammodynastes pulverulentus,9,170,435
107481070_jpg.rf.48d1d1e0fe6f34f78549484616e9a6f4.jpg,bungarus fasciatus,3,315,340
152471269_jpeg.rf.7d2b5d098298cac478ae2636dccd02a1.jpg,psammodynastes pulverulentus,9,332,179
24747601_jpg.rf.fe296c15103a5266de92d8ab18e43d56.jpg,ptyas mucosa,11,176,152
150577013_jpeg.rf.ca3bb5ed4cd95ac4d28a919924fd21b2.jpg,ophiophagus hannah,8,500,222
68881159_jpeg.rf.2c48d656b1af7b03766c5f631b2d7af1.jpg,chrysopelea ornata,4,375,236
33940981_jpg.rf.897df598e2d7196b147d7ddceed9eb4b.jpg,chrysopelea ornata,4,447,81
99557063_jpeg.rf.e643424ddfe2442b54f5c2a9835120f9.jpg,trimeresurus albolabris,12,332,306
178038244_jpeg.rf.5965323b708155f50e241c8487d63d73.jpg,trimeresurus purpureomaculatus,13,266,191
71471664_jpg.rf.90156ea492be69e7ad318bd5f9306cfa.jpg,chrysopelea ornata,4,487,375
98100303_jpg.rf.b3e1061cb486540f47d6eed9cefd382c.jpg,dendrelaphis pictus,6,136,251
101567263_jpeg.rf.6c620fc7fe50bbea7cb95a299036ccd6.jpg,chrysopelea ornata,4,104,325
87775650_jpg.rf.26210db640ded80ccf8ff69d3788e389.jpg,bungarus fasciatus,3,500,279
AUG87971507_jpeg.rf.4a54fb268180f39045ecb7dcab21e036.jpg,daboia russelii,5,500,332
46224210_jpeg.rf.80fb6764bd98f19d3d24b0b329accf7b.jpg,dendrelaphis pictus,6,118,275
73045955_jpg.rf.ba1b60fa4ed94c951122b6a5d93a2bb5.jpg,chrysopelea ornata,4,425,151
AUG87754147_jpeg.rf.f7e3adcf7d6de0538827f0c66da65db7.jpg,daboia russelii,5,430,332
64317727_jpeg.rf.e4d81db9430d96ee4c1d5aacd26e8383.jpg,ahaetulla prasina,0,209,322
97477729_jpeg.rf.7c06611eac022e627dc0ddcff4dc80c5.jpg,ptyas mucosa,11,191,282
103414651_jpeg.rf.de2578d67ae8787a79fb825867056e1e.jpg,ophiophagus hannah,8,375,369
95181452_jpeg.rf.026b0ff6ae4b6930b99078fc1ab9f872.jpg,bungarus fasciatus,3,125,267
98372384_jpeg.rf.2ffab78483d800ae7dcf81f964baac04.jpg,ptyas mucosa,11,500,265
81539251_jpeg.rf.7358027450bfca442f2b4ab9eb7d16f3.jpg,dendrelaphis pictus,6,226,281
168931176_jpg.rf.be98336000eca30c9c753e089f4ea840.jpg,xenochrophis piscator,14,356,370
85421143_jpg.rf.08283b86bfc7e329a0ac473b37d03034.jpg,bungarus fasciatus,3,500,412
20870691_jpg.rf.cb637efb0b3d9948616b2363e322b956.jpg,ptyas mucosa,11,165,301
651258_JPG.rf.c8f2b673076b9a9c1bbbd7fa6dede602.jpg,ahaetulla prasina,0,296,325
AUG78876203_jpeg.rf.58cb943163d87f8780aec8c52e215932.jpg,bungarus caeruleus,2,157,375
21593144_jpg.rf.4662d8d326f4fe266ae2b419994f9ab4.jpg,ahaetulla prasina,0,203,485
76983766_jpeg.rf.cb92d72dbe46979b5a3bba18649e95e4.jpg,ahaetulla prasina,0,411,255
104695686_jpeg.rf.711da2a45d61619b4fd779a2a2099925.jpg,ptyas korros,10,500,212
48939557_jpg.rf.8e02eaf3ef71194573db3129e9f73a2f.jpg,trimeresurus albolabris,12,436,492
167718111_png.rf.5939c659cc20cd423e53ec7d217a91f5.jpg,psammodynastes pulverulentus,9,438,339
4187012_jpg.rf.720bbdf473f831b8b67848b331691ddf.jpg,chrysopelea ornata,4,266,237
88214630_jpeg.rf.93d5a4d79cea415e2e979bdb3c01357d.jpg,chrysopelea ornata,4,298,333
11697412_jpeg.rf.4e7392f2156aebeaff072c99d4931a60.jpg,dendrelaphis pictus,6,253,464
28817015_jpg.rf.fc91aad44505fffabfda309458d875ad.jpg,ptyas mucosa,11,375,246
92078756_jpeg.rf.00f6a2f9d13c58f58cb80ae76d0d4c60.jpg,amphiesma stolatum,1,384,240
105386839_jpeg.rf.dc83e1cb0126aa361c66fd200a04ada0.jpg,daboia russelii,5,500,329
43145292_jpg.rf.6fede964dca72e224a147317e3e74382.jpg,chrysopelea ornata,4,203,430
177531953_jpeg.rf.744be4ec5de35cd3f8eadedfd983ddb0.jpg,trimeresurus purpureomaculatus,13,300,276
100346464_jpeg.rf.b60949c38727d698a55fcfc74df603f5.jpg,ptyas mucosa,11,317,353
176247028_jpeg.rf.758ff7b3e3776dcf9486887bbebde00c.jpg,trimeresurus purpureomaculatus,13,188,130
105762047_jpeg.rf.a85657640288bd355a223670293248ce.jpg,xenochrophis piscator,14,427,124
66670947_jpg.rf.64ef803a462064bbbfb3ff4d766f4f63.jpg,trimeresurus albolabris,12,213,223
55159493_jpg.rf.a266f8ce965ee6eeb80c8e9dce26e0d1.jpg,chrysopelea ornata,4,183,235
102016375_jpg.rf.4cc7ade3bb66c81feddab9b5438edd24.jpg,chrysopelea ornata,4,500,248
173386510_jpg.rf.d1e0045c4a7a75672c88de4c9ebd5d93.jpg,ophiophagus hannah,8,409,82
45951976_jpeg.rf.6e6344e48f2a749494370c5201beadda.jpg,ahaetulla prasina,0,272,348
54206354_jpeg.rf.dcbda3dea3c21c7f87a235a9388f4746.jpg,daboia russelii,5,387,210
AUG95568180_jpeg.rf.ce8cf22c1dbe310e5435e51793a12d94.jpg,bungarus caeruleus,2,153,284
11949720_jpg.rf.a00b734ed44f9154fc429ec5f28f4716.jpg,ptyas mucosa,11,287,127
130861447_jpg.rf.87c427f04d684e4dfa9bcac9e43b1f0e.jpg,psammodynastes pulverulentus,9,375,118
9593691_jpg.rf.1c8c4ad1e326263f12bd12fa9f71aeb3.jpg,ahaetulla prasina,0,334,366
150577013_jpeg.rf.588ecd97fb8b561a9d7dbafb02e43a46.jpg,ophiophagus hannah,8,222,264
216440044_jpeg.rf.b86de4432dbe09c39ba1f818af405883.jpg,psammodynastes pulverulentus,9,348,309
18414699_jpg.rf.24fd59ddfd48c8de608f0552f254f93d.jpg,chrysopelea ornata,4,306,366
42768791_jpeg.rf.024d4dcd8588ac0e491ac536d0a09085.jpg,ahaetulla prasina,0,500,196
234611212_jpeg.rf.6edccee2872fbd7c0e9499fefcd0855d.jpg,daboia russelii,5,431,333
105038224_jpeg.rf.a3f603a59559b51650d8b9579b384a13.jpg,bungarus fasciatus,3,162,333
651293_JPG.rf.af1b5d2bf9f9184d4861618c1961a51c.jpg,ahaetulla prasina,0,136,166
AUG8815618997_jpg.rf.0dec76be4e60d10f6837b98195ea66bf.jpg,daboia russelii,5,375,191
AUG235718718_jpeg.rf.282eb8ca5c2aa8d5888720fb8a3d6649.jpg,daboia russelii,5,334,231
AUG99964103104_jpg.rf.2d921b9c440bb9f2ebced35cb8b6dc45.jpg,daboia russelii,5,270,165
107639995_jpg.rf.65c93e1d9ce150a87ab3f166c78ee2f6.jpg,amphiesma stolatum,1,305,358
23564677_jpeg.rf.3c8560e86e1c8fbfa4d22db11892a4b3.jpg,dendrelaphis pictus,6,283,375
45325818_jpg.rf.bab9bc2c7b8c060a190a9ac6ef27622a.jpg,ptyas mucosa,11,260,360
175971051_jpeg.rf.7a355f7a31c6f3b5191ad5c5c7b1a21e.jpg,daboia russelii,5,482,315
95181452_jpeg.rf.7c0612be82373bb75be360bbbaeeae96.jpg,bungarus fasciatus,3,283,125
73761484_jpg.rf.75dfce99a74c5464600de32aef6c7265.jpg,trimeresurus albolabris,12,115,375
106662401_jpg.rf.c9f95a2baa9fa90964425ee15c5f97c0.jpg,amphiesma stolatum,1,161,333
21957874_jpg.rf.d06c9b98711d3d0e7c76b3d1f1cd3ee3.jpg,trimeresurus albolabris,12,483,281
73045957_jpg.rf.b003e9493ef7c618f27dbeae06dd88ed.jpg,chrysopelea ornata,4,166,249
AUG235854514_jpeg.rf.74efeec44b51d1220508961a0ff445e0.jpg,daboia russelii,5,375,500
11497260_jpg.rf.ee3e34231462c88b11252df6b662ca4d.jpg,ahaetulla prasina,0,238,297
177328701_jpeg.rf.deeec723504dd835c883cbf188b8ad0b.jpg,ophiophagus hannah,8,282,217
AUG90725608_jpeg.rf.55b30a38b81916456bf97938d883312f.jpg,naja naja,7,281,356
61176282_jpeg.rf.8d614afdd68e6064429d97fb695852d9.jpg,amphiesma stolatum,1,477,257
83517213_jpeg.rf.f627e28046afe6b6888827084be836e0.jpg,ptyas mucosa,11,141,453
212015002_jpg.rf.8185d0027be1284ac2c4a50f34fb3e7b.jpg,xenochrophis piscator,14,114,185
99194234_jpeg.rf.556c2e95ef6aa731a4008b8bb7d40735.jpg,amphiesma stolatum,1,397,250
148531486_jpeg.rf.ee065d0871cfdca20fcf4ad4c404bb5f.jpg,naja naja,7,246,278
AUG78876203_jpeg.rf.ee46ac874d79d347a2c10b36ae31d591.jpg,bungarus caeruleus,2,157,375
74048830_jpg.rf.db304ebaa3f1aa2a8192e8ffdd0db2ca.jpg,amphiesma stolatum,1,81,204
58098602_jpg.rf.f26497be7136dfcfd996951085869001.jpg,bungarus caeruleus,2,350,261
16969687_jpg.rf.eea9b21cdf44c5b070f135cc7b13a993.jpg,amphiesma stolatum,1,500,290
99441807_jpeg.rf.4999c230260694679ffd21cdd7a3f898.jpg,amphiesma stolatum,1,500,261
181538896_jpg.rf.2ca9b41586f6467cdd74624c54ea59b8.jpg,xenochrophis piscator,14,131,460
AUG154534224_jpeg.rf.c6aec6d31472219784957b4f6a0384a6.jpg,naja naja,7,373,409
132279456_jpg.rf.08a70ec22d0a2bcac0db523c86b3d3a8.jpg,trimeresurus albolabris,12,156,161
43145292_jpg.rf.5e5cb1d0518a8af6c48962ea18023773.jpg,chrysopelea ornata,4,203,430
32003950_jpeg.rf.5edba5c8cbfe6a7466758fc2c80e0d02.jpg,trimeresurus albolabris,12,312,289
165505018_jpg.rf.425de0210a45dcb19bd5e12313b74981.jpg,ophiophagus hannah,8,400,317
27521299_jpeg.rf.ee26121d0afa94819cef841a230b6978.jpg,dendrelaphis pictus,6,368,375
32814798_jpeg.rf.ec87a94c3913b49d2843ffa10348e9e2.jpg,ahaetulla prasina,0,225,153
85432748_jpeg.rf.96d207e7d777304ff9aa0ca8b17809ea.jpg,amphiesma stolatum,1,493,375
74048830_jpg.rf.624731127dfd03f2c6ddd4493c581f7c.jpg,amphiesma stolatum,1,204,81
12267859_jpeg.rf.7c3ea773c24959642c6b1031251a439a.jpg,ahaetulla prasina,0,477,342
107330224_jpeg.rf.be3d1e8cc6e1e1b6ba55d2dc5e595dcc.jpg,naja naja,7,375,488
173694286_jpg.rf.60ef635277c59f04dfa58531d2bf4a34.jpg,ptyas korros,10,316,500
200408205_jpg.rf.47e65e4b361fdb390af7b3433363f667.jpg,xenochrophis piscator,14,499,299
95836841_jpeg.rf.f046e1f45079409bf2cde0537c0f4e94.jpg,trimeresurus purpureomaculatus,13,281,318
33477554_jpg.rf.8f0852759aae90b4b67342b98061f7ea.jpg,chrysopelea ornata,4,445,153
32269410_jpg.rf.604347789d0dbd671941314e0d5c4996.jpg,dendrelaphis pictus,6,235,296
98757106_jpeg.rf.3e84c83273223b9cc6f8d7613b38bfb6.jpg,ophiophagus hannah,8,443,375
27532933_jpg.rf.359876e86106b5385cc9b27203ee7e6a.jpg,chrysopelea ornata,4,152,83
96760707_jpeg.rf.c7269c254b93b8ce6169bfb9dff8f82a.jpg,trimeresurus albolabris,12,500,92
173944710_jpg.rf.59ab9c6cec07e431e2a8537d7adc89ab.jpg,xenochrophis piscator,14,410,251
22573146_jpg.rf.4b5d2969da5cfda3313638dfd4485387.jpg,trimeresurus albolabris,12,318,375
181538882_jpg.rf.1e47e34bf599885a369e230e96ffb872.jpg,xenochrophis piscator,14,278,139
AUG8815620499_jpg.rf.0f50cd02ebdcb1d5463a87c8675c750f.jpg,daboia russelii,5,257,330
51495644_jpg.rf.08dc37ccff162fbb3331596f3e5f1903.jpg,daboia russelii,5,498,247
227073946_jpg.rf.33dd0ac18ed4e052cbe88d4308093e68.jpg,trimeresurus purpureomaculatus,13,116,119
216121365_jpeg.rf.f32933f55a348e7a19fd1018b93add9b.jpg,psammodynastes pulverulentus,9,222,361
16761726_jpg.rf.2db2bc559e6e8ff00f5c85ea610be76b.jpg,ptyas mucosa,11,221,232
177531953_jpeg.rf.954d4c518c2452dbb15c8ceea56781d9.jpg,trimeresurus purpureomaculatus,13,300,276
105551982_jpeg.rf.934d8ff24ce77210cab00ab8f877b8ef.jpg,bungarus fasciatus,3,281,348
219066375_jpg.rf.10919891032c134b330d9147ea685b62.jpg,daboia russelii,5,192,97
99383039_jpeg.rf.b62915a7c6b109d5be36b2c05ce26b7a.jpg,dendrelaphis pictus,6,451,275
250189726_jpeg.rf.b2685b9e1c6c26aee1fdcab02557525c.jpg,trimeresurus purpureomaculatus,13,483,253
31886882_jpg.rf.ff3f2dcbcac30866ce98af4bfeebecd0.jpg,ptyas mucosa,11,500,250
231149151_jpeg.rf.7a8fd04207becbc238944a615590ad82.jpg,bungarus caeruleus,2,225,278
219845952_jpeg.rf.3ebc4e1382d52402744108764fa88ae3.jpg,psammodynastes pulverulentus,9,290,208
105326076_jpg.rf.8f23f0b0bd2445ceb17fefb94e1d9407.jpg,ptyas mucosa,11,101,500
45725995_jpg.rf.f295555b31ef703b44aef365dfa71734.jpg,chrysopelea ornata,4,359,292
59935660_jpeg.rf.81da869703696d969980bf34051c26ab.jpg,xenochrophis piscator,14,500,152
91286620_jpeg.rf.3b5b704f3d64f29805eba156b132d3d4.jpg,bungarus fasciatus,3,487,375
66628882_jpg.rf.f660e8ef79eeef09de12d69185ddfc2c.jpg,amphiesma stolatum,1,281,166
147434077_jpeg.rf.3fb7823773d95d35894bddbf7bea7c58.jpg,amphiesma stolatum,1,402,375
214318084_jpg.rf.c1792ad5852924acf0ba92d6e24dad76.jpg,ophiophagus hannah,8,227,307
147189670_jpeg.rf.89d45171ca0fa0670b175f65fadaf81f.jpg,ptyas korros,10,375,249
32084334_jpg.rf.a859ee1387a6eab383ec7216a58da392.jpg,ahaetulla prasina,0,288,377
98372354_jpeg.rf.e6d9feaee578ce17f217e45234edc78b.jpg,ptyas mucosa,11,500,236
148531486_jpeg.rf.7d47787887809313114eecd446b0d23b.jpg,naja naja,7,246,278
94328870_jpeg.rf.bb5383a5b4549d96e712b181c260ad3d.jpg,bungarus fasciatus,3,358,331
72696078_jpg.rf.cb370ddb272b7e1a1b39daac2264eb75.jpg,ptyas korros,10,326,500
47415196_jpeg.rf.833ba554c7ba1a88e5c7912bd66e0c77.jpg,daboia russelii,5,427,229
101851878_jpeg.rf.d5826d9a3e993b4af907c25f07469f2d.jpg,ophiophagus hannah,8,500,358
57263746_jpeg.rf.92ea6534908f5aa80dcbd8949d8f10fd.jpg,dendrelaphis pictus,6,410,143
145796417_jpg.rf.d4591fa4b797db936502afd7c6abf48a.jpg,trimeresurus purpureomaculatus,13,339,281
80818505_jpg.rf.177954c7705d0d0096e7f0d7c628c0bd.jpg,chrysopelea ornata,4,212,500
91194555_jpeg.rf.526f36daf136bb3fb8b4d6071ddf2c5c.jpg,dendrelaphis pictus,6,288,241
AUG107253497_jpeg.rf.e3b3c4a5a612957814688ba8e9e7155d.jpg,naja naja,7,203,500
233761657_jpeg.rf.e86a52b4e68e4881fb17711766157fe5.jpg,bungarus caeruleus,2,500,96
88214639_jpeg.rf.dfa082fc3387539654b4e2b67aa2e7d8.jpg,chrysopelea ornata,4,431,309
121968697_jpeg.rf.f837ca413925eea9591a685ab9b85050.jpg,amphiesma stolatum,1,375,169
132279520_jpg.rf.2593a62b3442b22dfb5072468d1bfdf3.jpg,trimeresurus albolabris,12,253,150
155408657_jpeg.rf.72a407c9c7f7c5dafc03af5a4206aa57.jpg,xenochrophis piscator,14,375,444
54423877_jpg.rf.4f9dbee45ac73439b35bc357acc80fb3.jpg,ahaetulla prasina,0,152,333
68181633_jpg.rf.72fdee1959334fa0284b89177a7d569e.jpg,ptyas mucosa,11,203,480
160645753_jpg.rf.a6f960e08bc637c690cb95dec510a001.jpg,ophiophagus hannah,8,337,500
27935281_jpeg.rf.d539fbef4f60c041017df59dae08dbcc.jpg,ptyas mucosa,11,220,274
155408657_jpeg.rf.23f8360526a8a02ba317bdabc0526654.jpg,xenochrophis piscator,14,375,500
180235288_jpeg.rf.06e7560bdcae6fc99fdf6e82640cf2ce.jpg,amphiesma stolatum,1,130,276
160489010_jpeg.rf.2caabcabeed8e595f41222a56eab7184.jpg,bungarus caeruleus,2,342,305
45725995_jpg.rf.a67e4c9b4604caae5cf29567e476b9ef.jpg,chrysopelea ornata,4,292,324
AUG8672792585_jpg.rf.462e91ec4eedd7d6f27b58d671d48f32.jpg,daboia russelii,5,474,261
206989671_jpeg.rf.c7eecabf2eb458f32a30014839b315cd.jpg,psammodynastes pulverulentus,9,113,494
11391063_jpg.rf.9434b6acc2f8c41cf0519b58c9b47638.jpg,dendrelaphis pictus,6,198,214
173944604_jpg.rf.94e14c8f62cd2015db8d25dd83bf49d8.jpg,xenochrophis piscator,14,208,333
219287947_jpeg.rf.bc235c8a177cc2b86041eaffa168fde5.jpg,psammodynastes pulverulentus,9,390,265
96132203_jpeg.rf.2ed970a85779009d9d65758ad7a1e1bd.jpg,bungarus fasciatus,3,305,376
160687429_jpg.rf.458300efab833822d152991e5f43980a.jpg,daboia russelii,5,432,365
94328891_jpeg.rf.f0cecbeaa9eee3b208e544f8519b25aa.jpg,bungarus fasciatus,3,179,375
29672254_jpeg.rf.601374669949bebd6cf9fed197225821.jpg,ahaetulla prasina,0,357,396
84100559_jpeg.rf.a14ff42f039362c1287700268e81acad.jpg,ahaetulla prasina,0,500,278
238438630_jpeg.rf.4079764cae3f31c58d8521c15971864a.jpg,daboia russelii,5,275,365
16177471_jpg.rf.8fff3ad3487f3beb53cbdfd4a36b5312.jpg,chrysopelea ornata,4,390,270
106785557_jpg.rf.a6e4d0fb35e857e6d2ea53acbec416bd.jpg,xenochrophis piscator,14,209,243
61043553_jpeg.rf.1db119c55c8c43586c927d3c936363f8.jpg,dendrelaphis pictus,6,333,202
32002457_jpeg.rf.8464607bc735d5f993b660ced2c426a4.jpg,trimeresurus albolabris,12,377,325
163408837_jpeg.rf.8cc523fa698d0961f37a1135d532ce3f.jpg,naja naja,7,257,282
106170312_jpeg.rf.dcdaef7d6fc1686d82d24d237a32c58b.jpg,ptyas mucosa,11,273,116
116044757_jpeg.rf.354718305e03b89b5543297d90ed1584.jpg,bungarus fasciatus,3,186,329
156661785_jpg.rf.9e524e78dd3b25cc2b29530c1837748c.jpg,ophiophagus hannah,8,214,82
157730067_jpeg.rf.5f656ba0dde354113e3fe204ad11698c.jpg,trimeresurus purpureomaculatus,13,378,269
135405894_jpeg.rf.3d63d3270aaacac632735c6bdf65bfcc.jpg,trimeresurus albolabris,12,123,165
96404930_jpeg.rf.d34daf9f1a1a854ed3bcac2fd24bfe0e.jpg,xenochrophis piscator,14,52,118
113535444_jpeg.rf.f31201cd515f0c0f27ad12d690251530.jpg,dendrelaphis pictus,6,256,333
35825156_jpg.rf.a9d9468027108017bd1872a0030de363.jpg,amphiesma stolatum,1,253,473
115851887_jpeg.rf.838d8805f3998804ad34319e8bf1e1e2.jpg,psammodynastes pulverulentus,9,472,290
141094399_jpeg.rf.ef400e3766d9687505b0b1aa3aae3fc8.jpg,ptyas korros,10,500,176
162056358_jpeg.rf.5d760664b91ae26bc363a72f808fd7de.jpg,psammodynastes pulverulentus,9,288,364
128856632_jpeg.rf.2d3428432b9ff95cdf00dd7865724bb7.jpg,psammodynastes pulverulentus,9,500,200
32002456_jpeg.rf.6c15146d0a0ef0813aeb6359417158e8.jpg,trimeresurus albolabris,12,456,355
101567263_jpeg.rf.c1863ca7c2b244970648a452df1a60f2.jpg,chrysopelea ornata,4,497,101
116497661_jpg.rf.d3057250148d17f4be707c81a1cc34e0.jpg,ptyas korros,10,500,148
217391213_jpg.rf.c2489e458ef7192b30f8d6703871f637.jpg,psammodynastes pulverulentus,9,264,260
104125436_jpg.rf.f4aa0cb9a79e10500869f2c8e6986000.jpg,xenochrophis piscator,14,333,178
33940979_jpg.rf.728d3c6b33e10b3ef4cdbfcbb33912a6.jpg,chrysopelea ornata,4,118,131
169599264_jpeg.rf.7cd7b2923e93c5c9eebc1eb77f94bf46.jpg,ptyas korros,10,500,266
57159665_jpeg.rf.ad28e69d180d863c638069bc2e11809c.jpg,dendrelaphis pictus,6,63,145
109804897_jpg.rf.09b6f182ea965cef343ecca23036a87a.jpg,bungarus fasciatus,3,178,400
175971446_jpeg.rf.ac3b3233f130907d1d28bd1d6caaec33.jpg,daboia russelii,5,289,333
86904109_jpeg.rf.4344d236848ee54ffbbdb52bbcfad59d.jpg,amphiesma stolatum,1,500,303
96132203_jpeg.rf.de7ca5e783184b29e7eb13ef42b40b7a.jpg,bungarus fasciatus,3,333,305
91394870_jpg.rf.648ea560c27f24d8364e433c03999456.jpg,naja naja,7,443,354
169465378_jpeg.rf.f142cbfd0a021d4a22022aeeff891a8c.jpg,naja naja,7,195,328
102866287_jpg.rf.fe169891b55763a8216b9a896be21448.jpg,dendrelaphis pictus,6,381,208
167857688_jpg.rf.0602b36020528281bc4b253769e7a414.jpg,ptyas korros,10,223,308
AUG243458031_jpeg.rf.5016630f4e51a4aa32561c122d85495c.jpg,daboia russelii,5,471,208
119466874_jpg.rf.4cc75c6fffa32a85fd299adb10e03ff0.jpg,psammodynastes pulverulentus,9,448,444
33940981_jpg.rf.0a0c4b6a88f4fc329f7f133156e2171c.jpg,chrysopelea ornata,4,81,375
53041596_jpg.rf.44a355894853681c17cc8a0f4267e01c.jpg,ahaetulla prasina,0,239,375
216123111_jpeg.rf.6280d55a76ccd7ae436b1207cf25b74b.jpg,psammodynastes pulverulentus,9,375,185
11819448_jpg.rf.4342092783e70a615da9e092148bb53a.jpg,ahaetulla prasina,0,244,262
39860493_jpg.rf.2d0ed8ba50499b47f1230ff44aee204d.jpg,chrysopelea ornata,4,142,357
12403843_jpeg.rf.15b5b37d7ea04c0413be138b6811259d.jpg,ahaetulla prasina,0,375,341
AUG8873483496_jpg.rf.3a80a745127198da781381372c496a74.jpg,bungarus caeruleus,2,493,287
92261996_jpeg.rf.77229d713f1e741ca9c4883e9f114a43.jpg,dendrelaphis pictus,6,434,435
54206376_jpeg.rf.795ff3576c820ada57ecde62b788716d.jpg,daboia russelii,5,280,144
24574021_jpeg.rf.61be546d64c17969f274245a44d26e34.jpg,dendrelaphis pictus,6,222,332
22290518_jpeg.rf.bb68ce50fd7eef077e3472e2b583454d.jpg,bungarus caeruleus,2,375,500
87861687_jpg.rf.6a5a738d2f71b9d0c9ac50e175625326.jpg,chrysopelea ornata,4,377,360
107288826_jpeg.rf.226d528cdafabe21706ab0c9f98af795.jpg,naja naja,7,263,500
97264478_jpg.rf.b714f27d16a4d0d1226e23be721d0ed3.jpg,chrysopelea ornata,4,363,196
33477554_jpg.rf.81f8c4d4629b1217a0d53c52b41bde73.jpg,chrysopelea ornata,4,153,370
96404981_jpeg.rf.69264fa058fda91e7854e01e3b7532c3.jpg,xenochrophis piscator,14,349,113
170712909_jpg.rf.032c27f315924d4ed7f1712bb0ef5df7.jpg,ophiophagus hannah,8,366,305
43786029_jpeg.rf.522ab87d68867af6d9464ee8b470ccc2.jpg,trimeresurus albolabris,12,338,311
103433704_jpeg.rf.d82c2446cb6ea05ed7f853c21b116f8f.jpg,bungarus fasciatus,3,389,114
AUG138538990_jpeg.rf.82e732d6dda31f8fc7fd5bda5a420c47.jpg,naja naja,7,382,339
71050003_jpeg.rf.edeed73eb0c89585b53baacf61548e3a.jpg,trimeresurus albolabris,12,375,357
100681893_jpg.rf.5d7af1118e09dbef655900b6dbc99d95.jpg,amphiesma stolatum,1,355,500
92290664_jpeg.rf.9f7e2ee4022220c7e3aeec660eddb870.jpg,trimeresurus purpureomaculatus,13,444,356
AUG85104258_jpeg.rf.db0f63e38a2ac5293bc2a378614d0ec9.jpg,bungarus caeruleus,2,149,500
212365792_jpeg.rf.3100136bc6b3a314be465663ece73604.jpg,ophiophagus hannah,8,500,198
56365586_jpeg.rf.c7d3914bece95f8358e469a22ba1ebf2.jpg,bungarus caeruleus,2,461,355
102012127_jpeg.rf.895ad24f19c121a69f37abdaa92527e0.jpg,ophiophagus hannah,8,419,333
239503078_jpeg.rf.7ff5180d33533a9ee83e09954b8b43b0.jpg,trimeresurus purpureomaculatus,13,353,346
99441911_jpeg.rf.6d1655b3d0f58219ae84234b3e2e338d.jpg,amphiesma stolatum,1,281,265
88156239_jpg.rf.a08eb7177d818d5d9f6b551acda94ee4.jpg,daboia russelii,5,500,216
34029299_jpg.rf.d5f27af1106d2f0718bede8163efa5cf.jpg,daboia russelii,5,221,307
156260488_jpeg.rf.9173341852c5393d550ac8a81a20ca66.jpg,psammodynastes pulverulentus,9,330,266
52651028_jpeg.rf.43e162f5643b9f7ecbbed77379eab3aa.jpg,ahaetulla prasina,0,178,332
237137468_jpeg.rf.4a7f6b8ab0e5686e38c10cdf827873cf.jpg,xenochrophis piscator,14,116,104
185020512_jpeg.rf.691231d987a3c5f7ae38a85036b038a6.jpg,amphiesma stolatum,1,174,500
95677227_jpeg.rf.0a03e511a67d696aeeadf947d2465471.jpg,trimeresurus albolabris,12,166,220
173694301_jpg.rf.ec7d22e869318eaf09ecb4e599a78ccc.jpg,ptyas korros,10,326,104
7611773_jpg.rf.5d743cbfacd4e808e2dca9d4f8457421.jpg,dendrelaphis pictus,6,260,409
150669768_jpg.rf.70ec312e56c572ce8b386b6964a07683.jpg,psammodynastes pulverulentus,9,179,369
86167129_jpg.rf.57a739c36f91a9583e9ec39626dec4ef.jpg,trimeresurus albolabris,12,463,268
45982217_jpg.rf.4471a00aa1981a1dd20ea07468da3616.jpg,trimeresurus albolabris,12,143,363
86906408_jpg.rf.40de5e223dfb15100d00fd56245d80fa.jpg,amphiesma stolatum,1,333,168
41982490_jpg.rf.e10ab6059f4661e21bf815510512c0c1.jpg,bungarus fasciatus,3,243,251
46364605_jpeg.rf.5476a87f3d3bc3e03251cf96c0353775.jpg,dendrelaphis pictus,6,333,281
47319817_jpeg.rf.97391dca3cb73832ad902f375a1806a7.jpg,chrysopelea ornata,4,183,375
88516048_jpg.rf.3b866922731adfcb67d59a3c08456575.jpg,chrysopelea ornata,4,500,226
47420007_jpeg.rf.9fda90401f5fe90f94ce65ed9b74a4ac.jpg,dendrelaphis pictus,6,126,333
94328805_jpeg.rf.ece05b9bae48ee2edfad7c7660e1cf20.jpg,bungarus fasciatus,3,500,201
12237388_jpg.rf.c7ea2f82da39316af694f8c95d3a7656.jpg,chrysopelea ornata,4,96,500
209581692_jpeg.rf.7cce000c0feb5bf72e75ba1a59be13f4.jpg,xenochrophis piscator,14,328,279
126959007_jpeg.rf.638b03c346856cd3b4a15de9a8806754.jpg,bungarus fasciatus,3,430,211
90725608_jpeg.rf.58e2da32bac96b68115ac7fbfae5e79e.jpg,naja naja,7,281,344
58266029_jpg.rf.9283b58888366f4f629b60b85c160c77.jpg,dendrelaphis pictus,6,481,97
AUG160463793_jpeg.rf.5a6f4f905adccd6637315d19c4d86a34.jpg,naja naja,7,353,221
63450327_jpeg.rf.3fe02706bf6ed1fea83c6494b54883bd.jpg,chrysopelea ornata,4,441,274
178951848_jpeg.rf.945dadc945701d6c22bb375a913bd9ce.jpg,xenochrophis piscator,14,322,376
144061679_jpg.rf.36730b9920f4b4bdb20717b62d37ff1c.jpg,naja naja,7,128,113
25525577_jpeg.rf.934e392a256f4d4b0fc02ffcf8b0e0a3.jpg,ptyas mucosa,11,356,375
146305580_jpg.rf.02070688da91b67671fe2fb387f5533c.jpg,xenochrophis piscator,14,299,359
38837613_jpeg.rf.a741733c2789a8a10ff836dd85c2dad2.jpg,bungarus caeruleus,2,254,457
7443356_jpg.rf.8d1af4c1467d51625eb453db20cf787e.jpg,ahaetulla prasina,0,356,456
71710143_jpeg.rf.06f78ab822466c2444ad9dc38f5d0072.jpg,ophiophagus hannah,8,375,443
117460407_jpeg.rf.03f3482f102147847a3bf354a25a483d.jpg,ptyas korros,10,209,319
201467943_jpg.rf.5962e595bc26bf003d96338e99f2f225.jpg,trimeresurus purpureomaculatus,13,166,226
115611706_jpg.rf.8f56f6225f6426ee522a257eeea886f5.jpg,psammodynastes pulverulentus,9,305,457
119466874_jpg.rf.90004a07a2ce244b5378ffd034238976.jpg,psammodynastes pulverulentus,9,469,430
106762016_jpg.rf.256497d98445b39712d2f9cc38f1844c.jpg,amphiesma stolatum,1,83,333
133939499_jpeg.rf.e6f62464f12d94560badadf5d2b2ef4c.jpg,psammodynastes pulverulentus,9,213,425
AUG162027197_jpeg.rf.8db5d2a4f58bea63affc6ad90870609f.jpg,bungarus caeruleus,2,442,165
145796391_jpg.rf.1d8a5e03f13ac6f2d32540a9c8699634.jpg,trimeresurus purpureomaculatus,13,295,375
32003896_jpeg.rf.84728fee7ed088b914445c42a2e417d7.jpg,trimeresurus albolabris,12,273,334
19916840_jpeg.rf.b89ebdc9e5ee757861bb2f40f6b6d0e4.jpg,bungarus fasciatus,3,419,75
90460318_jpg.rf.a7b6da74015e0cfb4de65950de935a99.jpg,xenochrophis piscator,14,202,72
86025385_jpeg.rf.fc3aa2c0a9ca4bc8bfc9ce1987b2ca63.jpg,naja naja,7,228,187
96404981_jpeg.rf.030911f1d7b81de4dd478b05a17bb451.jpg,xenochrophis piscator,14,113,349
AUG8815619798_jpg.rf.89633063ff759e45b009e3536d6ea258.jpg,daboia russelii,5,291,500
221392440_jpeg.rf.a23cf4ab358f83b29fba822af085e70f.jpg,xenochrophis piscator,14,362,130
57693449_jpg.rf.36cd48e9448c9df35b16c45c641eb6e5.jpg,ahaetulla prasina,0,281,89
45821620_jpeg.rf.ed70ac401a308722706c7d3e061880a5.jpg,amphiesma stolatum,1,346,333
123562752_jpeg.rf.4d9b7dd699659500c08c98f392e871a1.jpg,ophiophagus hannah,8,205,500
178666_jpg.rf.a271f1a3dab16456ceb6a972d915aa94.jpg,bungarus fasciatus,3,333,431
19916849_jpeg.rf.457ec9954de62f2d768be1a7274a7449.jpg,bungarus fasciatus,3,117,375
107498144_jpg.rf.10f6a1968e790ea6c09eddfeb864430c.jpg,amphiesma stolatum,1,419,500
123755881_jpeg.rf.ff0ab15ec980a83da1f17636566e02d1.jpg,naja naja,7,247,320
234611273_jpeg.rf.111e3b567e083e05614d0332af5145e4.jpg,daboia russelii,5,500,210
162056358_jpeg.rf.ccf1abd0a5ebe0d22ab833a0d0a849e3.jpg,psammodynastes pulverulentus,9,500,288
102016332_jpg.rf.e8409dbfb858883f3d7ee7a2b4210922.jpg,chrysopelea ornata,4,500,500
139695872_jpg.rf.b3b1059ea5ba951d138aa30701d5feb3.jpg,ptyas korros,10,293,161
167252123_jpeg.rf.a429160a5c3ed31dba2946157ac1f6b5.jpg,ptyas korros,10,500,308
120167790_jpg.rf.1ae3da6f09bf078ec3ce03b3ad1cce59.jpg,trimeresurus albolabris,12,500,150
45821413_jpeg.rf.db506aac4b70c23efd32b666ae7749a7.jpg,amphiesma stolatum,1,418,333
155902585_jpeg.rf.57f30e2496fac09552c20ffc263620f4.jpg,ophiophagus hannah,8,379,281
185048071_jpg.rf.0b74084fab205669f28704550f22f9da.jpg,trimeresurus purpureomaculatus,13,294,141
127169968_jpeg.rf.c282e7648df23f0cc687ff8e1dd2f089.jpg,amphiesma stolatum,1,418,261
211345091_jpeg.rf.797d920a07c0ce74d520d3046365decf.jpg,trimeresurus purpureomaculatus,13,185,456
237137486_jpeg.rf.71de7820ea12060e806d1295dd3db4bd.jpg,xenochrophis piscator,14,72,100
27427301_jpg.rf.0fcd2564718c0fc7ab7d2a4b4b007ee9.jpg,naja naja,7,365,500
49561054_jpg.rf.b89c5c20ba6e614460ce21b004eb04a0.jpg,ptyas mucosa,11,379,317
103414658_jpeg.rf.53844f729e908d547f61240fc07a6c06.jpg,ophiophagus hannah,8,364,382
99194234_jpeg.rf.4cf6ee9116b5a2a503c53aebb8ba6164.jpg,amphiesma stolatum,1,282,272
89069623_jpg.rf.3a5955007a978132cda230bb5c03400f.jpg,ptyas korros,10,221,230
95923178_jpg.rf.712ab2320f9b70c8eb467bfa30d806a4.jpg,xenochrophis piscator,14,150,117
99567060_jpeg.rf.aa041f4d665c8958ceb1d675edbaf467.jpg,ptyas mucosa,11,170,230
AUG169465365_jpeg.rf.4d4428e39326f5efd802d3de82db3f48.jpg,naja naja,7,347,143
138315966_jpg.rf.ee1a722f9226b1237df14425c1ee5b12.jpg,bungarus fasciatus,3,240,333
148006386_jpg.rf.b26fe43ea4adafd43b7464719c96c685.jpg,psammodynastes pulverulentus,9,335,293
95180939_jpeg.rf.48b1097df629ca1a23d52b7ceed44c18.jpg,bungarus fasciatus,3,350,492
89988711_jpg.rf.650d0bdebff69e29db00dfdd6b405e2f.jpg,ptyas korros,10,373,333
99296410_jpg.rf.1ba0385233239454172a7f4dd07f064e.jpg,ophiophagus hannah,8,263,225
96573264_jpeg.rf.519858d1b4f7095d55b06cbe54a8ef1c.jpg,chrysopelea ornata,4,219,474
154969307_jpeg.rf.e42754877acd66e4b5f44d27e0bb8a0e.jpg,xenochrophis piscator,14,115,279
24178286_jpg.rf.1bd0bb553a99bf33f15fae6c5f716be1.jpg,ahaetulla prasina,0,500,271
235965242_jpg.rf.08fd7b7dc72e8db689eecc241b522276.jpg,xenochrophis piscator,14,434,331
AUG166398949_jpeg.rf.2827113ae8c573323fd3e31832840074.jpg,daboia russelii,5,490,335
40413143_jpeg.rf.274a2285efcb11dbc92f04df07ba5759.jpg,chrysopelea ornata,4,62,167
173694311_jpg.rf.832f5be7cb8e1bc82fb83b657432977b.jpg,ptyas korros,10,226,500
55747543_jpeg.rf.d1f369ff5714b12c4f1cc5de747d5fb6.jpg,ahaetulla prasina,0,178,340
AUG170437773_jpeg.rf.c3ba3fa56fd084cc528c67c61125de15.jpg,bungarus caeruleus,2,409,317
19740312_jpeg.rf.c07c5753bd3a1506c4b8e5b6cd59231e.jpg,daboia russelii,5,170,353
216373456_jpg.rf.412a3da3695608bce5055c7006c24186.jpg,psammodynastes pulverulentus,9,500,324
115059959_jpeg.rf.afa852b1c23e268e03833a3fc70f2d2b.jpg,trimeresurus purpureomaculatus,13,410,365
AUG186382728_jpeg.rf.86d8ec797d8f96f01e4a2733b89102d3.jpg,bungarus caeruleus,2,375,281
101702767_jpeg.rf.0f62d4f1e93d6751c19c329979984318.jpg,amphiesma stolatum,1,453,280
104814167_jpeg.rf.c7120f717a45212835648f7f53fe4249.jpg,ophiophagus hannah,8,431,346
102019768_jpg.rf.c9f8bd1794c6839e282c5210ca7f5b66.jpg,amphiesma stolatum,1,211,228
103433692_jpeg.rf.854d3e3c58ebaa9c74a9d3c3cd087f5d.jpg,bungarus fasciatus,3,500,375
105713545_jpeg.rf.9627c820437a4220a03c661422d9ed29.jpg,trimeresurus albolabris,12,324,127
105762047_jpeg.rf.2ad9eff29a778cd51f7e7e74a0e7afd9.jpg,xenochrophis piscator,14,428,123
168615028_jpg.rf.60436ca8e16a0cbb7f633fd5f5f9985a.jpg,ophiophagus hannah,8,273,149
AUG5916829179_jpg.rf.48a50acaf66d07f67d00a9f18597278c.jpg,daboia russelii,5,500,141
154705165_jpeg.rf.be2e10d4547b9ccb541dd7fe0fb4e32e.jpg,trimeresurus purpureomaculatus,13,203,234
36660029_jpg.rf.6f71cb93f3c6c66d85caaa0b2b279424.jpg,trimeresurus albolabris,12,500,400
85104258_jpeg.rf.47345b25e77107f29114fbef6d3decc1.jpg,bungarus caeruleus,2,135,500
AUG146780820_jpeg.rf.abfc76b68e45cfb043398f6c981ee4ab.jpg,bungarus caeruleus,2,333,110
97364331_jpg.rf.d5a56782b66dda65f445a8ade230ef7f.jpg,chrysopelea ornata,4,478,204
160947707_jpeg.rf.b6b2fb43b428d6394e6ccbf879af95db.jpg,ophiophagus hannah,8,500,340
91286656_jpeg.rf.034c67df44769c1b6b5624bb2ef6dc28.jpg,bungarus fasciatus,3,500,125
AUG8805256896_jpg.rf.7cc39845c4fa5c37b0a451dd077305af.jpg,daboia russelii,5,327,171
169465365_jpeg.rf.e5fc2da60f65399c68a890ac53bffc21.jpg,naja naja,7,340,179
17398839_jpg.rf.a8436f257c84bd901e8185fff5493ea6.jpg,bungarus fasciatus,3,375,253
88329934_jpeg.rf.d0f139e813df2930fbcd017331677bd9.jpg,ptyas mucosa,11,65,256
248976272_jpg.rf.7c173e0f17fc0f11f3cebf69745efc09.jpg,xenochrophis piscator,14,500,333
23564661_jpeg.rf.b366ef927bea40d1be9234c0bb1694eb.jpg,dendrelaphis pictus,6,143,309
1969219_JPG.rf.a08e3a6638e08aa6eeb035b97708a602.jpg,ahaetulla prasina,0,404,333
32004963_jpeg.rf.d95aef01108316ff1d511822fad1c222.jpg,trimeresurus albolabris,12,463,265
122518070_jpeg.rf.2eaa9d1404967480a80ce2a49f74b977.jpg,naja naja,7,349,453
7471970_jpg.rf.45ed19906a2787ccbec94fa6fc7700db.jpg,ahaetulla prasina,0,440,281
153066922_jpeg.rf.efc2e3d6afc308808caf9cfa30c2e327.jpg,ptyas korros,10,478,127
239022695_jpeg.rf.52a8c56e1ecc31220cfbe9a666bf7efd.jpg,bungarus caeruleus,2,252,375
113471477_jpeg.rf.2c207f878a3617ca5183325483cb4ac5.jpg,bungarus fasciatus,3,500,286
71597949_jpeg.rf.3fa75f1ea3acc14110a68be024e4afe4.jpg,ptyas korros,10,185,488
9127329_jpg.rf.a43eac0a5f35689eaf9eb129f4c354f1.jpg,dendrelaphis pictus,6,212,463
237539207_jpg.rf.5699e1914d748b80dda8cb8c696ed22a.jpg,daboia russelii,5,397,184
219633574_jpeg.rf.e3e2eccd4192e6b0a40681592e2eb77f.jpg,psammodynastes pulverulentus,9,284,116
28391497_jpeg.rf.a96a04801d503d499875a3ce96694715.jpg,ptyas mucosa,11,225,297
52400914_jpeg.rf.a6fbb6ea37ed08eafb2529a3f3de2b04.jpg,ahaetulla prasina,0,500,278
185500775_jpeg.rf.4d92d084ba1dfe10054bfa61049bc33c.jpg,ptyas korros,10,319,158
85952090_jpg.rf.d3af6375d3b4cc0d4a1a1e8350d209d7.jpg,dendrelaphis pictus,6,72,375
176460901_jpg.rf.4fb5041b8b1074d4101e704646efa44b.jpg,psammodynastes pulverulentus,9,160,500
74923030_jpeg.rf.16a1962f7829abbb02be5012d85cf172.jpg,amphiesma stolatum,1,463,255
114702699_jpeg.rf.a08b57fc5b26a73b801124a7b0451200.jpg,trimeresurus albolabris,12,145,209
107480890_jpg.rf.ca1af33c63e18a3737d59746444d49d4.jpg,bungarus fasciatus,3,389,200
27935284_jpeg.rf.5354212128a8600c81ec2827deab5f3c.jpg,ptyas mucosa,11,256,171
11391061_jpg.rf.27fd7583afd2694b25af2f75c6a78ec0.jpg,dendrelaphis pictus,6,296,125
239643265_jpeg.rf.425bbb30eec284ef799bf526d922fc44.jpg,trimeresurus purpureomaculatus,13,347,416
AUG107923532_jpeg.rf.720cbdbb95ba63c90d571af1a315846a.jpg,daboia russelii,5,200,500
48044876_jpeg.rf.3fb8a545c1a9f19bdea9da41eaed7f37.jpg,trimeresurus albolabris,12,231,265
55017550_jpeg.rf.52579916a2400760e8c44b223f1427be.jpg,dendrelaphis pictus,6,235,375
57394296_jpeg.rf.3f8e08f2f8f833b84d977fa2f338b969.jpg,ahaetulla prasina,0,133,90
213307019_jpeg.rf.fc27621393ff7c33341285c0b33e422b.jpg,ptyas korros,10,248,339
210572636_jpg.rf.313440dae6cf92b47cd1d9356c40519c.jpg,trimeresurus purpureomaculatus,13,400,333
171057825_jpeg.rf.afeccecca822d044254568c8e3da28dc.jpg,amphiesma stolatum,1,375,395
13771962_jpeg.rf.d672c4ac23d01dc25f9ab83c22f5f655.jpg,chrysopelea ornata,4,203,142
12763462_jpeg.rf.a515b6169b7dcf976a4d8d9896b2a2b3.jpg,chrysopelea ornata,4,176,324
105114817_jpeg.rf.643de07d8c81cb70790870ad4b665933.jpg,dendrelaphis pictus,6,500,152
160008631_jpeg.rf.09beb40f03bb641bdf2c507f7166d787.jpg,amphiesma stolatum,1,494,123
154491218_jpeg.rf.0f2c763a66366393a03ccfca31c91c74.jpg,ophiophagus hannah,8,243,270
76854953_jpg.rf.29cbb82ccc0d0971ee5623ecd83ef848.jpg,amphiesma stolatum,1,104,303
150669768_jpg.rf.3b34c4341c8b13df2ca66fff0e4b65e5.jpg,psammodynastes pulverulentus,9,179,369
178666_jpg.rf.ce87c77e02c6c7da8650a072e4c6052c.jpg,bungarus fasciatus,3,333,431
64317727_jpeg.rf.2d08b2e70926369bf668d8bdc5d7bad8.jpg,ahaetulla prasina,0,209,322
12267859_jpeg.rf.b04bac95f4a3b447b24ecf2f6bc332bd.jpg,ahaetulla prasina,0,477,342
32814798_jpeg.rf.3616c80662ec9dc63d96d02a0e301b20.jpg,ahaetulla prasina,0,225,153
190272610_jpeg.rf.f94378d7f9d40b51079ae6e4ee21ff9b.jpg,ophiophagus hannah,8,149,289
200408205_jpg.rf.a198b0efdc63467c793d86c48bdbc3f3.jpg,xenochrophis piscator,14,498,299
AUG8805242694_jpg.rf.6850b28565389415d6d0e1153833774c.jpg,daboia russelii,5,500,368
153899158_jpg.rf.41472001f109462cdcb8de9bbc31b767.jpg,naja naja,7,335,311
221000786_jpeg.rf.85b9593c7f53f1786de3a1c6dccbdca2.jpg,psammodynastes pulverulentus,9,348,338
55747543_jpeg.rf.afb37933c6626d4eba09cd2bc61faf40.jpg,ahaetulla prasina,0,178,340
211366585_jpg.rf.6a6aa45e7a443516b25ad79c7c2cf480.jpg,psammodynastes pulverulentus,9,485,252
55017550_jpeg.rf.b8cc96313c17ee8820f31d0e78a8e0f9.jpg,dendrelaphis pictus,6,492,235
AUG111193722_jpeg.rf.df93b0cedb1090e73869d3b955c8101d.jpg,daboia russelii,5,234,194
176460920_jpg.rf.88041445fefa6d360cea505aba234db4.jpg,psammodynastes pulverulentus,9,376,430
216722634_jpg.rf.900abac981a42166930d7cf5b25b0069.jpg,bungarus caeruleus,2,230,261
230630747_jpeg.rf.0ac3acd8845fb798190f9324c14cf6a3.jpg,trimeresurus purpureomaculatus,13,382,295
130474227_jpg.rf.a7320fe645ac9485ad79451a4d1d5283.jpg,bungarus fasciatus,3,273,157
102866278_jpg.rf.c8d2e91b9da3b89576113baf6aa0e816.jpg,dendrelaphis pictus,6,399,182
221392480_jpeg.rf.bdf00ed017fa1ed433cbddf53c302c5a.jpg,xenochrophis piscator,14,419,153
200923829_jpeg.rf.489894c153f894ae837ba7cfabf70166.jpg,ptyas korros,10,301,483
31376437_jpeg.rf.e66badef5ec6f7bc71080388d1839955.jpg,dendrelaphis pictus,6,367,500
7487616_jpeg.rf.3727a113de2894ecc3cce15fe719bb21.jpg,dendrelaphis pictus,6,474,228
173944906_jpg.rf.95705bcd6d4c8cfb81abb69806bff8e6.jpg,xenochrophis piscator,14,245,463
239503336_jpeg.rf.09cafc955ce1c66406f3c00d84090538.jpg,trimeresurus purpureomaculatus,13,500,438
AUG81009480_jpeg.rf.1cf94594de2af85f41b836dc817d94ed.jpg,bungarus caeruleus,2,401,345
10537204_jpg.rf.a1ac69e6e066463a99b2f2766b3cf8ef.jpg,chrysopelea ornata,4,72,213
71775105_jpeg.rf.7f0209a0e0b8132ef57dfd9a6d498a34.jpg,dendrelaphis pictus,6,156,450
61556315_jpeg.rf.56eb6e85847562e2cd878e9b9a6f6d29.jpg,ahaetulla prasina,0,202,101
61043553_jpeg.rf.898e69341ebb2d9975ca0c1db50428d2.jpg,dendrelaphis pictus,6,202,326
70153692_jpg.rf.9e63223815a7950e8d5a4ab07e29c504.jpg,amphiesma stolatum,1,293,468
4496945_jpeg.rf.ba9e556bd4d2260b7e4675e5dfc501f1.jpg,chrysopelea ornata,4,223,410
57436708_jpeg.rf.984e01bf2689722b1cbcb1345497be58.jpg,ahaetulla prasina,0,447,158
92125538_jpg.rf.79fbda64181704bfd6c44f7c7a5da003.jpg,naja naja,7,195,283
149820219_jpeg.rf.5ac33fc2faf372db5177a4b372c7e17e.jpg,amphiesma stolatum,1,349,196
85023507_jpeg.rf.1ca3c290c747d0ca16ea417b4240f198.jpg,trimeresurus albolabris,12,411,278
156255727_jpeg.rf.b30bba50a930de223069d25acdfb5695.jpg,xenochrophis piscator,14,217,305
170186201_jpeg.rf.f3043eda2bbffe20c04f0757d9b0e3e4.jpg,ophiophagus hannah,8,313,375
51278056_jpg.rf.d8ea97fc1bc35009ef2392323292d5c8.jpg,ahaetulla prasina,0,450,500
167252123_jpeg.rf.ef0ec4ed9f548c7d983fcd6594c2ba3b.jpg,ptyas korros,10,500,308
144061627_jpg.rf.ff8a431feaf6ffd8f2fd0faca5bcc357.jpg,naja naja,7,130,252
99557053_jpeg.rf.5a7fa87cdb8961ca82b6089a24d2dcb9.jpg,trimeresurus albolabris,12,315,270
105852302_jpeg.rf.1bfd6bf7420559ac5cc209dd449c0003.jpg,dendrelaphis pictus,6,221,384
59648866_jpg.rf.d32d7a85af3c0a82920274838664e56f.jpg,daboia russelii,5,364,176
88516048_jpg.rf.aa32c87bcd37fdf807596e78ef54bef0.jpg,chrysopelea ornata,4,226,375
29368502_jpeg.rf.35a45796af4eb6b1b01ec5ffb4ceb344.jpg,trimeresurus albolabris,12,439,175
97059162_jpg.rf.7cd6c137975309ce37be991f90a2a571.jpg,trimeresurus albolabris,12,477,450
38837613_jpeg.rf.50ff5d74b72063868b44c39da52b5694.jpg,bungarus caeruleus,2,375,254
90585353_jpg.rf.f70d2c1821cd07c024e7b83c303a5e4e.jpg,trimeresurus albolabris,12,160,202
29059916_jpg.rf.73604c8e3aa79193721487587da0ba33.jpg,ptyas mucosa,11,247,324
71597949_jpeg.rf.de323b41fd6eda6055142b2a6f63fffc.jpg,ptyas korros,10,368,185
86505231_jpeg.rf.ffbdd4bc913f72c9bbeb4f33208a7ce4.jpg,dendrelaphis pictus,6,249,281
244263176_jpeg.rf.e1eef1e4476136a4d2c82f60661c8fb5.jpg,xenochrophis piscator,14,248,493
142867305_jpeg.rf.8e05b95970505d8c44be1aea0aa70efe.jpg,dendrelaphis pictus,6,500,182
168931140_jpg.rf.bd32c97523493faf6edffbc2aab7e734.jpg,xenochrophis piscator,14,335,454
97227301_jpeg.rf.1d96373cfaf0a1062f2ae70c241a270f.jpg,trimeresurus purpureomaculatus,13,333,494
58014821_jpeg.rf.532980cad6e97b9dbf246042d0d83ff2.jpg,ptyas mucosa,11,64,134
107640151_jpeg.rf.0b44f9c01464ee895828bbf27d373d51.jpg,bungarus fasciatus,3,435,234
101567263_jpeg.rf.f08e9dbbd20250742e7da2ad59b91853.jpg,chrysopelea ornata,4,104,325
57168243_jpg.rf.f6acf1aa1b7f92beb418bb45899e922e.jpg,bungarus fasciatus,3,249,130
165964198_jpeg.rf.8b9d9e1c5231a0d6ba3b75b94e543afc.jpg,trimeresurus purpureomaculatus,13,423,256
249089384_jpeg.rf.3c6f7ba7276d5b2110a923a7bdf4c2e3.jpg,xenochrophis piscator,14,274,313
94328891_jpeg.rf.03c6a52d1ac8a201278e3b6cab53da7f.jpg,bungarus fasciatus,3,179,375
178038060_jpeg.rf.4edcaee7b3a87bc2d678d9ece0ddd532.jpg,trimeresurus purpureomaculatus,13,407,256
88121024_jpg.rf.805ead7b2518b452c0a7d43ee49865de.jpg,chrysopelea ornata,4,347,249
92075925_jpg.rf.82ee29e1bd06486b0e3d7d4e17ddd569.jpg,dendrelaphis pictus,6,443,203
71710143_jpeg.rf.37dfb082282ba1700977ae99467c962c.jpg,ophiophagus hannah,8,375,443
28286655_jpg.rf.668928a43a51420787012f4635ef1fea.jpg,ahaetulla prasina,0,353,78
AUG141594452_jpeg.rf.49220446e75df41baff23c9606a6d892.jpg,bungarus caeruleus,2,176,136
28497413_jpg.rf.44080097d80643ff8ca69d0871a54a44.jpg,trimeresurus albolabris,12,296,375
AUG138538990_jpeg.rf.19cbe6bc4f13f41f6685cde619d7821b.jpg,naja naja,7,339,382
130861447_jpg.rf.b8b668a782b53e4ae619bfa6571961f7.jpg,psammodynastes pulverulentus,9,118,500
101458264_jpeg.rf.bce06e5ec98517c4f46f0139246062de.jpg,bungarus fasciatus,3,432,280
54832405_jpeg.rf.c16f85df9d0f190793bc383de813aa41.jpg,trimeresurus albolabris,12,343,177
94328828_jpeg.rf.b12a83142e549b604d6db73843f8a709.jpg,bungarus fasciatus,3,175,375
200882408_jpeg.rf.fbfaf46a803bd23378536f4b80a1f2e7.jpg,ptyas korros,10,375,272
105386858_jpeg.rf.d525fc2b90d10d6a0c1c5d42cbf09888.jpg,daboia russelii,5,463,274
9877059_jpeg.rf.c749467a796cff28a04d2e4ae557a2c1.jpg,bungarus fasciatus,3,500,273
AUG21906575341_jpg.rf.652aac7319f48d128e0d4ade7c434ca0.jpg,daboia russelii,5,124,196
105386240_jpeg.rf.ba7d6eb1f73c8cb1acfda7b6d8d03a98.jpg,daboia russelii,5,500,363
97397483_jpg.rf.38248fbb67a684b0153ff21d812e94ca.jpg,ptyas mucosa,11,310,500
AUG81008965_jpeg.rf.e84da0574a1f47a5b5c314c981ed9064.jpg,bungarus caeruleus,2,348,283
77614355_jpeg.rf.c7a557e1386f2c41b608113b973cebb6.jpg,trimeresurus purpureomaculatus,13,238,162
83542270_jpeg.rf.a1aa3adb3d04eda5df6bfb1a1e4f6441.jpg,bungarus fasciatus,3,290,162
29368442_jpeg.rf.56c3fc7cade80008785d789a2eb075d9.jpg,trimeresurus albolabris,12,474,64
39595355_jpg.rf.6b14ea9df7b6d530f83191b516ae0cb3.jpg,ptyas mucosa,11,500,371
31147992_jpeg.rf.529b949f46af70d0c9c62376f5102c42.jpg,dendrelaphis pictus,6,297,212
17398839_jpg.rf.aabf404a299a18056d7f2e9e50eefd1b.jpg,bungarus fasciatus,3,375,253
155072948_jpeg.rf.4429bf1b1b8042cf5171062b142ebf5d.jpg,xenochrophis piscator,14,162,196
78095324_jpeg.rf.bce7e2e52fc3a518a306da816903e600.jpg,naja naja,7,264,382
178038205_jpeg.rf.727be3dfc54ade6b02608f33b59ea00f.jpg,trimeresurus purpureomaculatus,13,196,259
138885569_jpeg.rf.a71d27c2df46218cda4fc90ec9035d26.jpg,dendrelaphis pictus,6,430,126
168478220_jpeg.rf.a6ab4f28111b08095eaef6cdc2f53465.jpg,daboia russelii,5,500,322
145587754_jpeg.rf.f3277aa846163ff7925abb92b721b08e.jpg,dendrelaphis pictus,6,280,334
99441911_jpeg.rf.f57dcc56a006d042ddc2e6163a47da07.jpg,amphiesma stolatum,1,281,265
38837604_jpeg.rf.0c6938894cc9fcba929543c76a67b655.jpg,bungarus caeruleus,2,361,275
187457544_jpg.rf.607d04272d198b7663a777c4c62d648c.jpg,ptyas korros,10,165,230
105386240_jpeg.rf.69b6c280a4e0e832563b33ff9c8c2f75.jpg,daboia russelii,5,500,364
150577008_jpeg.rf.669c0122664e69defb315484e9ee1972.jpg,ophiophagus hannah,8,260,292
16969687_jpg.rf.539123be455f9fa2813bca9ce4bde0a7.jpg,amphiesma stolatum,1,304,333
81132632_jpg.rf.a4a0bb70c92cebd5fd7cb83a0cc17fdb.jpg,trimeresurus albolabris,12,171,274
117343423_jpeg.rf.42c0b5c79791543617c9ccaee723452b.jpg,xenochrophis piscator,14,54,79
4976854_jpg.rf.9c6c649edece385345de6ce115fd64e7.jpg,ahaetulla prasina,0,210,333
160947663_jpeg.rf.d3f5456c7fcc935602753ee8ca7e51fa.jpg,ophiophagus hannah,8,226,168
83361868_jpg.rf.3284e740b5a75db8b2149ec5789c02f5.jpg,bungarus fasciatus,3,347,65
39595345_jpg.rf.472d5184a6c9525a6a27a3c838f3b4f1.jpg,ptyas mucosa,11,500,371
53023347_jpeg.rf.73f45678d137a65313e1991b6b6f1ac9.jpg,bungarus caeruleus,2,431,373
141867635_jpg.rf.b8a4ee639f3491ddbd7f267792df837c.jpg,naja naja,7,427,477
59385364_jpeg.rf.12d64a6ed967c27fb94b253bc685b46e.jpg,dendrelaphis pictus,6,179,375
10623470_jpg.rf.e745710fc56da05d2457cd2b530ef991.jpg,naja naja,7,325,321
227224790_jpeg.rf.15638986802cc5fca8adec8ba02f9e4b.jpg,xenochrophis piscator,14,375,239
26040526_jpeg.rf.1f845c5435db5df84c2c4d3cf1de5062.jpg,chrysopelea ornata,4,450,313
5062182_jpeg.rf.60c4de598ef874036fa2a9ecc9e8b875.jpg,trimeresurus albolabris,12,349,333
24057386_jpg.rf.b0d1ecb1b1f273a74942520bed30cf53.jpg,ptyas mucosa,11,384,231
77822664_jpeg.rf.e5f6d56328e98db775c6535d61462ff6.jpg,ptyas mucosa,11,169,384
76626807_jpg.rf.8cc3a7eb1d4dd3125e5b3b5a6c93c3f6.jpg,amphiesma stolatum,1,394,451
102016349_jpg.rf.d2178c95af2cc73649a5084569d9116d.jpg,chrysopelea ornata,4,471,423
10347893_jpg.rf.e924c437239885b8b961c80d9402997e.jpg,trimeresurus purpureomaculatus,13,465,332
20662239_jpg.rf.1565a72fee07d4bad879728b1205e189.jpg,amphiesma stolatum,1,321,500
150669768_jpg.rf.c8aa19cf761bad567ce486dfb4c978f1.jpg,psammodynastes pulverulentus,9,436,179
109804897_jpg.rf.6a790c2d8f082657dd42c72cd28180c4.jpg,bungarus fasciatus,3,281,178
91286656_jpeg.rf.aaafef11965dc85273c50ca183daa324.jpg,bungarus fasciatus,3,125,375
29368442_jpeg.rf.b4755901b648d54194326a63a4a4ed25.jpg,trimeresurus albolabris,12,474,65
95677239_jpeg.rf.29aef943f74195418aa8a31a1eb73958.jpg,trimeresurus albolabris,12,88,133
160947749_jpeg.rf.c31053079b5b77369cb7ba5cc4ccbb8d.jpg,ophiophagus hannah,8,500,201
74830911_jpg.rf.d182f915ea15ce787e0be5e818fe76c0.jpg,trimeresurus albolabris,12,385,271
171394180_jpeg.rf.d71e4b7f1203c737248832da1e684611.jpg,naja naja,7,200,355
29059921_jpg.rf.77ad87282b6982a039f7b422ae8b9442.jpg,ptyas mucosa,11,463,202
57446255_jpeg.rf.d38d5d807565cfcb7a6930d59305c5a1.jpg,dendrelaphis pictus,6,404,151
32005436_jpg.rf.8214f8b5b84dad669582ca7273d988fa.jpg,ptyas mucosa,11,174,334
153067049_jpeg.rf.5477120a6ff5e131436d0a591cd7322a.jpg,ptyas korros,10,210,283
42646756_jpg.rf.e5dcad7d1f28e6fd1b991b7ed68e73d6.jpg,chrysopelea ornata,4,65,263
34944854_jpg.rf.23fdc01b8975c16ecd1991933a8f8f94.jpg,trimeresurus purpureomaculatus,13,401,322
AUG138538990_jpeg.rf.a4c53d301924218c4d6aee8e4f83d2b8.jpg,naja naja,7,339,382
29368442_jpeg.rf.6df369d345b8db24c8022b0c78f6eee6.jpg,trimeresurus albolabris,12,65,333
127459546_jpg.rf.611ca77ea9a82a54596d707c23a8b3f2.jpg,psammodynastes pulverulentus,9,342,312
67454525_jpg.rf.37dae13268983c2ae5e611c7c6cc9713.jpg,ptyas mucosa,11,231,247
231149082_jpeg.rf.47ee61695eea8887c4f0550b24114932.jpg,bungarus caeruleus,2,235,486
117606763_jpg.rf.e15b2b1dcc0143dd83d300621bd02c8d.jpg,trimeresurus albolabris,12,311,192
AUG87083111_jpeg.rf.4bba9c1ae3dba78fe973b8bc7c0782a8.jpg,daboia russelii,5,500,352
AUG8805242694_jpg.rf.50975dfbc062e8ab3c05f2031510121a.jpg,daboia russelii,5,378,375
9286870_jpg.rf.7ae71842126fb87445ce447300f1bb4c.jpg,ahaetulla prasina,0,375,496
99567060_jpeg.rf.ad9e02067acbdf88d3ca805edacd5570.jpg,ptyas mucosa,11,170,230
169250585_jpeg.rf.97c4a94d598ce37ea11dff8990103a4e.jpg,amphiesma stolatum,1,254,357
169151453_jpeg.rf.4c1c21f3c357138e3a9a3fb9df5acfd7.jpg,psammodynastes pulverulentus,9,150,370
32269408_jpg.rf.cae7692e0109ea9390074c491459a0a7.jpg,dendrelaphis pictus,6,251,425
AUG20345938546_jpg.rf.0533318c4f0f12ac49887d0a2054561b.jpg,bungarus caeruleus,2,261,372
222461316_jpeg.rf.96c870b7a4429fb47262b06690aba367.jpg,bungarus caeruleus,2,462,187
AUG19796092_jpeg.rf.97abcf683cc24bfd358d593a4c43f534.jpg,bungarus caeruleus,2,179,281
221533556_jpg.rf.72251e88d6c54c498757c0be46c0d149.jpg,psammodynastes pulverulentus,9,500,324
45951976_jpeg.rf.797a443af0805263f8b90b75a0bd1ea4.jpg,ahaetulla prasina,0,393,254
85104258_jpeg.rf.cddf12bf8b307573490e687cba660350.jpg,bungarus caeruleus,2,375,134
92262041_jpeg.rf.011688e8efdcb3caa040be230bbd1b28.jpg,dendrelaphis pictus,6,348,442
57102783_jpeg.rf.66ffb82416150e4e733a713daa8d65c3.jpg,ahaetulla prasina,0,100,104
107605498_jpeg.rf.eb779d6ee495defa726a58b83a5f0dc3.jpg,bungarus fasciatus,3,377,247
94328828_jpeg.rf.9f95fb744ef6fba7b5d130528556ef8e.jpg,bungarus fasciatus,3,175,375
221129929_jpg.rf.7fe3fe44aade01e1cebdc897001ebe70.jpg,psammodynastes pulverulentus,9,315,333
139712823_jpeg.rf.bcd4c7c48676f87518483d0533c4ecac.jpg,amphiesma stolatum,1,393,61
244263157_jpeg.rf.cfd21b1559de821db6f3b062280380e3.jpg,xenochrophis piscator,14,152,222
86727925_jpg.rf.e967dfddec6660ebe74a3cf068d8ea0f.jpg,daboia russelii,5,263,342
25525581_jpeg.rf.f33705fa1941eb3406dfb97ecf6abd41.jpg,ptyas mucosa,11,500,222
99296410_jpg.rf.bd0638f4eb9593c8b354c1064836dacd.jpg,ophiophagus hannah,8,295,225
166753843_jpg.rf.b2cbcd266f6b7cbe30b5cddfcc378ae3.jpg,ptyas korros,10,500,333
177531953_jpeg.rf.d57c30d12a5e1d50dc83fd052d222880.jpg,trimeresurus purpureomaculatus,13,368,266
AUG38837604_jpeg.rf.248556eccbe004d5fc3d62a5f527f473.jpg,bungarus caeruleus,2,283,430
139756192_jpg.rf.06252e22aae77151993a81b1fa7459f5.jpg,ophiophagus hannah,8,177,53
154534247_jpeg.rf.aba888e776ad0aa15074f40e7d29881c.jpg,naja naja,7,339,400
94328805_jpeg.rf.8c9856116c723dfc84a120019f27edc5.jpg,bungarus fasciatus,3,500,201
178951848_jpeg.rf.d1aba6b5f2b6562fe9d0e3a46b2f26ae.jpg,xenochrophis piscator,14,322,376
117285051_jpg.rf.4b159edb54b2a1bc8ab4cc96d89f286b.jpg,trimeresurus albolabris,12,248,183
211367156_jpg.rf.dd70ded19001bb0e1ae86c3cba5078e7.jpg,psammodynastes pulverulentus,9,160,333
104813104_jpeg.rf.8d2695b374feed8f1d36136eea51220b.jpg,ptyas korros,10,400,375
88691760_jpeg.rf.fa68301dc49ff67527e65fe6145c8586.jpg,trimeresurus albolabris,12,156,271
250189754_jpeg.rf.575ab4eb6b5d44498f7533dcb12144b7.jpg,trimeresurus purpureomaculatus,13,479,492
237137486_jpeg.rf.1a6d0237ad2ae7cf05ddeb81b8e78c9f.jpg,xenochrophis piscator,14,100,143
169465419_jpeg.rf.b19881acb56e70e999efd83c5cd3e165.jpg,naja naja,7,353,202
169465419_jpeg.rf.9c6212268e378d01a7082abf4d9df5ba.jpg,naja naja,7,202,329
99441807_jpeg.rf.891afbf00a511c73132be1f48c715873.jpg,amphiesma stolatum,1,500,261
166753843_jpg.rf.e5f2640f89ab38c7c52018b64c93f41e.jpg,ptyas korros,10,431,333
AUG87083111_jpeg.rf.31ff293fedbfd008bf0f3daf50c5f861.jpg,daboia russelii,5,500,353
58232170_jpeg.rf.c1961b313a8bcee8775152f52a19e219.jpg,trimeresurus albolabris,12,287,219
139712742_jpeg.rf.63d37bf24f4a378c1e8f4285a9248b71.jpg,amphiesma stolatum,1,369,64
66644455_jpg.rf.0b838b15b64aaf05b779117a584be252.jpg,ptyas mucosa,11,466,78
23564661_jpeg.rf.c51deb84906d70befbe1aac6d279fb44.jpg,dendrelaphis pictus,6,381,143
176247007_jpeg.rf.c5d6aa716be5e69cd60ff32ab270189e.jpg,trimeresurus purpureomaculatus,13,365,480
66670947_jpg.rf.bdb9ca6306b546e22d019a60d56849d8.jpg,trimeresurus albolabris,12,213,223
24045815_jpeg.rf.8653a0c16bb757702e1e03f755476270.jpg,bungarus fasciatus,3,500,240
76299191_jpg.rf.c162f05a1ee82b37f130131c7c7fc246.jpg,dendrelaphis pictus,6,333,474
32002456_jpeg.rf.cae0e91bb43cb4ba8f77768a514a2d0b.jpg,trimeresurus albolabris,12,382,375
248983710_jpeg.rf.1709ecbad469e51c8a224bf0f62684bd.jpg,bungarus caeruleus,2,500,227
163953578_jpg.rf.88fcfb7ac00096fa88ec0c87fa5282d5.jpg,psammodynastes pulverulentus,9,462,131
88156239_jpg.rf.ca7632effdb5ac2e57e2aa336028b878.jpg,daboia russelii,5,235,221
117798978_jpeg.rf.2421a87256c4ce9fecc0f9a1b1040ae1.jpg,ophiophagus hannah,8,409,211
AUG94338248_jpeg.rf.afa40f53e05bcd70b3d9b8f25d769fdc.jpg,naja naja,7,244,228
86904109_jpeg.rf.3a9f201e8c593494480a044c80ef1462.jpg,amphiesma stolatum,1,342,375
45821620_jpeg.rf.bd97d0502109154d4e0e3550df591da3.jpg,amphiesma stolatum,1,346,333
52643697_jpg.rf.87acf01ea41ad930ea4c0f0f11abf174.jpg,ptyas mucosa,11,308,281
138960453_jpeg.rf.80cf59690d66f978bc7256c19c887da2.jpg,trimeresurus purpureomaculatus,13,290,333
91394878_jpg.rf.95691ecc32380aeeb6a9f17fc5286cd1.jpg,naja naja,7,487,300
160645763_jpg.rf.f28c9bebdff08ac51380791bdd778b58.jpg,ophiophagus hannah,8,418,375
71773489_jpeg.rf.38d6bc1256f0c14702c2004fb2f2ca6c.jpg,dendrelaphis pictus,6,452,443
AUG160489010_jpeg.rf.319e7d6549f77418b0e8364cb4d1fb78.jpg,bungarus caeruleus,2,356,305
66644455_jpg.rf.a53d97f7366857c455f79e0ab1c0bc22.jpg,ptyas mucosa,11,79,375
91394878_jpg.rf.bc7f896145097e35691c5fe3b47583c2.jpg,naja naja,7,371,375
5883601_jpg.rf.e09c6bcc9ee20ad42064f75b283982e6.jpg,ptyas mucosa,11,340,287
72379319_jpeg.rf.efc1a502866f218150064949e8a22bdb.jpg,ophiophagus hannah,8,444,299
130861346_jpg.rf.9ea183e525d7a8ea287895e5729d0a33.jpg,psammodynastes pulverulentus,9,375,132
99011762_jpeg.rf.cfdf747c3167f5582d547001fdcbbb64.jpg,dendrelaphis pictus,6,160,317
99194322_jpeg.rf.d6d7e35d871a92e53d3da8fe8babcdc2.jpg,amphiesma stolatum,1,280,240
AUG156593769_jpeg.rf.8d759e31bc611d4e945184404bc02898.jpg,bungarus caeruleus,2,249,281
170186201_jpeg.rf.8b9924ff912735f41a9fa634185c0f52.jpg,ophiophagus hannah,8,312,375
103723136_jpeg.rf.5dd36c9ce23a2143b8c55cc516029a80.jpg,trimeresurus albolabris,12,246,197
64059987_jpg.rf.4bbb717d8b40955b7e16b331f12f074a.jpg,trimeresurus purpureomaculatus,13,220,279
101567232_jpeg.rf.aa87b6f5dfa03f8792e0c64ce7ddb7c4.jpg,chrysopelea ornata,4,126,401
200882468_jpeg.rf.4ce61035fbf5d3769202c214d389939d.jpg,ptyas korros,10,142,375
4187011_jpg.rf.56203f4bc0c19fef2fe16466cce2fcbf.jpg,chrysopelea ornata,4,255,477
171099431_jpeg.rf.14cb38db40cd84ef5249e9a554ccbfde.jpg,psammodynastes pulverulentus,9,160,171
105746526_jpg.rf.6e565f5808a700f9a4f9fceef04bb282.jpg,ptyas mucosa,11,299,185
157573350_jpeg.rf.21195ebb696e6226fe9a22d9b6412543.jpg,ophiophagus hannah,8,213,271
4976852_jpg.rf.868a4da7f3d43eea15abe1bf029c4cc0.jpg,ahaetulla prasina,0,411,220
239503097_jpeg.rf.a4e731a288d1735fc48613a384837317.jpg,trimeresurus purpureomaculatus,13,500,355
87083111_jpeg.rf.2b570ccc5dd5380c30f00892be707db9.jpg,daboia russelii,5,402,375
84100562_jpeg.rf.07984f49432696b1d97701a522d1dcec.jpg,ahaetulla prasina,0,219,375
32269408_jpg.rf.1da67288f24c01e72abbcaa5fd078357.jpg,dendrelaphis pictus,6,251,425
85809436_jpeg.rf.ae1d3615b1e29cf5edb47fbe63969d46.jpg,ahaetulla prasina,0,401,390
213343996_jpeg.rf.ed14d2d3a13ccbe3e3ce4d2db4cb3541.jpg,trimeresurus purpureomaculatus,13,187,123
83180561_jpeg.rf.86a4602fd0e9d11b6465d1975d2db254.jpg,ahaetulla prasina,0,119,87
28391497_jpeg.rf.49e5455c1720e89a3a46cdafb149a532.jpg,ptyas mucosa,11,250,228
154534224_jpeg.rf.6240b2e488dbad108f38e476190f2224.jpg,naja naja,7,361,473
67431210_jpg.rf.03e3767c766b350714e7bd0bc37844d1.jpg,ptyas korros,10,246,375
57693449_jpg.rf.d223b51b3f11d86ef7f1458ba83b442d.jpg,ahaetulla prasina,0,89,424
219287981_jpeg.rf.b2037294687dd95b03ba6d1f43dc454d.jpg,psammodynastes pulverulentus,9,385,369
216435007_jpg.rf.87b0bd4d13f17ec72e956317b2abb2b1.jpg,psammodynastes pulverulentus,9,500,349
104085392_jpeg.rf.cfaefcd7e1bcb3a2e4bc32b5925f9c45.jpg,ophiophagus hannah,8,324,221
206989671_jpeg.rf.510ea9fba0a54ab1050fddd3502b449c.jpg,psammodynastes pulverulentus,9,281,110
AUG14007192_jpeg.rf.aeea80668345cfaa8d4f651c88d60764.jpg,naja naja,7,240,368
160463793_jpeg.rf.dc4f4b22bd04cc07b775dae3c9848a0f.jpg,naja naja,7,352,236
57394288_jpeg.rf.df0b3d8e1cc61eb9801d9f56e053139a.jpg,ahaetulla prasina,0,300,182
96760707_jpeg.rf.25a0766d8819dfc4315c8ced7900556b.jpg,trimeresurus albolabris,12,500,92
225780483_jpeg.rf.6218c8064d0561a29095c7a63d1fc990.jpg,bungarus caeruleus,2,431,500
54832405_jpeg.rf.c4c2785425c6a29d1d397d405fb8d865.jpg,trimeresurus albolabris,12,177,331
194241837_jpeg.rf.7d8f919edc4d3eaf1272e6c61e1b236a.jpg,ophiophagus hannah,8,307,179
139697025_jpg.rf.ec45deac8ac2c32daa14b73ca21ae85a.jpg,psammodynastes pulverulentus,9,352,333
93518922_jpg.rf.841f42f7e857a808fea0fe89e68734eb.jpg,bungarus fasciatus,3,232,420
32008587_jpg.rf.807a5000233e09575e2931997bbd43b0.jpg,bungarus fasciatus,3,365,281
186624960_jpeg.rf.b8f97f62f48f771a3f2eadb0718eb301.jpg,amphiesma stolatum,1,342,273
10019777_jpg.rf.eac431f9b2eeb2fbfe0f0f2271336e9c.jpg,bungarus fasciatus,3,499,161
178643_jpg.rf.bbb74dfe6f60cef418f268bde637113b.jpg,bungarus fasciatus,3,500,204
108826490_jpeg.rf.9ae8d2088968f0d14d09bcced9d1c64e.jpg,trimeresurus purpureomaculatus,13,280,291
34029299_jpg.rf.924024cc32b00be261daa6ca8c53e958.jpg,daboia russelii,5,221,307
67722408_jpeg.rf.6dd4bba1bf00c6c598e05ff3884c4f19.jpg,chrysopelea ornata,4,333,114
6227572_jpg.rf.c36a82ee7c2bb4c06ccb8fa8b16e1ace.jpg,bungarus fasciatus,3,292,266
71734478_jpeg.rf.643c66626a74896c162b7cd4aa8b46c4.jpg,ophiophagus hannah,8,500,438
167235399_jpg.rf.99d4d344969938e5ec1cfcac3717f333.jpg,trimeresurus albolabris,12,489,319
124449264_jpeg.rf.f2178caab66cd221acfb8f78d540472a.jpg,xenochrophis piscator,14,282,500
214318089_jpg.rf.c4f1ff76230721874454fa780635262b.jpg,ophiophagus hannah,8,226,176
37393705_jpg.rf.29ff2a1ecc3d4b2c587318acd359d163.jpg,trimeresurus albolabris,12,447,325
211358026_jpg.rf.047124955127f7707a87bdc7420c5178.jpg,psammodynastes pulverulentus,9,500,255
99441911_jpeg.rf.d589c35291f163a2dd8695010a7ceb6c.jpg,amphiesma stolatum,1,265,281
103433687_jpeg.rf.eb6e76f4643427d714ac91e4b2cd3cd2.jpg,bungarus fasciatus,3,408,124
AUG8815619798_jpg.rf.f663f86efd30ccab5d9517465d661584.jpg,daboia russelii,5,291,500
78664217_jpg.rf.60022e3317ff0f4f50d42b73c7b4ffc1.jpg,amphiesma stolatum,1,387,126
164832575_jpeg.rf.9351122d775ac491a83909527fc9f8f6.jpg,naja naja,7,230,375
51346699_jpeg.rf.736fdf0a75900d0d9e69af5f20e93005.jpg,ptyas mucosa,11,136,375
233761484_jpeg.rf.74f9cf42d314ddfe6c8c84354e9d30fc.jpg,bungarus caeruleus,2,157,134
47604921_jpg.rf.d6089b7f4fb4aa8163d07ee039ad6053.jpg,dendrelaphis pictus,6,449,279
AUG218858367_jpeg.rf.4314f9e6c387fb71aaa077e181cbf523.jpg,bungarus caeruleus,2,247,428
122692917_jpg.rf.0f31f7091310d58cbd4ad6f98e02eafd.jpg,ophiophagus hannah,8,305,494
11495605_jpg.rf.b5e3f5a3a87f6b3dcef03d70b36f0458.jpg,ahaetulla prasina,0,270,326
114580470_jpeg.rf.fb30238acee84141c7ddb7a5b2a2d0ea.jpg,psammodynastes pulverulentus,9,350,205
150669733_jpg.rf.ae02e6ac137890d6556e70ed9210b910.jpg,psammodynastes pulverulentus,9,480,211
73679970_jpg.rf.f7ac3c597fcb1d194622d53b8024108f.jpg,amphiesma stolatum,1,99,359
14939438_jpg.rf.43e8046b569dabbfd79fed643c73b790.jpg,chrysopelea ornata,4,170,392
178038205_jpeg.rf.4ad7a1036574de375568fcd87ac5a8bc.jpg,trimeresurus purpureomaculatus,13,386,197
105552575_jpeg.rf.4d26d28e0bed51b578a0743bf4631545.jpg,dendrelaphis pictus,6,437,236
173694311_jpg.rf.6a0f32d85cf6aa9675cc129b7aef7f83.jpg,ptyas korros,10,226,500
133965490_jpeg.rf.6b0d35e7a2f8c007d84d6401f474abed.jpg,bungarus caeruleus,2,295,282
104813097_jpeg.rf.d8ba6f4635f7bcb78e83149a9be52524.jpg,ptyas korros,10,478,353
89069623_jpg.rf.a1c1a40f3d9f8e08e41803d7e381b8f1.jpg,ptyas korros,10,230,221
AUG81009480_jpeg.rf.f1627533f43c27c33de3a59e93748779.jpg,bungarus caeruleus,2,413,312
28817003_jpg.rf.3885c09e41ef93a61591d0378f0acb43.jpg,ptyas mucosa,11,197,375
151395911_jpeg.rf.b1eae64a5cacd7532388612a8a37f6c6.jpg,ptyas korros,10,353,375
132601136_jpeg.rf.19cdf6ccac83e0afa2c06275b42838b3.jpg,bungarus fasciatus,3,226,272
95180939_jpeg.rf.622f32064d44fa8e124a441482d4bd7c.jpg,bungarus fasciatus,3,388,357
28180349_jpg.rf.1827f901e24685b7fafd827208fb030c.jpg,bungarus caeruleus,2,400,231
48956371_jpg.rf.a25ebf00114103562ec7aebb703bd1f0.jpg,amphiesma stolatum,1,500,375
169250585_jpeg.rf.6c152305099b3b033c60c91259589a85.jpg,amphiesma stolatum,1,357,253
139712603_jpeg.rf.c2038c03d04c4067e596b595f93bb7ff.jpg,amphiesma stolatum,1,500,119
29059915_jpg.rf.5b05100d424fc6735068e0ec24cba098.jpg,ptyas mucosa,11,497,197
98500436_jpg.rf.5665f906f3c83ce61a5f00836ecbf28c.jpg,chrysopelea ornata,4,333,358
73761484_jpg.rf.77a869a3dcd39d6609a1ad7fa8b90403.jpg,trimeresurus albolabris,12,429,115
59935660_jpeg.rf.46c09eaee4d0071729252e9bb8b96860.jpg,xenochrophis piscator,14,152,314
95677227_jpeg.rf.d7488c3ba0a75fd14be072509c8606c9.jpg,trimeresurus albolabris,12,220,166
175971446_jpeg.rf.13a6918079e5d5c40778336de02bfbd7.jpg,daboia russelii,5,500,256
28796912_jpg.rf.9a5ebbbaefd8f3651942d47ea129923c.jpg,chrysopelea ornata,4,290,252
173944915_jpg.rf.d105b72f73cdf0d793c18ee3dd80bf25.jpg,xenochrophis piscator,14,485,231
219660494_jpg.rf.d825b60b4b31d4095ce60cfc2d15b248.jpg,psammodynastes pulverulentus,9,107,250
173944908_jpg.rf.d96d4ff4613a774135ed22c495711edf.jpg,xenochrophis piscator,14,193,333
169133766_jpeg.rf.2671dc8fbd175962d495ddf661a9ad33.jpg,psammodynastes pulverulentus,9,124,222
21957874_jpg.rf.cabca6752ffcfc91af59b93997139e6c.jpg,trimeresurus albolabris,12,483,281
150669581_jpg.rf.45d2a96a265bc5d621c4712f07ea70a6.jpg,psammodynastes pulverulentus,9,270,357
178038205_jpeg.rf.372ed94555732a57efbd1e624766ef74.jpg,trimeresurus purpureomaculatus,13,386,196
180561516_jpg.rf.0a5ebb9c601f9e8380e78359dc6db4f4.jpg,ophiophagus hannah,8,165,375
59275386_jpg.rf.6d1712ee1e46e1c15bd06859a91e393d.jpg,ptyas mucosa,11,375,145
57263746_jpeg.rf.aab68167f3c9a086f99dc5894796a2b0.jpg,dendrelaphis pictus,6,411,143
75870055_jpg.rf.6c007d022625ee1d8c7311acb5b25996.jpg,ptyas korros,10,287,281
88354126_jpeg.rf.e7c82accaf4dace882b324e111a093fd.jpg,bungarus fasciatus,3,428,333
AUG233761657_jpeg.rf.70b93ace22115ac3c693992310306d28.jpg,bungarus caeruleus,2,106,281
130641715_jpeg.rf.4b0f19d5b0ed575e5047d646ac6005ab.jpg,ophiophagus hannah,8,100,362
169599264_jpeg.rf.1cfcfc9ef02c2c8ecc7743695080e806.jpg,ptyas korros,10,265,386
109582198_jpeg.rf.4a0ba35344ad145fceb537734f74d7ee.jpg,dendrelaphis pictus,6,301,117
88156189_jpg.rf.ac0a86c15621ac401eeb30737a015ca4.jpg,daboia russelii,5,375,202
166398949_jpeg.rf.58501b7bc159005f5b020cd9738637db.jpg,daboia russelii,5,500,335
113326075_jpeg.rf.d40883568b09db5a1209b5482d208143.jpg,amphiesma stolatum,1,221,228
100681923_jpg.rf.29abe8743ba7939c61d20c548d0d3258.jpg,amphiesma stolatum,1,221,500
17170375_jpg.rf.f2ca11082c350f026a947df9059c259c.jpg,trimeresurus albolabris,12,494,140
103139424_jpg.rf.93750f52261c50f8cd2ebffd43692807.jpg,trimeresurus albolabris,12,353,214
104813112_jpeg.rf.1c7ae28068ac8cac58fff42f8b302802.jpg,ptyas korros,10,500,210
231149082_jpeg.rf.9a0fee8ccd3dbadb0dada70706f03d48.jpg,bungarus caeruleus,2,235,486
152147021_jpeg.rf.eaf3fa2af5f71152007357938a93bc58.jpg,amphiesma stolatum,1,500,331
101567257_jpeg.rf.33c26c185d23d2fda4ed219686a53451.jpg,chrysopelea ornata,4,157,92
38830437_jpeg.rf.84088fe686f641c478d008914c32e270.jpg,daboia russelii,5,500,375
153915272_jpg.rf.4d3717a33cff63ad5cff03c5afc0d1ce.jpg,ophiophagus hannah,8,350,259
160462716_jpeg.rf.f311c5c56fbad39eaa22e115426a2758.jpg,naja naja,7,494,399
16969687_jpg.rf.f7d4749cd846e5f25d736541cf66e461.jpg,amphiesma stolatum,1,500,289
41942350_jpg.rf.7c42899ab0fbeb40349c1a3e59567685.jpg,xenochrophis piscator,14,500,500
32004963_jpeg.rf.084c53c1bbbfe78a8642c39ba6d27627.jpg,trimeresurus albolabris,12,463,265
85952090_jpg.rf.cc5454d647aff503762e6ba1cf1816e3.jpg,dendrelaphis pictus,6,448,72
90585353_jpg.rf.16ba9005b765c5d3a9367bd5e1bd0884.jpg,trimeresurus albolabris,12,350,142
138885569_jpeg.rf.23e757a7183e874cdcf32368b373a7e5.jpg,dendrelaphis pictus,6,430,126
38946945_jpg.rf.9f9828c8ea5ffdb2dbaf3d8a8bb62fe1.jpg,ptyas mucosa,11,500,313
32003896_jpeg.rf.644afe903b9664fc7937f3b3de7f6b76.jpg,trimeresurus albolabris,12,500,272
95002905_jpg.rf.8ec96a3e2f2a1774e79c83f5a92e66c4.jpg,ptyas mucosa,11,286,160
89060326_jpg.rf.11744375b8978101165b2f1c87fd2369.jpg,xenochrophis piscator,14,402,136
181538896_jpg.rf.8a2e0daf608291bbba57e296116d92fe.jpg,xenochrophis piscator,14,131,460
43145302_jpg.rf.53e70d0100d563ef44868f22b5aab712.jpg,chrysopelea ornata,4,292,419
51346699_jpeg.rf.bde902c7e6ad2f0b0b3096bacfca575a.jpg,ptyas mucosa,11,500,136
54206364_jpeg.rf.3f7207483da319c8fa443208ab324131.jpg,daboia russelii,5,161,281
187676365_jpg.rf.be66e9bf39b3408df50a11ed99af104a.jpg,ptyas korros,10,278,318
152471317_jpeg.rf.c5949067af41026fdb8ea2da3d82a62d.jpg,psammodynastes pulverulentus,9,170,435
122207787_jpeg.rf.846064ff964daca6847872288249e2ee.jpg,bungarus fasciatus,3,264,333
30921910_jpeg.rf.c4e4095fb5c1972bd03bdb0f70bc3fcf.jpg,ptyas mucosa,11,192,381
30256204_jpg.rf.f51dd034ab1e98506d344f06574832f2.jpg,dendrelaphis pictus,6,290,291
18100132_jpg.rf.da88b87404511e5d2f005d07467336e9.jpg,bungarus fasciatus,3,188,306
28862257_jpg.rf.da192891edbb4af58054f2b984d57464.jpg,chrysopelea ornata,4,329,295
32002951_jpeg.rf.ca33f7d333d86dba9f4e109500cda449.jpg,amphiesma stolatum,1,183,281
179008063_jpeg.rf.0910579f4493055587e56094cb26ed4c.jpg,xenochrophis piscator,14,209,259
13771962_jpeg.rf.2c46b3ef3d7671ab5c3c6935bc6b2e10.jpg,chrysopelea ornata,4,203,142
52400914_jpeg.rf.f3639767f5d18d592c93bdb8f8852341.jpg,ahaetulla prasina,0,500,278
AUG8805256896_jpg.rf.67f0b634af69967f439196601449def4.jpg,daboia russelii,5,327,171
90063120_jpeg.rf.556848fdf52809677b6be9d4b0a8d2e8.jpg,ptyas korros,10,361,200
88695984_jpeg.rf.5d5743a42e123cc95830c3f836a47da9.jpg,chrysopelea ornata,4,250,73
4600859_jpg.rf.df36c1e03b249939d97243a3bdfcb9c7.jpg,ahaetulla prasina,0,248,333
166753843_jpg.rf.f52863216a7d9360918886c7a775b7e0.jpg,ptyas korros,10,500,333
234611370_jpeg.rf.ba9ea831510a2c7c687adc18be34c13d.jpg,naja naja,7,234,333
161203860_jpg.rf.7ecc48f05276023cf026c770a22117f9.jpg,ptyas korros,10,375,408
237352855_jpeg.rf.0dd60bc42f4fe0765675d8412967c7f8.jpg,xenochrophis piscator,14,123,295
185781371_jpg.rf.aa5d48b340aef27bfdf20b98ce901b6e.jpg,naja naja,7,274,266
237352891_jpeg.rf.7e5d5ff62837575627b6c1d6f62ef7f5.jpg,xenochrophis piscator,14,458,122
97852394_jpeg.rf.50c1cda7a124b31d79981fc16da54996.jpg,ophiophagus hannah,8,375,492
95677239_jpeg.rf.0e15c9afe3d627b6952ea25fdc7e5d8e.jpg,trimeresurus albolabris,12,133,88
95922900_jpg.rf.f79b638374c57b0ff73785e8dafd513c.jpg,xenochrophis piscator,14,119,375
97852394_jpeg.rf.ab8ce101b0a60faa5563a1add4015c87.jpg,ophiophagus hannah,8,375,492
152471269_jpeg.rf.9ae151caf244d0b0c8eabdf437d5c827.jpg,psammodynastes pulverulentus,9,332,179
28286656_jpg.rf.222535c750e2875d6ac5aaf1dfa062f9.jpg,ahaetulla prasina,0,331,336
7611773_jpg.rf.34d5ef7c92958ece342e22bc2d483409.jpg,dendrelaphis pictus,6,260,409
167252123_jpeg.rf.ead4fa6081418531fd05f973d375dec8.jpg,ptyas korros,10,348,375
14939438_jpg.rf.20494874a9710fea9b00e5329e9c1b97.jpg,chrysopelea ornata,4,358,170
178029281_jpeg.rf.f631dd9d5f0fc22d6c27b1caea1af5f5.jpg,amphiesma stolatum,1,170,320
104085392_jpeg.rf.e2e3525954cbc37ef3be0d0c974abe4f.jpg,ophiophagus hannah,8,221,298
78664458_jpg.rf.8c303f4f914f7dd171a3ae7f22046743.jpg,amphiesma stolatum,1,84,292
153899158_jpg.rf.3d5cfe5d290dccea50f6aaafe6a085f6.jpg,naja naja,7,348,313
98757106_jpeg.rf.cdf8a86bea6abeeae305069691687917.jpg,ophiophagus hannah,8,384,373
235751315_jpeg.rf.72c963d50075a664fb72c80adf3cf47b.jpg,trimeresurus purpureomaculatus,13,211,162
121743547_jpg.rf.e984a862f57c2e8f9d49b13386aa7b6c.jpg,trimeresurus albolabris,12,333,249
154491001_jpeg.rf.b0b0d49af17eb249646ab5a8b9cc942b.jpg,ophiophagus hannah,8,151,254
58971174_jpeg.rf.7c5bdaff66713badfe5637a3e6348c03.jpg,ahaetulla prasina,0,249,192
85975396_jpg.rf.1799057d7a76b040e0f2df06b902cdc0.jpg,trimeresurus albolabris,12,356,148
88354123_jpeg.rf.4d6d6f65fd683e966260dfc575dca263.jpg,bungarus fasciatus,3,352,333
61556996_jpeg.rf.bd350632b60337b6273c8124e6765c4b.jpg,ahaetulla prasina,0,193,281
117606763_jpg.rf.ac310f27e696956ec0ddfc7c57653b1c.jpg,trimeresurus albolabris,12,192,279
106285845_jpeg.rf.7f54cfb12171bd8c0d0793e93d2b7f68.jpg,bungarus fasciatus,3,29,40
40502695_png.rf.8ffec956850bfe9fd88ea88fa1b565bb.jpg,trimeresurus albolabris,12,165,274
96785421_jpg.rf.c8525a486822cb9fe668d4f5d2c7d2bb.jpg,amphiesma stolatum,1,445,235
208923771_jpg.rf.cfc88a1b0e0edc231709e4ee926bfc6c.jpg,ophiophagus hannah,8,257,287
209579270_jpg.rf.e3cb4150f1d6da0c8fc96e8cca7a61a9.jpg,psammodynastes pulverulentus,9,409,309
212365792_jpeg.rf.a6d31d895318d7549324aac28f9b2aaf.jpg,ophiophagus hannah,8,500,198
33079681_jpeg.rf.5e37852076bb0a253209fb2798842b91.jpg,dendrelaphis pictus,6,383,192
151395911_jpeg.rf.c1da19c09ae44382b1cfd055560415d9.jpg,ptyas korros,10,500,346
10324730_jpg.rf.ff05c2f04bc731da8ddacd6b078ae43d.jpg,bungarus fasciatus,3,236,196
11497261_jpg.rf.6de487377204a652e26d2eb0954d8751.jpg,ahaetulla prasina,0,376,478
103979829_jpeg.rf.74708c6f5634ded0415612a5a10db7bd.jpg,ptyas korros,10,277,354
102977460_jpeg.rf.ff213f33c4e41b0f40971f08fe385804.jpg,xenochrophis piscator,14,135,500
146382610_jpeg.rf.5d227633a7e30fc59e9360675eaa9f32.jpg,psammodynastes pulverulentus,9,316,306
103414651_jpeg.rf.3f81d248a4852f09de2083f3611e206a.jpg,ophiophagus hannah,8,350,472
101211794_jpeg.rf.57c76ff543aa5aa5a56f4bb69c2a8268.jpg,ptyas mucosa,11,484,375
105762044_jpeg.rf.2e393b398df788e8c431df78df4f5053.jpg,xenochrophis piscator,14,492,101
71598537_jpeg.rf.fe8c5e982c5533d2d9a39b4f295bb559.jpg,ptyas korros,10,321,386
45951955_jpeg.rf.67b9f0322e50887642fb07d96016bd97.jpg,ahaetulla prasina,0,332,174
104217956_jpg.rf.e823ac87559b06582f8086d218b32e88.jpg,trimeresurus albolabris,12,500,273
169465365_jpeg.rf.f50fed5983fcfbf74793a7dd0288672b.jpg,naja naja,7,179,318
141867562_jpg.rf.8eaaad2d55252c4c173a9dcc9f241cdd.jpg,naja naja,7,382,314
141963639_jpeg.rf.65595e594e81b910c467ac5621c7dd1b.jpg,ophiophagus hannah,8,390,281
52651028_jpeg.rf.b0af3cbff362ae32eeb2d93f6acefba3.jpg,ahaetulla prasina,0,294,178
41890754_jpeg.rf.ee7ec1b31a0e080d56980c7562681bfb.jpg,amphiesma stolatum,1,119,281
152471317_jpeg.rf.181f31be17763855060ed110d4a18df1.jpg,psammodynastes pulverulentus,9,373,170
98757071_jpeg.rf.49015b5f298f899e158a4b6541c98876.jpg,ophiophagus hannah,8,489,265
53041605_jpg.rf.de5230d44cd2ae7657137ee08d007d25.jpg,ahaetulla prasina,0,448,236
222175838_jpeg.rf.75a6a4acf6652d9ff9c4eb25d52f1bab.jpg,xenochrophis piscator,14,88,159
97477729_jpeg.rf.963dba313785534afc31b2066ad437ad.jpg,ptyas mucosa,11,282,191
98100303_jpg.rf.4898c1bfd4f7d27ba21e6143035b8c5e.jpg,dendrelaphis pictus,6,500,136
114294106_jpeg.rf.0c19b60eda3585d78e06e1b71a7690d4.jpg,daboia russelii,5,500,194
86727910_jpg.rf.74445acf00d63ff4cbbf894dde53ef86.jpg,daboia russelii,5,361,393
116519205_jpg.rf.623030a0ad552fbb96623947918dfd1a.jpg,trimeresurus albolabris,12,270,330
200255070_jpg.rf.e9ae662b18e6796cf756ac9970e8dd9c.jpg,trimeresurus purpureomaculatus,13,375,179
244263157_jpeg.rf.850fd002697db54ed7db0e2fb4820fbc.jpg,xenochrophis piscator,14,152,222
151716263_jpeg.rf.238809266255f1c57f366565a840b602.jpg,bungarus caeruleus,2,363,264
115041411_jpeg.rf.3d174301d2e710840ac6eb59ddf99c58.jpg,ophiophagus hannah,8,274,333
60721738_jpeg.rf.a9742a40e806ae30171fae177d1f98c2.jpg,bungarus fasciatus,3,410,350
101837833_jpeg.rf.d82327f4cde93abfe5f59ed35388140e.jpg,chrysopelea ornata,4,293,61
160645742_jpg.rf.8ff71009c2d3e53e096877542bdd3cbc.jpg,ophiophagus hannah,8,375,461
90725608_jpeg.rf.ed5e39fe1623b2951c541e492791b23e.jpg,naja naja,7,281,344
86505224_jpeg.rf.771c5d045e1e66afa2169fb5b2ed01ac.jpg,dendrelaphis pictus,6,343,212
217391213_jpg.rf.487da7dbb1910ec4730837680a6b4a56.jpg,psammodynastes pulverulentus,9,264,259
AUG164832575_jpeg.rf.43f183d92534de9f1bce4f715989eef2.jpg,naja naja,7,500,136
39029577_jpeg.rf.2ba9235c71f0e4965ade4c5ce5cc5336.jpg,ptyas mucosa,11,299,221
61933650_jpg.rf.d7d253c07fba4a33ba39198959d1c221.jpg,ptyas mucosa,11,365,366
99441809_jpeg.rf.fccb7b2fb30e82dbe95f3f7a1d18024d.jpg,amphiesma stolatum,1,468,290
98757139_jpeg.rf.8b8c59fee964600fb234caa3042e3a35.jpg,ophiophagus hannah,8,500,324
93233461_jpeg.rf.d6894065e66d36bd76ad6227a9565f68.jpg,xenochrophis piscator,14,157,108
98757071_jpeg.rf.32462fe9425d982ed71a596976083c26.jpg,ophiophagus hannah,8,265,404
177532857_jpeg.rf.eaf59683311e74abbc5d29073b7cf70c.jpg,trimeresurus purpureomaculatus,13,454,500
32002454_jpeg.rf.bbe6b0e799a100b173700ac9f9caf2ca.jpg,trimeresurus albolabris,12,417,337
AUG154534224_jpeg.rf.7ea8154448d250eb19026c475a37dc02.jpg,naja naja,7,373,409
24825293_jpeg.rf.e3a1198983f04b668384d2134791b123.jpg,dendrelaphis pictus,6,378,217
146305580_jpg.rf.5915fccad7da4bfcb8366291d57a8718.jpg,xenochrophis piscator,14,299,359
176247022_jpeg.rf.b1224b9a1a3b8ef7c40f5d1dfe1e11c5.jpg,trimeresurus purpureomaculatus,13,274,359
25527443_jpeg.rf.0f10e98ea76c10450010ac254992d423.jpg,ptyas mucosa,11,297,333
160462325_jpeg.rf.0c08bd696a7b782ea3313a6a0430319d.jpg,naja naja,7,403,200
34029293_jpg.rf.25fe2bb794a0c00b216701405c497260.jpg,daboia russelii,5,385,288
219660518_jpg.rf.c740c1e3a80e65831c99c6a4fba5263a.jpg,psammodynastes pulverulentus,9,428,271
AUG151801396_jpeg.rf.254e62739551a6ac5347af5e304539ae.jpg,naja naja,7,359,226
91194563_jpeg.rf.5b79ae9aa0587a81766898254d086fe5.jpg,dendrelaphis pictus,6,331,217
57436688_jpeg.rf.c9aacec5e2efc41e5b369de348e7a949.jpg,ahaetulla prasina,0,500,201
34630551_jpeg.rf.ab6a01ce02b501f43605b2503c4d98bc.jpg,bungarus fasciatus,3,87,295
171099441_jpeg.rf.60733d9564c19472d3236a09bc198116.jpg,psammodynastes pulverulentus,9,196,220
250193210_jpeg.rf.23031cf70d531b427e6d0024b476b06c.jpg,trimeresurus purpureomaculatus,13,500,375
90623117_jpg.rf.6db04d8b43800c7cbf704a6a3fc58785.jpg,amphiesma stolatum,1,373,343
58266030_jpg.rf.473441f371645217d5f30bf921607dbf.jpg,dendrelaphis pictus,6,150,375
24690391_jpeg.rf.caf2992ab49882a77ed3800cff12a8d8.jpg,dendrelaphis pictus,6,500,153
61556323_jpeg.rf.7dd634594e412641abd708307a9af1f4.jpg,ahaetulla prasina,0,492,141
41728964_jpg.rf.759a22b5bdba91681b1dcbcd634d6e38.jpg,dendrelaphis pictus,6,88,225
248976268_jpg.rf.253ec2541ba70a25f9399d163b8ef7af.jpg,xenochrophis piscator,14,366,333
58266029_jpg.rf.fe9ea4e360f877548e3b14b2d7034ea1.jpg,dendrelaphis pictus,6,97,375
160687429_jpg.rf.b30cb77b56fc9bede4a6568ce57e639e.jpg,daboia russelii,5,396,359
78664465_jpg.rf.ac3c1c08e175b0e3fb840832e2507686.jpg,amphiesma stolatum,1,135,305
134562_jpg.rf.4f61e0d3f6704b74fc7bd29fb1b5e5a2.jpg,ahaetulla prasina,0,333,340
105114823_jpeg.rf.3e42fcbbe18aef55725f9e85608a0409.jpg,dendrelaphis pictus,6,333,305
104077983_jpeg.rf.6734aa28ab0c2faf2cf2750fd1e4eb50.jpg,bungarus fasciatus,3,327,144
10623470_jpg.rf.8f99eff26bbbad3ba36aecc73195b1d3.jpg,naja naja,7,500,302
103433685_jpeg.rf.9c6509ba39aabb8e1b05648e7e0ecc85.jpg,bungarus fasciatus,3,262,439
127274592_jpeg.rf.c189f571150c68abbeb3c274e7e844c6.jpg,psammodynastes pulverulentus,9,197,196
153439165_jpg.rf.8693c0ffe6588bc2973cd4e76156f6d6.jpg,psammodynastes pulverulentus,9,159,347
AUG8672791084_jpg.rf.34a0e8be65d73b14c8a5a5f643a4cbee.jpg,daboia russelii,5,500,322
62482710_jpeg.rf.2e762ea3ad8be355311cd135b3081e00.jpg,trimeresurus albolabris,12,210,171
AUG168987290_jpeg.rf.75bd3b102bf8a1fb5f51ea956a2f2178.jpg,bungarus caeruleus,2,168,500
230630747_jpeg.rf.59c86d3c08f352343f8ddcb4f9dd9875.jpg,trimeresurus purpureomaculatus,13,392,333
AUG233761343_jpeg.rf.90886878eb47a66f1940163e47b07a05.jpg,bungarus caeruleus,2,500,131
57436708_jpeg.rf.85275f1c17e226e237344aff730a2734.jpg,ahaetulla prasina,0,447,158
162027170_jpeg.rf.b0e1e53dfe25c32ed463c14fe45b5053.jpg,bungarus caeruleus,2,476,145
90460318_jpg.rf.6997d87a9f85284a16db9a07e1516a86.jpg,xenochrophis piscator,14,72,202
102365551_jpeg.rf.d284a2c39fb26e88728aca2dcc4492ab.jpg,ophiophagus hannah,8,320,500
AUG169465348_jpeg.rf.240a3dee61b8d06f072f7601e52e6ad1.jpg,naja naja,7,426,296
89222492_jpeg.rf.18369bfe065cba787170722310436d41.jpg,ptyas korros,10,326,375
96573264_jpeg.rf.70e70795f085543a308a8c1156b6c719.jpg,chrysopelea ornata,4,219,474
30119804_jpg.rf.d01f650cb68e6d4de74edecc16be9392.jpg,dendrelaphis pictus,6,247,343
AUG88827468101_jpg.rf.b87b15dd79f198806e9a387e8158810b.jpg,daboia russelii,5,323,440
185781371_jpg.rf.2c3f11e51fb5406afcab032d6d780679.jpg,naja naja,7,381,266
107639533_jpg.rf.9c955a26d5a9fe3fe9d152d8b3f66cf5.jpg,trimeresurus albolabris,12,438,281
110498942_jpeg.rf.5bf2212465e29b814baed71a71685bcd.jpg,naja naja,7,325,375
235718718_jpeg.rf.fbeea8d6f2bd499be9f28c46f692a208.jpg,daboia russelii,5,315,177
97477736_jpeg.rf.6cb833501c501b652250fdbd7a03d902.jpg,ptyas mucosa,11,134,325
41909982_jpg.rf.df4eea2274e008a7c8f77bc9d84629c9.jpg,bungarus fasciatus,3,356,313
253341846_jpg.rf.e2b49d8a2b72b1784b343ca34e290f10.jpg,daboia russelii,5,486,375
13407313_jpeg.rf.56f48383196c3074e2b0b86cdf8a8248.jpg,bungarus fasciatus,3,464,332
15796986_jpeg.rf.2919373a9473c5351b3819b8a6dbd258.jpg,chrysopelea ornata,4,205,305
24574025_jpeg.rf.c99efabb31787533e858a0f2bb14cb8f.jpg,dendrelaphis pictus,6,281,365
143117648_png.rf.9826967f5101a8c152a7478d7b423914.jpg,bungarus fasciatus,3,489,226
44189086_jpg.rf.cb10cd6c6b136b6ed0ad775a04eb0bf0.jpg,ahaetulla prasina,0,214,222
21008626_jpg.rf.9e0482bcf8024755228bec4dcb2b4d11.jpg,trimeresurus albolabris,12,195,334
153640147_jpeg.rf.b1161e9084396c61c7d01b9613b54640.jpg,amphiesma stolatum,1,500,318
153066922_jpeg.rf.252813add4d720f321843d176a08d627.jpg,ptyas korros,10,478,126
158324914_jpg.rf.6c027b5586e42b25442fb90fb69837ff.jpg,ptyas korros,10,500,141
21957875_jpg.rf.d07ab55830cdc593eafe23c9e24c4bcd.jpg,trimeresurus albolabris,12,278,281
48344239_jpeg.rf.f29a8ed1d7eb4cd0ba84998035ff6d59.jpg,dendrelaphis pictus,6,192,343
156661785_jpg.rf.5b83d9009bdb98fed0c77267a5a560c7.jpg,ophiophagus hannah,8,82,190
32002457_jpeg.rf.a66f8769541fd69e898af6d2d245cf6a.jpg,trimeresurus albolabris,12,325,350
177531918_jpeg.rf.15042209cc0bcbf52584a229c6aa1822.jpg,trimeresurus purpureomaculatus,13,333,384
83517213_jpeg.rf.033930a3839caa51df21e252be30b999.jpg,ptyas mucosa,11,141,453
170807721_jpeg.rf.c22801bd3f05f769a7ece81b832c7836.jpg,psammodynastes pulverulentus,9,249,500
180548494_jpeg.rf.3f755ebc4ebe9d67725ad2b9ea2f5010.jpg,bungarus caeruleus,2,468,176
65705467_jpeg.rf.3bd71a5b87f84f2336d7336e06a26d50.jpg,ophiophagus hannah,8,153,377
139712636_jpeg.rf.fede4cc200284b4e6330aff6e720afef.jpg,amphiesma stolatum,1,158,225
160645742_jpg.rf.7f81218180a8b5cf781e3f6f382aa9dc.jpg,ophiophagus hannah,8,375,461
54206319_jpeg.rf.8c33306860dc56ac9fc8fc016ec9ba8b.jpg,daboia russelii,5,281,148
117185717_jpg.rf.c6d88060c4814b9f9e4e045a10d77cfc.jpg,naja naja,7,253,110
64550509_jpeg.rf.98cadf0984a338aef1e2d19afff6941f.jpg,chrysopelea ornata,4,125,299
91194490_jpeg.rf.95b59067af29ff84ff06105deb154cbf.jpg,dendrelaphis pictus,6,317,335
204628008_jpg.rf.5fbcd230aa19aee9401afd764ec02872.jpg,ptyas korros,10,435,136
AUG21918748943_jpg.rf.5fd710cb00c426d7d1e1378731570ad8.jpg,daboia russelii,5,308,330
123755881_jpeg.rf.320628de6f8213e289b420af4f068bda.jpg,naja naja,7,247,320
245234153_jpeg.rf.4fa0b0fb7b4c46b16e30b4a538b1ffbf.jpg,trimeresurus purpureomaculatus,13,348,330
206989671_jpeg.rf.4acc44efe3af5be4c13be8018fe27798.jpg,psammodynastes pulverulentus,9,110,494
167748970_jpg.rf.a1de0b5966a82b5c8d6ef13358fed4dc.jpg,ophiophagus hannah,8,261,217
67004162_jpg.rf.68bee44c3c6509557c117077435270cc.jpg,ptyas mucosa,11,500,142
178665_jpg.rf.2ceecadde7bda383ffdd8ab38ebae0eb.jpg,bungarus fasciatus,3,473,333
17398839_jpg.rf.9c3debb208e1ac089600c8215d9e471d.jpg,bungarus fasciatus,3,253,500
11949720_jpg.rf.db50a62430e0d4bbf357dda0d6c17c69.jpg,ptyas mucosa,11,287,127
121987074_jpeg.rf.9b3d5b0643b8f50b8f91b50c3c297788.jpg,bungarus caeruleus,2,466,205
114915060_jpg.rf.8742cf090fa78408277183d0d9b4dda2.jpg,ophiophagus hannah,8,281,166
163953578_jpg.rf.c5207506df9337722c3fc0755fa3ca88.jpg,psammodynastes pulverulentus,9,462,131
132279520_jpg.rf.dacba401cbebaaee1b74bde2664a3265.jpg,trimeresurus albolabris,12,254,150
128755274_jpeg.rf.a4baf0bb52dab4d4254104933c77c313.jpg,ptyas korros,10,367,231
69102395_jpg.rf.b698cf32bb656e25c226071d3e91ee63.jpg,bungarus caeruleus,2,282,473
11522546_jpg.rf.a88ff9409c6a44e89e6f59c405329b2e.jpg,chrysopelea ornata,4,264,227
142192662_jpeg.rf.4b60a776a6c6dc0a123eebac97f1f3fa.jpg,naja naja,7,243,213
83517301_jpeg.rf.94a19939238cb8bd3b25651253294ab0.jpg,ptyas mucosa,11,500,118
76499573_jpg.rf.7d05eeb0aa496e0560453e1745845d32.jpg,ptyas korros,10,36,30
63382033_jpg.rf.c58b727df764de423e149ffac990e996.jpg,trimeresurus purpureomaculatus,13,390,321
87754147_jpeg.rf.6f5df1794c492f15d65b7823c38239e7.jpg,daboia russelii,5,500,332
21886306_jpeg.rf.2180aba28f776620b4bad3071a85dfb6.jpg,amphiesma stolatum,1,136,318
60117113_jpg.rf.796201cf8e44e3a86fa9d8df8e4c7e49.jpg,ptyas mucosa,11,413,277
205381466_jpeg.rf.7884f5e856d0906a458b13e78e592284.jpg,trimeresurus purpureomaculatus,13,454,186
31370238_jpg.rf.0893999ea057393df81f94a81773b18a.jpg,chrysopelea ornata,4,358,470
AUG151801396_jpeg.rf.5f963a38fe51405ff2798ff38f36badf.jpg,naja naja,7,226,359
171394208_jpeg.rf.53508c9899a34c5c6190194f2e371dd0.jpg,naja naja,7,266,423
166140891_jpeg.rf.587788bcf2f517a972f0186a9acb507a.jpg,ophiophagus hannah,8,368,348
31374793_jpeg.rf.48fecdc5bb664d0365fe6aed8b5c8f24.jpg,dendrelaphis pictus,6,205,500
169599219_jpeg.rf.63db2eeb4390f087791c6f72d4515058.jpg,ptyas korros,10,500,393
57102783_jpeg.rf.b9f6cb83fa946cdc66315f128f0abe1c.jpg,ahaetulla prasina,0,100,104
248976272_jpg.rf.02157eb302d48e93bd656a8d22335f36.jpg,xenochrophis piscator,14,500,333
45325841_jpg.rf.344f074dd140f941939297ca44827154.jpg,ptyas mucosa,11,230,117
16732658_jpg.rf.ec2b2da80dd124ff2d2e3a651c41a9fc.jpg,ptyas mucosa,11,500,75
127169877_jpeg.rf.fe3ebc1e4c017f9b49b20a93b5f5d04e.jpg,amphiesma stolatum,1,479,334
61366950_jpeg.rf.1db31927f487c69287ae100be90bb5b2.jpg,ptyas korros,10,375,500
88214639_jpeg.rf.81410f2afe0ecbdf46351da3a47b02e9.jpg,chrysopelea ornata,4,431,309
227073932_jpg.rf.de7862b03b4606849d561cea7af6c282.jpg,trimeresurus purpureomaculatus,13,113,99
AUG85104258_jpeg.rf.b6e47b2efd1efee6f3b2cead780d3b0a.jpg,bungarus caeruleus,2,375,149
213343917_jpeg.rf.c16dbd7533b7422bd53700be8bfe4cf5.jpg,trimeresurus purpureomaculatus,13,334,264
23564677_jpeg.rf.93c9e36b807430588f397aa5edf32912.jpg,dendrelaphis pictus,6,500,283
99011762_jpeg.rf.be6676f4830c9ceb49401e7d38b4fcce.jpg,dendrelaphis pictus,6,160,317
239503355_jpeg.rf.e6192099b1a7637c5444713e98917065.jpg,trimeresurus purpureomaculatus,13,420,324
21008626_jpg.rf.58d3da3082c92633113dc766d08acc17.jpg,trimeresurus albolabris,12,292,195
157573374_jpeg.rf.fe877021487dcc173b58a4a77ea8e495.jpg,ophiophagus hannah,8,281,253
98372354_jpeg.rf.1b6743aa736f7485f5b1294c86d7948c.jpg,ptyas mucosa,11,236,375
239022695_jpeg.rf.573b657ebcb5a73556f80d27e2da1797.jpg,bungarus caeruleus,2,252,375
154534247_jpeg.rf.24246796f4d19538fc621c08a10caa0e.jpg,naja naja,7,339,400
93988080_jpg.rf.0f826d6859a7de64f67aaed8f519a40a.jpg,trimeresurus purpureomaculatus,13,317,168
153640147_jpeg.rf.0c4fb44e473f83c3eff3a60befaa2376.jpg,amphiesma stolatum,1,500,318
AUG167123398_jpeg.rf.63fd5deb5bbf3d8585eb87d618b745c2.jpg,naja naja,7,159,261
56365586_jpeg.rf.c721885a92f4db2e3d839a8c3af84050.jpg,bungarus caeruleus,2,394,375
91394895_jpg.rf.6a493047f3b39a6ae9bdbb748e8e3a43.jpg,naja naja,7,435,354
169599236_jpeg.rf.e66ceac37443710f22bc1ebf4f82c009.jpg,ptyas korros,10,488,391
11957990_jpg.rf.1bd4f5a8bc39f6076945eef130b0287b.jpg,ahaetulla prasina,0,361,369
56365552_jpeg.rf.a7eef97ed9acacc0c47e4b80879ba56e.jpg,bungarus caeruleus,2,447,271
167123418_jpeg.rf.e3cc6c9f845f811bf93fb486950603d1.jpg,naja naja,7,56,87
145587754_jpeg.rf.6d67a97f4cc2291fa6809578124250cd.jpg,dendrelaphis pictus,6,280,334
112129138_jpeg.rf.a304bfb60eb413b212d1bf2fd6fafc83.jpg,chrysopelea ornata,4,500,374
171057825_jpeg.rf.532cc64872c9a5d35d0dce57a67f0f14.jpg,amphiesma stolatum,1,375,395
82448502_jpeg.rf.f2f89ab49a488caaba57875edc43d69c.jpg,trimeresurus purpureomaculatus,13,316,333
138896861_png.rf.dc0d57fef6cdfd498f9f1c5afe5f6f0f.jpg,ophiophagus hannah,8,176,284
AUG134303542_jpeg.rf.ca65e0fe4e2b4b4408140c10be1bd248.jpg,naja naja,7,194,301
203755003_jpeg.rf.3b80e3ab4b2093fc71b9e7dbf4f7cea1.jpg,daboia russelii,5,127,106
233761484_jpeg.rf.821573b9cea22c639ab3e858c2c60dd4.jpg,bungarus caeruleus,2,157,134
9593692_jpg.rf.c2738956f76e4805ddac86ee2559e327.jpg,ahaetulla prasina,0,500,193
90623117_jpg.rf.82a094b8342f16cf7741ada784f4958f.jpg,amphiesma stolatum,1,386,349
133939539_jpeg.rf.f9e3583e6bce50c7ebd41307bdbf1510.jpg,psammodynastes pulverulentus,9,365,484
245297588_jpeg.rf.688fa831448c2c6456432c645bae5193.jpg,xenochrophis piscator,14,175,500
105556672_jpeg.rf.1992dbb4b3a5ab3683d7db0abf75c293.jpg,bungarus fasciatus,3,236,131
213307038_jpeg.rf.4e0ce84457e35a9dff3b1664a7a6ca46.jpg,ptyas korros,10,282,477
106785535_jpg.rf.682a58234951bcf3cb33f2711515510c.jpg,xenochrophis piscator,14,279,250
7512009_jpeg.rf.02a1eb4781764ab45a4b2e50b0308aff.jpg,ahaetulla prasina,0,333,334
248849932_jpg.rf.05d0693a40c55154685bbb0dd5739c06.jpg,xenochrophis piscator,14,134,227
78664484_jpg.rf.84791782cb5abf05200fb13a868b1bdc.jpg,amphiesma stolatum,1,191,285
38946945_jpg.rf.5e9f23c19f5cb26bb02706f7f91d6921.jpg,ptyas mucosa,11,313,375
172225472_jpeg.rf.68b4667aadf44e1ea741ccec201086fa.jpg,psammodynastes pulverulentus,9,350,334
171394196_jpeg.rf.f0a264a589570852338ed53563eeeb6b.jpg,naja naja,7,292,212
60826110_jpeg.rf.bd7e4edac0216467b6fea517a602b4f4.jpg,chrysopelea ornata,4,316,46
65594765_jpeg.rf.74db9cf8bda674c78bf9b8909d4043d4.jpg,ophiophagus hannah,8,468,240
118252609_jpeg.rf.70d7d05979c5f8540976061e5ad3ba22.jpg,amphiesma stolatum,1,500,463
157289117_jpeg.rf.c935a92f7db16bc49b82596dd336e116.jpg,daboia russelii,5,443,141
71788763_jpeg.rf.9c705889191664199801c49bf1ae0caa.jpg,bungarus caeruleus,2,500,270
160489104_jpeg.rf.93f3a0d5b74cebc25e99734d771680f6.jpg,bungarus caeruleus,2,390,334
173851656_jpeg.rf.039e9e314265bbb677f0bb28fba0e973.jpg,amphiesma stolatum,1,337,352
146382737_jpeg.rf.1cd50480e1304ee4abb59a88178b09a4.jpg,psammodynastes pulverulentus,9,297,305
173944710_jpg.rf.afa98fffa2169825aa13e444adc44d34.jpg,xenochrophis piscator,14,410,251
153066894_jpeg.rf.ea3ebc3ecb82b64a35a29cc9bb7c4ac5.jpg,ptyas korros,10,500,285
44189086_jpg.rf.a6040f9176175bf2b4d0ccdf0b86d242.jpg,ahaetulla prasina,0,223,214
50700169_jpg.rf.43efd39682ed3ff59ec2f50372420ac2.jpg,ahaetulla prasina,0,369,286
131484375_jpg.rf.94acab4f42fb76774c4432645fbc47f4.jpg,bungarus fasciatus,3,500,243
203755030_jpeg.rf.33236013445a8b58163337b5a610ba47.jpg,daboia russelii,5,110,106
AUG150879006_jpeg.rf.e0f09cb1fac48d17b3f96529d1eee7b9.jpg,naja naja,7,493,375
106547216_jpeg.rf.e0f0ccc7efc96293213d122b7ed51a19.jpg,chrysopelea ornata,4,423,275
AUG54206376_jpeg.rf.bcea22f29017ac4651f88d4bdcb38252.jpg,daboia russelii,5,308,169
167123418_jpeg.rf.0c03f9e24f19fc97f6feab9aaa7a60c9.jpg,naja naja,7,87,56
53041596_jpg.rf.96a1f74ba4b29d8593a3be0b90c7d4a2.jpg,ahaetulla prasina,0,500,239
39860493_jpg.rf.9182c46114afee736cf7c97d298c5942.jpg,chrysopelea ornata,4,142,357
32002454_jpeg.rf.e81e719095893eaac0aec4fc0c4debc7.jpg,trimeresurus albolabris,12,353,369
160463793_jpeg.rf.e0478bb92bee12a416cca3f11ae62b5b.jpg,naja naja,7,344,309
132165947_jpeg.rf.91b6496d86314bb51c9518c7addb618e.jpg,ptyas korros,10,292,231
71788737_jpg.rf.10b048bd504dd01fa67766a209ede19c.jpg,bungarus caeruleus,2,500,202
AUG203755030_jpeg.rf.128f76ccd58520a4d879caacdb1e8b59.jpg,daboia russelii,5,157,142
138963220_jpg.rf.15ccb2b9d409a4741db3a10f03117bd7.jpg,psammodynastes pulverulentus,9,280,240
AUG138481199_jpeg.rf.4de7fc76f71bcdbcb0ab10c05e6559b4.jpg,bungarus caeruleus,2,274,308
71788676_jpeg.rf.d12bd988912971ae9b2203a7ecf628a1.jpg,bungarus caeruleus,2,378,375
219592999_jpg.rf.543b21a22b909f161a25a7e61aa2f2da.jpg,psammodynastes pulverulentus,9,187,236
30119804_jpg.rf.d83aa3a5a5f4e5523b26997267c76a64.jpg,dendrelaphis pictus,6,447,247
32002452_jpeg.rf.b12bfb76f82454a69c8325d82c8b96e4.jpg,trimeresurus albolabris,12,364,354
30921910_jpeg.rf.9abeeea1f7e548d9143843b399a75c69.jpg,ptyas mucosa,11,255,192
98500429_jpg.rf.c0edaf093b7100cacb78129fb8b4e9ca.jpg,chrysopelea ornata,4,201,303
169064196_jpeg.rf.b0ea668269b3a0b2a7e1c4114b70bbad.jpg,ptyas korros,10,226,230
166140891_jpeg.rf.08de8bab778a08a9e29100f09d3401e9.jpg,ophiophagus hannah,8,392,328
166753847_jpg.rf.15d6030d01e75f3b877d069136b91e81.jpg,ptyas korros,10,500,361
156255727_jpeg.rf.229a1fb58e14febbc0c48ed7adc2b83c.jpg,xenochrophis piscator,14,305,217
53023347_jpeg.rf.473398d246609237e34c91442b392f75.jpg,bungarus caeruleus,2,431,373
153066912_jpeg.rf.1e5c0e8cfd7ae2a6de22f93894465122.jpg,ptyas korros,10,470,212
58971197_jpeg.rf.ac11a94f83c351eed6e8deef4605423c.jpg,ahaetulla prasina,0,333,247
143117648_png.rf.9f04122e7f18ca1e37a0636426c72fc2.jpg,bungarus fasciatus,3,226,483
55457928_jpg.rf.54e5632612c93e17bf5fbf43cff17c11.jpg,trimeresurus albolabris,12,325,322
228879817_jpeg.rf.80270442e3793d9dde51f9682a567ad7.jpg,xenochrophis piscator,14,202,284
24519761_jpg.rf.bb483782ab668a52ffef7d660ca81ccc.jpg,trimeresurus albolabris,12,159,106
30921907_jpeg.rf.5ee19d6cba2f92919bfc5cd51327e537.jpg,ptyas mucosa,11,193,492
27800845_jpg.rf.c7084e068d4ddfd16c53407384465cee.jpg,chrysopelea ornata,4,480,148
AUG88827468101_jpg.rf.776ad86239c33f1d00d648a541cd3d18.jpg,daboia russelii,5,323,440
148441401_jpg.rf.015966d1e83cc0cafcce8bce792f2885.jpg,amphiesma stolatum,1,41,375
173851656_jpeg.rf.2de2f6d898b12b96aa10093d68d0e966.jpg,amphiesma stolatum,1,331,359
58910610_jpeg.rf.bbecbddec39046bb7c9fb6767142e7c0.jpg,bungarus fasciatus,3,500,278
AUG160462325_jpeg.rf.0ea49f188477c136eab7cd8f3e78fde2.jpg,naja naja,7,248,322
65589168_jpg.rf.09b826530d6709a87c8c74d7d6fd7594.jpg,ptyas mucosa,11,375,252
238155089_jpeg.rf.ac181cdd9c7f133550b16ceab0fc0539.jpg,xenochrophis piscator,14,297,500
110935534_jpg.rf.17e61c4a451922ca57d51789eedc708d.jpg,chrysopelea ornata,4,335,298
165964198_jpeg.rf.00e5eac6486783f68b785208533a8018.jpg,trimeresurus purpureomaculatus,13,424,256
230630717_jpeg.rf.3665bf97e9857f6c61e2509022d87fdc.jpg,trimeresurus purpureomaculatus,13,300,333
238792072_jpg.rf.e35eaba5bc2081d9d86b4c49dd1404a1.jpg,xenochrophis piscator,14,305,447
122368174_jpeg.rf.ea21af6eb252d7458de4fa4abbe76d99.jpg,trimeresurus purpureomaculatus,13,272,307
193446900_jpg.rf.d7dcf2e9da6fb1f267416a97ac1905ed.jpg,ophiophagus hannah,8,304,222
AUG162027197_jpeg.rf.3d947ec9bff05ebfb3830258bb197940.jpg,bungarus caeruleus,2,442,165
AUG575474_JPG.rf.9258e56852d03f39d637e3dfdb038f4a.jpg,bungarus caeruleus,2,161,246
88691760_jpeg.rf.8fa75c585b661207df3c6952b2206301.jpg,trimeresurus albolabris,12,156,271
78443834_jpeg.rf.4aaeffd3ea213585c7d4c44f4f00f8a1.jpg,naja naja,7,375,357
88052426_jpg.rf.05e295e33bf557d0169977ffff34a73d.jpg,daboia russelii,5,500,366
74923030_jpeg.rf.b23f9a9c53994e3c3815da4b8351d24b.jpg,amphiesma stolatum,1,463,255
AUG180548472_jpeg.rf.16c7c2e580d348613c8dbfea400edac6.jpg,bungarus caeruleus,2,426,174
165505048_jpg.rf.33b0420855cb03b04f957f691b379358.jpg,ophiophagus hannah,8,228,256
208478912_jpeg.rf.fbdeeca8c27bff68a703dcbcf3381275.jpg,xenochrophis piscator,14,384,375
69117746_jpg.rf.e192bf19dae34aa29027da2d2d65c655.jpg,dendrelaphis pictus,6,454,375
240556046_jpeg.rf.d8ede20a83457c90fbce5bba17003087.jpg,xenochrophis piscator,14,262,279
AUG163408837_jpeg.rf.5152650e236284c74e2c8db43c512e26.jpg,naja naja,7,257,282
171057825_jpeg.rf.934e57544a06ed09df49701e30ddf0fc.jpg,amphiesma stolatum,1,367,500
253341846_jpg.rf.0a95d110aa0c9ed31620597fd85e03fd.jpg,daboia russelii,5,500,375
104085414_jpeg.rf.4f4693b2511201e649d070233e1c70cb.jpg,ophiophagus hannah,8,354,370
166753847_jpg.rf.e8dbd8ca5112e656f6773fc1d60eda1f.jpg,ptyas korros,10,500,361
107524967_jpg.rf.7d8261bd2b7331fd2a4924ac2a382e6d.jpg,ptyas mucosa,11,145,260
101837758_jpeg.rf.3907d30ada2ee0dfbf7e6cd0f3a0980b.jpg,chrysopelea ornata,4,148,457
103980796_jpg.rf.ce316bc54c23337765d32f430db44a4a.jpg,trimeresurus purpureomaculatus,13,106,196
226339257_jpg.rf.f48eb448fb36ec62f46aeae6b9ff7a07.jpg,daboia russelii,5,142,246
23564661_jpeg.rf.1c764a4f7058f530b158e23f66f2b477.jpg,dendrelaphis pictus,6,381,142
84129574_png.rf.35bbf21ee5c0732f66a754bca31870df.jpg,bungarus fasciatus,3,500,272
AUG38837613_jpeg.rf.b41dc6fcd346bfa1c509209bcd9d976f.jpg,bungarus caeruleus,2,245,461
28817015_jpg.rf.ce7ba6775885ccd45bb73f0d9d9b41b5.jpg,ptyas mucosa,11,246,500
40502695_png.rf.b49169ca155f0841a74128d60707bdfd.jpg,trimeresurus albolabris,12,243,186
127278091_jpeg.rf.45539bab5efdae54b50e7478f3de9a51.jpg,ptyas korros,10,370,213
125118019_jpg.rf.c3a636cc8a93d592556f4fb3aec0d98e.jpg,trimeresurus purpureomaculatus,13,460,451
104590227_jpeg.rf.e2cfeb835791b7d59f2431fcbfe79251.jpg,chrysopelea ornata,4,409,215
48344239_jpeg.rf.63fe7a91472206106720cd5b775e4f59.jpg,dendrelaphis pictus,6,343,192
96404981_jpeg.rf.2dfe9c9b3dea4d2280dead98ddd195c4.jpg,xenochrophis piscator,14,349,113
134562_jpg.rf.f0f33f8e02fadba8b396672adbc2e7d1.jpg,ahaetulla prasina,0,301,433
65479568_jpeg.rf.a23d315f4f4d7d2567fa9ad28b204a36.jpg,ptyas korros,10,500,115
84100561_jpeg.rf.537871220726d344ab249dfe90f61748.jpg,ahaetulla prasina,0,443,217
96404938_jpeg.rf.df3d6aad24dee62d9b28835fb76cc343.jpg,xenochrophis piscator,14,243,340
221000786_jpeg.rf.74d0ae99be2901073a4067847fca6d51.jpg,psammodynastes pulverulentus,9,338,392
229335090_jpeg.rf.20beb1895b5a7eb9713bf69dbdfac7ca.jpg,trimeresurus purpureomaculatus,13,348,312
24825293_jpeg.rf.4dd3eeac6777bea3e36013cd19320a98.jpg,dendrelaphis pictus,6,217,307
90063120_jpeg.rf.0d222d92c324dc1663a0f18e4b5c2fd5.jpg,ptyas korros,10,361,200
28862257_jpg.rf.0d9da68ccff0f483907ef6299d0908c3.jpg,chrysopelea ornata,4,284,338
177322210_jpg.rf.ccfd68d0938fdd60038ea39248ea2884.jpg,ophiophagus hannah,8,493,243
94328870_jpeg.rf.576a5f4630e5b36ac71e9f39f5ed776f.jpg,bungarus fasciatus,3,358,331
AUG13673366018_jpg.rf.e792c9c29500f60738eb1e9c1af75d15.jpg,daboia russelii,5,197,375
148243879_jpg.rf.bbb39a3a5315eaac4c84c96f33cd97bf.jpg,psammodynastes pulverulentus,9,80,195
48956381_jpg.rf.8bb23612aef66ec146ddc121f2717707.jpg,amphiesma stolatum,1,476,252
44246569_png.rf.d590764e9b27fe2bfeba9c4ee953850b.jpg,ahaetulla prasina,0,246,78
13407315_jpeg.rf.2bf3b98de538c004054b34376e341569.jpg,bungarus fasciatus,3,500,212
29059912_jpg.rf.28afca0096a83747bb89d6accf801863.jpg,ptyas mucosa,11,492,214
166256400_jpeg.rf.59892c53bcd04aca195524fe56620580.jpg,amphiesma stolatum,1,255,330
233761343_jpeg.rf.7f9958f97d44c2a64989d23adaea7443.jpg,bungarus caeruleus,2,500,114
239503336_jpeg.rf.c9046cfb5d9981a2d3a0ec87128b6386.jpg,trimeresurus purpureomaculatus,13,500,438
160947663_jpeg.rf.310b22d19717d75b675bc05ebc140b78.jpg,ophiophagus hannah,8,226,168
16177146_jpg.rf.aa00aadee13dc3a258070c5935a1e624.jpg,chrysopelea ornata,4,347,451
166753851_jpg.rf.0f2b15be8b65ce79767923199bc4c1b1.jpg,ptyas korros,10,431,333
31886882_jpg.rf.badc494c57e88be494c21fdd82bac8b4.jpg,ptyas mucosa,11,500,250
69919193_jpeg.rf.2147a0342c9c76ba715b16f899384d3a.jpg,ptyas korros,10,177,279
75156688_jpeg.rf.bb77f49362c6e2cc637a4ee766b67536.jpg,chrysopelea ornata,4,500,375
178665_jpg.rf.3aa38de0ce1021cc1e980c49ebc24524.jpg,bungarus fasciatus,3,401,333
56862413_jpg.rf.0671630f852850a839b2e294d0508c5b.jpg,amphiesma stolatum,1,500,193
168931155_jpg.rf.17494e439b3073da1c89a1314e1f6dd2.jpg,xenochrophis piscator,14,375,256
17173634_jpeg.rf.0f90427482caa87dae347363a8d2c8eb.jpg,dendrelaphis pictus,6,167,333
42796768_jpeg.rf.c137f28fcf9f331ab46a8d14a586e87a.jpg,trimeresurus albolabris,12,342,364
158342428_jpeg.rf.51dc869705924a3d0230b9fb2c8d9d48.jpg,psammodynastes pulverulentus,9,211,375
86025333_jpeg.rf.faf4881b69a8c778caa11b6cbd2fb3cb.jpg,naja naja,7,375,175
239503078_jpeg.rf.361a5ccd1a068227e1eccc1c9975efef.jpg,trimeresurus purpureomaculatus,13,353,346
111182173_jpeg.rf.d83daa466312cc5e1aedae6f14a680d5.jpg,ptyas korros,10,487,333
169599249_jpeg.rf.935bd882108ec598ae9ae038c901fa25.jpg,ptyas korros,10,500,235
82448473_jpeg.rf.ab7dbc65c8e25afe506fbd9023fef354.jpg,trimeresurus purpureomaculatus,13,474,299
64574593_jpg.rf.1527ca8e65a9c577cc9741eac34fb42f.jpg,bungarus fasciatus,3,145,347
82448497_jpeg.rf.1dc973a81f9966cd25963b75c7a98cee.jpg,trimeresurus purpureomaculatus,13,126,97
8976412_jpeg.rf.24b0ac16f16fa70124a5b542a8622da1.jpg,trimeresurus albolabris,12,281,253
86475309_jpeg.rf.39bbac66309c54eed888b89b0be156a7.jpg,bungarus caeruleus,2,500,270
212365792_jpeg.rf.40b6b1fd5663f0b4da2ed7b5b57d1c85.jpg,ophiophagus hannah,8,500,197
AUG170437773_jpeg.rf.43f1ef4d422c1f534fe4aad23a5398b3.jpg,bungarus caeruleus,2,317,410
AUG107330224_jpeg.rf.30b62d5d4761eb31197419fdee49d402.jpg,naja naja,7,366,495
162022996_jpeg.rf.e2f0d00d4ce2de15012e6d7a0536d0e8.jpg,xenochrophis piscator,14,316,328
28751467_jpeg.rf.231bf246b47a7d6787dc7c96b2decc85.jpg,ptyas mucosa,11,317,376
15796986_jpeg.rf.d5e22a7e3f5910ab2bb6dd7d49a02dc7.jpg,chrysopelea ornata,4,208,305
59648866_jpg.rf.aef97a87aec9a47fdaa8c11b5ce7086e.jpg,daboia russelii,5,361,175
172017832_jpeg.rf.847605d7f4fad5986a408bced1e24709.jpg,psammodynastes pulverulentus,9,255,238
142271466_jpeg.rf.3d5b2de7c7e2ca1589dd3958b0eb7807.jpg,ophiophagus hannah,8,500,334
71788763_jpeg.rf.39423207b0e71715292750eca00fb770.jpg,bungarus caeruleus,2,270,491
169465408_jpeg.rf.cb7c3227952b12b97ca463f447a9c1ab.jpg,naja naja,7,234,333
32723699_jpeg.rf.757e6679b7d5147c4b459ffa25cd63e4.jpg,dendrelaphis pictus,6,424,212
81709250_jpg.rf.4eff9bc85f86aa56d99d34dad94f2bae.jpg,ptyas mucosa,11,500,201
105556662_jpeg.rf.6150d8f195f65f2e6b2f54f82c1578b2.jpg,bungarus fasciatus,3,219,256
224528177_jpeg.rf.14abe43faf4a74e0d4c22ab0218eb1a5.jpg,naja naja,7,432,222
38830437_jpeg.rf.42361e17f36bac398f425a92ec2e2af7.jpg,daboia russelii,5,421,375
13407313_jpeg.rf.bb7687c48e23d7a891f336e17303365e.jpg,bungarus fasciatus,3,335,375
158342428_jpeg.rf.e958b48a5a1ef7c2719b18982ed45a54.jpg,psammodynastes pulverulentus,9,427,211
99194256_jpeg.rf.fdad7458526d8e903a6c3e3699d0397e.jpg,amphiesma stolatum,1,350,175
99008593_jpeg.rf.7a2d640140ec3a09fa51db47103f657a.jpg,ptyas mucosa,11,448,202
156224711_jpeg.rf.95ca199da02c15fa19e7504a3f95137b.jpg,amphiesma stolatum,1,314,339
230630770_jpeg.rf.7da06d1e3e3bdd039c17dc4e1ab7ce2c.jpg,trimeresurus purpureomaculatus,13,408,293
156255727_jpeg.rf.d8ce6858aedf31f60d95597d8cc1fb3f.jpg,xenochrophis piscator,14,305,217
56523978_jpg.rf.30e4c3dfd127a18094f7c6ffec123c0d.jpg,trimeresurus albolabris,12,291,500
18280896_jpeg.rf.cb04990193d7e89fceac7c04e356c02d.jpg,dendrelaphis pictus,6,500,245
28816997_jpg.rf.0ea7e5443ee6021e9fd8bb0ddd7dfa45.jpg,ptyas mucosa,11,226,375
239022695_jpeg.rf.52340f44629aaf2ad835d89701461463.jpg,bungarus caeruleus,2,437,252
46364605_jpeg.rf.bc96df6654d65c54cb5b7172a228500d.jpg,dendrelaphis pictus,6,333,281
AUG8815620499_jpg.rf.29ffc812618dc525d144cb38abc51e2b.jpg,daboia russelii,5,257,331
160008678_jpeg.rf.6117941736b2b27c541bd273ac74f943.jpg,amphiesma stolatum,1,157,355
124108478_jpeg.rf.3d5e11d763c2b58516173269f1ea3740.jpg,ptyas korros,10,149,275
AUG8672791084_jpg.rf.fcd1504753ccd614bb32325eab8a56b3.jpg,daboia russelii,5,350,393
69586799_jpg.rf.f8faa25e240efb18c5261a6053f8905c.jpg,ptyas mucosa,11,271,500
AUG225780483_jpeg.rf.086afb78b130d6fd91a2cb2c5d737824.jpg,bungarus caeruleus,2,431,500
87617771_jpeg.rf.75c26e0d9f20ebc664029d9d8bc5e41a.jpg,ptyas mucosa,11,416,276
32723713_jpeg.rf.5f6bb5573ecb2dd1a29f2be1a4c6a88f.jpg,dendrelaphis pictus,6,123,281
103599557_jpg.rf.13895d8ccbbac70a788419a0808c4d86.jpg,dendrelaphis pictus,6,493,261
88033891_jpeg.rf.359622281fc7978870a8518900e9bf70.jpg,naja naja,7,480,219
24690391_jpeg.rf.900664bd6153b4141a24b7804865a1fd.jpg,dendrelaphis pictus,6,500,153
127392992_jpeg.rf.636aedf4fcdde261fc91965e5fef3da9.jpg,trimeresurus albolabris,12,360,186
33478404_jpg.rf.51b5bc833dd1d8e13c260e68bb44f6ed.jpg,chrysopelea ornata,4,463,218
165505018_jpg.rf.96f2c2889cda8f7aa5c1b2be67b27dfa.jpg,ophiophagus hannah,8,451,317
AUG168478220_jpeg.rf.985057c8f11d878445738677bed53082.jpg,daboia russelii,5,500,323
AUG129241731_jpeg.rf.fa8a6fcb0884480e30a37c538c35f2b0.jpg,bungarus caeruleus,2,500,440
31886935_jpg.rf.77947c32cd942d90d35bf0fbc4531ed3.jpg,ptyas mucosa,11,246,241
146382808_jpeg.rf.4e4eb896acc46a525e8c5b07baec2cf6.jpg,psammodynastes pulverulentus,9,353,292
167688581_jpg.rf.2528828b95a9ea21617448f41a98bef0.jpg,ophiophagus hannah,8,253,106
145796409_jpg.rf.d7e2b0cc043a35263cfa3b8458f3f640.jpg,trimeresurus purpureomaculatus,13,325,375
93550860_jpeg.rf.6bfeb325d60330761c3ff55aeaad92ca.jpg,naja naja,7,278,213
170292232_jpeg.rf.425e15bc1dd8e3936f88e4e519b48461.jpg,trimeresurus purpureomaculatus,13,211,335
162027106_jpeg.rf.52b8ee2d19b4e185198f48e8c109c234.jpg,xenochrophis piscator,14,263,188
69195485_jpeg.rf.d31e5b70d43765e50bcc227c394a9bbd.jpg,dendrelaphis pictus,6,282,262
69195485_jpeg.rf.709a86f193a0f4e2913cadbbdd209ba3.jpg,dendrelaphis pictus,6,262,318
170186201_jpeg.rf.275ea2e54010d2960fa64984e88e3bea.jpg,ophiophagus hannah,8,451,300
72475490_jpg.rf.db516f91b0e66736556c2b3223e9b172.jpg,xenochrophis piscator,14,179,248
61933643_jpg.rf.c865d420ef48a59f0e91c66bf625c251.jpg,ptyas mucosa,11,364,375
82448502_jpeg.rf.2649688a24e01d279d45f56da2254afb.jpg,trimeresurus purpureomaculatus,13,316,333
153640147_jpeg.rf.d92198f2a05adcd84c3f1b5178681597.jpg,amphiesma stolatum,1,500,320
11391062_jpg.rf.391a558c22eea2e54c5ee66bfbd870f8.jpg,dendrelaphis pictus,6,346,405
235718718_jpeg.rf.fd227124ae71d4ed1e647414bf51337f.jpg,daboia russelii,5,177,386
150577008_jpeg.rf.19935d7dc1974a7bb238f1bdfc8d9511.jpg,ophiophagus hannah,8,500,261
58266029_jpg.rf.f300a84c66d73f5db304428a7246bbb1.jpg,dendrelaphis pictus,6,481,97
AUG52012588_jpeg.rf.4688710350fff3aab8429a93e9c5e04b.jpg,daboia russelii,5,500,253
105556137_jpeg.rf.0d694a36f0435c24deee14f4bffc1509.jpg,bungarus fasciatus,3,474,260
651293_JPG.rf.ce57adff0380f302effaaf54370f8f55.jpg,ahaetulla prasina,0,136,165
94338248_jpeg.rf.ce449240f4df7a8793a8675108e738d3.jpg,naja naja,7,261,249
109360824_jpg.rf.f04da540eca4bcefdb83789a1a69c892.jpg,naja naja,7,182,276
97477736_jpeg.rf.39772cbe5a445411d2caea012ce6c60f.jpg,ptyas mucosa,11,134,325
51346699_jpeg.rf.ac5e7164ad5c185f69424953ee9d6ae8.jpg,ptyas mucosa,11,500,136
14554822_jpg.rf.ff9e0db04fcbad48738674654aa3d8dd.jpg,chrysopelea ornata,4,364,229
168931176_jpg.rf.47bb10832b65cd9d610e31067f447915.jpg,xenochrophis piscator,14,355,370
103723136_jpeg.rf.5829d94f7140b0f8435bdc06e29919ac.jpg,trimeresurus albolabris,12,197,246
145794794_jpg.rf.17276d35b18207d2ce24c3cada486b7e.jpg,ptyas korros,10,127,500
88214630_jpeg.rf.9a77a420f0e7a067eead23ed692d5c8c.jpg,chrysopelea ornata,4,442,264
AUG231149082_jpeg.rf.ccb63af7b872d39a298b5aac32a0b3d8.jpg,bungarus caeruleus,2,243,490
131484375_jpg.rf.d76b7bc28762686e25a863800abb7fa2.jpg,bungarus fasciatus,3,243,333
178081049_jpg.rf.04acac04ff28f86dcc345a7aa55feef8.jpg,ophiophagus hannah,8,369,333
AUG78443834_jpeg.rf.38d7780d42ee4a963a1c81b69682395c.jpg,naja naja,7,375,419
13606171_jpeg.rf.721d63ddc8a216068bf1c60daf118dca.jpg,trimeresurus purpureomaculatus,13,369,306
79766412_jpeg.rf.dea9d0cb45be78fe6c6a2884b6694848.jpg,ahaetulla prasina,0,375,244
211358026_jpg.rf.edb20d2026db203a9c6fca39f4babf13.jpg,psammodynastes pulverulentus,9,500,255
8434281_jpg.rf.d1312f7d7d71c4d8257c80a1f72d7e02.jpg,ptyas mucosa,11,375,375
33940986_jpg.rf.c2ffa9376cf720a161d9f546bbf8c7ec.jpg,chrysopelea ornata,4,260,132
109582269_jpeg.rf.72f8c3acca7ef1a76bfda34695a25cbd.jpg,dendrelaphis pictus,6,365,185
67004162_jpg.rf.776e97ae66afb01d78b654e998e92b0b.jpg,ptyas mucosa,11,500,142
20757643_jpg.rf.710f89d868344f7b1c43bc7968974be0.jpg,amphiesma stolatum,1,218,407
102012127_jpeg.rf.2a612f6c8f41bbda4a7645fe1bdfe8e5.jpg,ophiophagus hannah,8,419,333
153261445_jpeg.rf.97b04c04b0b8ed9a44d65194c85fba44.jpg,amphiesma stolatum,1,213,461
19796062_jpeg.rf.f534b064921f80541ecc0084b9ade6fc.jpg,bungarus caeruleus,2,366,257
27645332_jpg.rf.2b2ae4c7d9761d3b258cf11cb577b8d8.jpg,daboia russelii,5,367,168
71909937_jpg.rf.1e04f8daa8c93e57d91a90b9461e7811.jpg,ptyas korros,10,365,447
20662246_jpg.rf.fb9149255e1f9584315afb1e4352d8dc.jpg,amphiesma stolatum,1,462,89
5883600_jpg.rf.22cbcb3b00abcc0bc808a82ae94abe8a.jpg,ptyas mucosa,11,446,149
74923030_jpeg.rf.f931d007aece33fb4af64bc3867e332e.jpg,amphiesma stolatum,1,256,420
111937254_jpeg.rf.fa18504254cdded7b03102cf5acc8f52.jpg,amphiesma stolatum,1,394,200
91194563_jpeg.rf.01bf3e3316b6b9a5df0f3ff535223a50.jpg,dendrelaphis pictus,6,245,306
89988725_jpg.rf.49ffa6b24ad1db87720169c31a0e2e0d.jpg,ptyas korros,10,388,238
173944915_jpg.rf.9e79e1d1756baeb561d58f31c7c6c96b.jpg,xenochrophis piscator,14,231,333
AUG87754147_jpeg.rf.1a531427242caf64c2e7fc277c7a7ff2.jpg,daboia russelii,5,500,332
160008678_jpeg.rf.d42019901165fa420a563b6a9c520fa0.jpg,amphiesma stolatum,1,157,355
59728679_jpg.rf.5184d11702c4bb5e591eef05f9e261a6.jpg,ahaetulla prasina,0,274,267
AUG78876217_jpeg.rf.ad9b3bd8ac85883b9872c5e00e43c03f.jpg,bungarus caeruleus,2,78,317
171057829_jpeg.rf.627dc5a58e862683b6fd4ae14063462b.jpg,amphiesma stolatum,1,230,239
87775650_jpg.rf.732999c74156d31b56b26fa4c3f657ae.jpg,bungarus fasciatus,3,279,333
79766412_jpeg.rf.c61fd790a91f683b1fcbbebc61bf4264.jpg,ahaetulla prasina,0,375,244
47319817_jpeg.rf.e515fae3442244b622a5f7b88e1555b7.jpg,chrysopelea ornata,4,183,375
25873874_jpg.rf.b1108881a686a143d0d4b762cc95848b.jpg,ahaetulla prasina,0,419,333
9153433_jpg.rf.c7f712dee8857b7636e1d2c9d6d947f0.jpg,ptyas mucosa,11,161,238
89715220_jpg.rf.18223b4758fab57af848ef6379cde8e1.jpg,ptyas korros,10,263,292
67421384_jpg.rf.234757a8d7bdb1baddcbfe31d6ed1fdb.jpg,ptyas mucosa,11,375,152
115069338_jpg.rf.527cbd8dd0e3b6c6822cab38a2f218ef.jpg,trimeresurus albolabris,12,200,333
63169777_jpg.rf.cf48445075f9dcc5d68df3fcb60d7d58.jpg,ahaetulla prasina,0,229,355
115059959_jpeg.rf.488718aba402a81489c96092d95239c8.jpg,trimeresurus purpureomaculatus,13,419,363
65150909_jpeg.rf.5e729d73e448a2cc30380521aaa1e795.jpg,trimeresurus albolabris,12,422,282
153917263_jpg.rf.76555ab5e986d89a1ef9e37abcfdaffe.jpg,ophiophagus hannah,8,458,195
34029293_jpg.rf.0bc0c9b62fe4e1a4112a3035dd8997af.jpg,daboia russelii,5,288,500
110829487_jpeg.rf.7e62aa70db88a8a79fb0e7a1ad06309d.jpg,dendrelaphis pictus,6,375,402
138099409_jpeg.rf.a71be3a41c99113976e5304c7f2a132b.jpg,xenochrophis piscator,14,249,230
18100132_jpg.rf.e27ed0c2f80510db08731f201a30a17f.jpg,bungarus fasciatus,3,306,191
AUG16144983624_jpg.rf.209b6b8cdf82b75fd8cb3bb590e19cf5.jpg,bungarus caeruleus,2,247,250
200255062_jpg.rf.16d9dd4f5dc77b93e65da980216adcd2.jpg,trimeresurus purpureomaculatus,13,152,500
133325084_jpeg.rf.427699a3836746b64db04e2e3e2d5ec5.jpg,psammodynastes pulverulentus,9,174,157
127686235_jpg.rf.83a3373fbf6846249069ada4632f116f.jpg,psammodynastes pulverulentus,9,327,273
130641715_jpeg.rf.0f325aa17fa6c88900577eb8642c32d5.jpg,ophiophagus hannah,8,401,101
AUG111193722_jpeg.rf.fc286ad0e41711bf174393db49771c21.jpg,daboia russelii,5,234,194
168926691_jpeg.rf.b46a40be864a9db791a22f7f5214c92d.jpg,ptyas korros,10,365,375
153439165_jpg.rf.86f194010a315c18cd46ae421fb7fced.jpg,psammodynastes pulverulentus,9,335,159
AUG7178873785_jpg.rf.995a4f88f1996b5b2f3845fa347cc857.jpg,bungarus caeruleus,2,500,166
96044791_jpg.rf.9290b55cf16c361a09ff91db95d93870.jpg,trimeresurus albolabris,12,278,184
100346464_jpeg.rf.646aa5d6668eea795644469e9ec187b9.jpg,ptyas mucosa,11,373,300
230630732_jpeg.rf.a927c73c1f695fd10844934d28fde65f.jpg,trimeresurus purpureomaculatus,13,380,253
155902585_jpeg.rf.4aef13ad44a94c0aa42c1127ea3b9ec9.jpg,ophiophagus hannah,8,313,257
150669733_jpg.rf.e9f5fd9d43225893e9a8d44cf52dac60.jpg,psammodynastes pulverulentus,9,480,212
228879817_jpeg.rf.a6c3bdc193f4d3fa9a27be19ea855e25.jpg,xenochrophis piscator,14,202,284
48956381_jpg.rf.27d219aa726efcf9aa77fd4e692d8952.jpg,amphiesma stolatum,1,252,375
71597949_jpeg.rf.fcee174ec3af94c88eed1bd96130ddc6.jpg,ptyas korros,10,368,185
38320860_jpg.rf.829e64de089c304f6287b23b8457c8ca.jpg,dendrelaphis pictus,6,343,209
87377141_jpeg.rf.8cfd068121c79c0811444b2be2e6d015.jpg,ophiophagus hannah,8,194,281
180235288_jpeg.rf.db312450fbfb26a561916b05472e67b9.jpg,amphiesma stolatum,1,130,276
55747539_jpeg.rf.dce5d21bbe8168ebb54a2af9ef2f85c2.jpg,ahaetulla prasina,0,450,308
208478940_jpeg.rf.dd30526077be409b14e11ebafa888d55.jpg,xenochrophis piscator,14,239,375
42478361_jpeg.rf.57620e5adae55ec37e713ece1a622748.jpg,chrysopelea ornata,4,149,125
55747435_jpeg.rf.0a938374276d1392a358a0ab016afb3d.jpg,ahaetulla prasina,0,122,116
94328891_jpeg.rf.ef33e47720e0595741259cd61d788f8b.jpg,bungarus fasciatus,3,479,179
16177463_jpg.rf.45df00577c17328c3f1cb5e18142ee24.jpg,chrysopelea ornata,4,438,375
97258205_jpg.rf.6cd87db037819639bbb98a745f85fcc0.jpg,trimeresurus purpureomaculatus,13,281,288
AUG107923532_jpeg.rf.323a0ee5fdce37285a139b1b0749ea23.jpg,daboia russelii,5,200,500
86904109_jpeg.rf.3a31f11cce19e560c961765d8bbed7de.jpg,amphiesma stolatum,1,342,375
84129574_png.rf.c44e9f84246997a32f6a4af36989ec1c.jpg,bungarus fasciatus,3,500,272
88156204_jpg.rf.c235fbc072bd8f9cea51ca260d5437dc.jpg,daboia russelii,5,212,313
AUG110498956_jpeg.rf.e49f2e02183c7221ca8f7bb2ed29fff0.jpg,naja naja,7,375,134
AUG160463793_jpeg.rf.71aeaf7338984fc1c3a9a473ad6fcb7b.jpg,naja naja,7,329,309
218087772_jpg.rf.23126f43fc03242dbc745246fe816722.jpg,psammodynastes pulverulentus,9,297,436
122368217_jpeg.rf.be5bd469d006dff677cea7353d162baa.jpg,trimeresurus purpureomaculatus,13,322,493
208478859_jpeg.rf.81458da02a1ad49ae1fbb675cedd95c1.jpg,xenochrophis piscator,14,500,350
231149151_jpeg.rf.2feab32bdf7056cc28a944a99fd33b41.jpg,bungarus caeruleus,2,225,423
AUG142192662_jpeg.rf.0c5b86a79151543fef21afd991c90f64.jpg,naja naja,7,246,223
31886935_jpg.rf.705451f5cb0e168e213471a157d44d01.jpg,ptyas mucosa,11,337,218
83218715_jpeg.rf.78315574a063647a01a24a646c1d2192.jpg,chrysopelea ornata,4,500,161
145289433_jpg.rf.854b901ecab3db34a7a68152b7557fc7.jpg,psammodynastes pulverulentus,9,271,236
160008649_jpeg.rf.2fd4a5aa198fceeb239e111a9ffb7af0.jpg,amphiesma stolatum,1,405,334
38320860_jpg.rf.4bc678cc5da3d3655cb25ada130d0f3a.jpg,dendrelaphis pictus,6,209,399
AUG34306497_jpeg.rf.7311223be7af277314e560a6bca9947d.jpg,naja naja,7,394,254
55159493_jpg.rf.c497d2280dde7e10f6485e25b4d36817.jpg,chrysopelea ornata,4,183,235
19795980_jpeg.rf.3758eff18577fa3046f51c63990344d3.jpg,bungarus caeruleus,2,254,436
AUG78443834_jpeg.rf.f5b6dd074d8a7c94bcc254a283494418.jpg,naja naja,7,371,500
115190441_jpg.rf.00d9e5af51ae25b1d598923105e324bb.jpg,trimeresurus albolabris,12,461,303
169133741_jpeg.rf.5ecd799daa8284a7c2f715f54dfff13c.jpg,psammodynastes pulverulentus,9,427,264
170712914_jpg.rf.e0ab0e3f0be95b32b87626270e6c2713.jpg,ophiophagus hannah,8,132,375
103274113_jpg.rf.7a2ba1b7931091ec96c56bb127e8cc7c.jpg,xenochrophis piscator,14,500,234
31376437_jpeg.rf.1cdece7b8b16bf4fe97dd3838231a979.jpg,dendrelaphis pictus,6,366,500
227073946_jpg.rf.dfef65c27f6e8fafd101c0cd5b348138.jpg,trimeresurus purpureomaculatus,13,119,116
97397483_jpg.rf.1f552dc42839beccf1e328875b900c4a.jpg,ptyas mucosa,11,310,500
30256204_jpg.rf.cbfe647fae9a4e05f1e2b3e34ffbf726.jpg,dendrelaphis pictus,6,258,290
27532933_jpg.rf.ff68e42ebfb05ccd51821edf46c77f1e.jpg,chrysopelea ornata,4,152,83
92290664_jpeg.rf.4626edad4eb2e9db1ee0516d324e6bae.jpg,trimeresurus purpureomaculatus,13,402,375
99557053_jpeg.rf.9987cab9242095d2c69d251367b3eeef.jpg,trimeresurus albolabris,12,315,270
84100561_jpeg.rf.d4875567ff343b907629b9e2186c65be.jpg,ahaetulla prasina,0,217,372
244293443_jpeg.rf.0d99793401f1258a4af279db140bf366.jpg,naja naja,7,314,487
169599219_jpeg.rf.e674d4230969e5e94e5a7aa6fc5662a4.jpg,ptyas korros,10,500,393
176247018_jpeg.rf.77e23aa906818978caf60e3aa052e6e5.jpg,trimeresurus purpureomaculatus,13,239,234
103139424_jpg.rf.5782089087fe2d089c11c5fc3f917eea.jpg,trimeresurus albolabris,12,353,214
13407314_jpeg.rf.78cd2671eec2faa436862a10a0b5f2a3.jpg,bungarus fasciatus,3,342,315
55891663_jpg.rf.9e33c9d80a4dcc49aff3a4458c64f379.jpg,trimeresurus albolabris,12,200,249
200923819_jpeg.rf.47ad28b4da3b73c8d5ac4a81a860d77e.jpg,ptyas korros,10,375,341
44189086_jpg.rf.a662ac49ce11abae7493664b0bc96487.jpg,ahaetulla prasina,0,214,222
94328843_jpeg.rf.3489bfcaaa4f4b523f11345d41b49776.jpg,bungarus fasciatus,3,153,375
188473033_jpeg.rf.91acc7091163a106cdeec10acb78910a.jpg,ophiophagus hannah,8,220,393
243078998_jpg.rf.4cb9ae12cc00900a02928f97c1eaf8d4.jpg,xenochrophis piscator,14,429,149
108826509_jpeg.rf.8674ee27b53d405878fcb50a3fa4771d.jpg,trimeresurus purpureomaculatus,13,391,253
117604378_jpeg.rf.3787080312f6a57af4d9fb15aad52e80.jpg,ptyas korros,10,446,198
28066531_jpeg.rf.e486b54c2efe3e66afba659f7434dc22.jpg,ahaetulla prasina,0,500,145
AUG8672797187_jpg.rf.d5b9adcf53c2984ea8141eabda60936a.jpg,daboia russelii,5,500,333
9153433_jpg.rf.8df6da9057814ab7766257e9440307e3.jpg,ptyas mucosa,11,161,238
44718411_jpg.rf.53607a0fad499fcd5b004bd96fee6b9d.jpg,trimeresurus albolabris,12,433,309
190849237_jpeg.rf.e2d8d82e55ea68877201bc7e3badda18.jpg,ophiophagus hannah,8,282,280
AUG203755003_jpeg.rf.a7ffc9e36ad824ed72bf7071344eb25d.jpg,daboia russelii,5,143,123
160008631_jpeg.rf.54f7d233762ae2e1d3dae1adc9a0611c.jpg,amphiesma stolatum,1,494,123
65594719_jpg.rf.74526aa251bddda1a9deafdf6bbd83c1.jpg,ophiophagus hannah,8,288,333
117185717_jpg.rf.f398ac51bb2ae265a31dad675fce3efb.jpg,naja naja,7,110,253
215686748_jpeg.rf.19b8be7a37b737b83c831d7beaf13c31.jpg,psammodynastes pulverulentus,9,388,201
130641691_jpeg.rf.40123671f3f19f353538f973d03c5b36.jpg,ophiophagus hannah,8,82,265
AUG21672263447_jpg.rf.ab3687f405ce9a2f9adb243e0e4c56b7.jpg,bungarus caeruleus,2,230,219
239270490_jpg.rf.1c7b392fe9f35971566545bedc7d1405.jpg,xenochrophis piscator,14,196,166
71792052_jpeg.rf.7b413c30c74a336a0c8f135487c3e016.jpg,amphiesma stolatum,1,375,249
170186245_jpeg.rf.7b5c5f76a8a9ce0f398a066b72199deb.jpg,ophiophagus hannah,8,379,231
68068498_jpeg.rf.72893aadaba3c2b8344264e2cf38f1f1.jpg,bungarus fasciatus,3,307,266
71788737_jpg.rf.b2f0f7aae5497052d8c8e909a88d70d6.jpg,bungarus caeruleus,2,500,201
84175922_jpeg.rf.db8a978811ffbcac94d9ccdb5a0caa98.jpg,ptyas korros,10,359,500
4187011_jpg.rf.2b6b0d2aff0391795c04e719646d2ca4.jpg,chrysopelea ornata,4,255,477
194714255_jpg.rf.300dc1a0ccea794c9fd6b682f07543ec.jpg,psammodynastes pulverulentus,9,461,254
55747435_jpeg.rf.2b88297f7e475b8f75d7d890db1ec180.jpg,ahaetulla prasina,0,122,116
21008626_jpg.rf.e2fe7da9dc330479781a6570d83ad37f.jpg,trimeresurus albolabris,12,195,334
101837930_jpeg.rf.07b2fd773aca25d07242dd3dafba8cb2.jpg,chrysopelea ornata,4,355,176
107267930_jpeg.rf.81cbb9e5bfc1a6718c8523e283757a7b.jpg,bungarus caeruleus,2,197,205
153066912_jpeg.rf.ddd82585d9402f108a4c55528a553205.jpg,ptyas korros,10,470,212
AUG107288826_jpeg.rf.3ef7823f5b7dc51b12bd3da927d77373.jpg,naja naja,7,286,500
28391524_jpeg.rf.a9c8170794209b2021d82436bcdfe3d4.jpg,ptyas mucosa,11,228,201
103321954_jpeg.rf.b625f1784af99332bbeef478f432dce5.jpg,ptyas mucosa,11,375,135
180548472_jpeg.rf.22500d81a6f556236d362fe49c747e49.jpg,bungarus caeruleus,2,394,143
56365586_jpeg.rf.768831c502592694e48bc36777bda214.jpg,bungarus caeruleus,2,461,356
19916840_jpeg.rf.f85cdb5485610035916eb041ddcae157.jpg,bungarus fasciatus,3,419,75
75766248_jpeg.rf.35d65112357492be9c55371aee892157.jpg,ophiophagus hannah,8,412,299
117604381_jpeg.rf.aea4bfb49f408acf361dd34194901755.jpg,ptyas korros,10,487,282
79766907_jpeg.rf.c91387daec4d001c2a69e0c673a4fe47.jpg,ahaetulla prasina,0,330,500
169854467_jpeg.rf.4112f7261a242048e8362a17dadf4731.jpg,ptyas korros,10,258,262
180235288_jpeg.rf.d0c3eee98cef85991ee4f100efff1b35.jpg,amphiesma stolatum,1,130,276
61176282_jpeg.rf.b08281200ea1d68312c852dd33ec53be.jpg,amphiesma stolatum,1,477,257
208478940_jpeg.rf.d37f96f6a7c586f904114bff51ed9e21.jpg,xenochrophis piscator,14,500,239
52500633_jpeg.rf.c2afa7152be990b7b02394db168dbb7d.jpg,chrysopelea ornata,4,296,87
78876217_jpeg.rf.299acadf53acd48527243b909e45dce2.jpg,bungarus caeruleus,2,408,114
190849237_jpeg.rf.19b66483949b572248d9acc67a7360f0.jpg,ophiophagus hannah,8,500,250
124108478_jpeg.rf.4e3c320df8a109a081b60aa21d2f24ff.jpg,ptyas korros,10,274,149
71788676_jpeg.rf.7f4bc33c9ad7316d4d640bd5d2e11b83.jpg,bungarus caeruleus,2,500,372
239016628_jpeg.rf.0b29a3064db71244852949a438554c51.jpg,xenochrophis piscator,14,375,353
238792111_jpg.rf.fd821335500aec5794954faddab3a951.jpg,xenochrophis piscator,14,388,226
125696819_jpg.rf.db9809371ec0e57453f5037fae074475.jpg,ptyas korros,10,400,278
59107260_jpg.rf.9cdba5db85be27e4eeac18ed2a299cb4.jpg,trimeresurus albolabris,12,500,375
204030839_jpg.rf.b10d21523ea2c2a8d989524a5a6d613e.jpg,ptyas korros,10,500,333
106785533_jpg.rf.3a567dd1f5535dcd2bd697a010792ec8.jpg,xenochrophis piscator,14,500,123
221129929_jpg.rf.9f1570e747bba829adad251052265687.jpg,psammodynastes pulverulentus,9,384,308
213512243_jpeg.rf.810910cd337998e04b093f13456c1e74.jpg,naja naja,7,148,187
10623470_jpg.rf.76b855a16ae7f0e461773726c18ac384.jpg,naja naja,7,500,301
103312209_jpeg.rf.af89647937d789b1c6753e65441771be.jpg,xenochrophis piscator,14,168,349
105386839_jpeg.rf.39849b3760b0c69f9c99243e9821839f.jpg,daboia russelii,5,500,329
69102395_jpg.rf.2f3eddea741f484b94076cf6942be6a9.jpg,bungarus caeruleus,2,282,473
104125482_jpg.rf.08d66adcf558ec7cf150974ee6fb29bd.jpg,xenochrophis piscator,14,455,160
AUG160489010_jpeg.rf.e866e76c271343e7a72c3a31d94f5a64.jpg,bungarus caeruleus,2,356,305
AUG78876217_jpeg.rf.a372a3d1e2170f5e9bd822cce4c7b580.jpg,bungarus caeruleus,2,389,78
18100132_jpg.rf.1df862f8f101475541264c31bba9210c.jpg,bungarus fasciatus,3,306,188
52400930_jpeg.rf.5f92224bb6348933e8ddb3f19f6026f1.jpg,ahaetulla prasina,0,500,341
219660494_jpg.rf.fcd7c5f4570d0e0ec08d2d9d596acf1c.jpg,psammodynastes pulverulentus,9,107,250
47325005_jpeg.rf.51cbfde06b23599d920ebcf21714e3ce.jpg,chrysopelea ornata,4,148,70
AUG175971446_jpeg.rf.5f32ecb862687f0196078806ef6ece20.jpg,daboia russelii,5,312,333
91286620_jpeg.rf.5d2b7305596e2b4f7bcd0fa663f1c8a5.jpg,bungarus fasciatus,3,485,375
11495601_jpg.rf.e3733a388fed4380e325ff9e1a4ae41e.jpg,ahaetulla prasina,0,159,239
162027106_jpeg.rf.aa53b34b0fbc16bce1a81a729cc7a543.jpg,xenochrophis piscator,14,188,263
AUG87754146_jpeg.rf.3316609659d6bd3e988636c593749270.jpg,daboia russelii,5,430,332
102977445_jpeg.rf.7c92237f0c5fd9a064f1cff221a7d61c.jpg,xenochrophis piscator,14,375,191
160645763_jpg.rf.36fd9b55a5c24f3621f82f9da613847b.jpg,ophiophagus hannah,8,426,375
17170375_jpg.rf.69dcc38859bd4cfd87fd1ea9dd20e7c7.jpg,trimeresurus albolabris,12,494,140
112130026_jpeg.rf.b2b547bde1505523b67728995c4fbdd9.jpg,dendrelaphis pictus,6,370,374
167857688_jpg.rf.12df85875328938c4f8f673b9a81082b.jpg,ptyas korros,10,308,223
99441809_jpeg.rf.c9e4acfa4ae4a0d568c2f2f930f4c6fb.jpg,amphiesma stolatum,1,468,289
173944906_jpg.rf.f0130245028683d846edcf3d627f4392.jpg,xenochrophis piscator,14,333,245
72475490_jpg.rf.eef28eb9b2845de81ba26e809e8f5d7c.jpg,xenochrophis piscator,14,179,248
19796018_jpeg.rf.325985ea03ae5f35a01353ed33cc074c.jpg,bungarus caeruleus,2,226,281
133718830_jpeg.rf.0568202afc11be4fc41b509cfa84e617.jpg,ophiophagus hannah,8,106,448
88850258_jpeg.rf.75edad3294f2c833a2446dbad5b6c282.jpg,amphiesma stolatum,1,235,306
117798978_jpeg.rf.480a835bda82c35f814f539b365e517a.jpg,ophiophagus hannah,8,409,211
38466882_jpg.rf.b727a70c31d0d10f83941d4593daa04b.jpg,dendrelaphis pictus,6,214,298
46611085_jpg.rf.7c4d8dfbfb8cf1137038b14f0710bdce.jpg,xenochrophis piscator,14,255,316
7931751_jpg.rf.600543c8e26eb607a336f2b8ce9b5940.jpg,ahaetulla prasina,0,500,203
237137468_jpeg.rf.ae340e02c93754327ee935f1bd452f43.jpg,xenochrophis piscator,14,116,104
188502351_jpg.rf.7b728e50bafbf83b5379a01407581c7a.jpg,xenochrophis piscator,14,171,225
28201583_jpeg.rf.9467096b9fe3f2f0f3f21111ec0134f2.jpg,naja naja,7,500,375
179008122_jpeg.rf.11fb627aa92185f2f49b4aa27729000a.jpg,xenochrophis piscator,14,170,289
185048071_jpg.rf.97e3792751b1fb0eb63a5641bd238aac.jpg,trimeresurus purpureomaculatus,13,141,198
90585353_jpg.rf.9d6df59708e22e9b7b3f629a9d15d55b.jpg,trimeresurus albolabris,12,160,201
106785533_jpg.rf.a81ce7284717a7bea25230f4fdc63623.jpg,xenochrophis piscator,14,500,123
86505253_jpeg.rf.c8fe63f16f4e36f196eaffe3c112f730.jpg,dendrelaphis pictus,6,229,488
57102783_jpeg.rf.e24fcf416402a0fa9ea21d4b340cb92c.jpg,ahaetulla prasina,0,104,83
86505224_jpeg.rf.1fff135d332c4b73025c6c96073cfe20.jpg,dendrelaphis pictus,6,343,212
117798978_jpeg.rf.a0804f73d70d17a4dd839adbf9fb7bb5.jpg,ophiophagus hannah,8,211,336
128856632_jpeg.rf.8653830370a5d90af522e63ff1c5750f.jpg,psammodynastes pulverulentus,9,200,331
116497661_jpg.rf.b3c2585f3314878e5e8fb082b8a300dd.jpg,ptyas korros,10,153,224
36562957_jpg.rf.14a9deb6eec50a7d1373236d6bd69b59.jpg,ptyas mucosa,11,375,265
55747539_jpeg.rf.a6d284baeca24823c5d53ba577181c72.jpg,ahaetulla prasina,0,308,375
114702699_jpeg.rf.9c5fdbb17fb71ff4b51aa32b8bdac0fb.jpg,trimeresurus albolabris,12,219,145
109582184_jpeg.rf.74f1abe5adc42208948dc0757abb68d1.jpg,dendrelaphis pictus,6,165,209
AUG248979582_jpeg.rf.4ad190d58f375b3511a9d6d4678bbf63.jpg,bungarus caeruleus,2,466,325
111570928_jpeg.rf.949345357e1da78a7117ea973f8317cf.jpg,trimeresurus purpureomaculatus,13,280,500
AUG106234700_jpg.rf.d469f5963352663e4adcdc463de56332.jpg,naja naja,7,500,271
27800845_jpg.rf.2a8ee7c73efbe22a20b80371c5d44638.jpg,chrysopelea ornata,4,480,148
160645763_jpg.rf.94b3ded3f0578c0a1cd2fedef938a960.jpg,ophiophagus hannah,8,419,375
140441752_jpeg.rf.dbffc76b335050d08c8dd623b3ed1e9e.jpg,psammodynastes pulverulentus,9,249,191
109804697_jpg.rf.e1220221e3fda57665cb443bac9de1fd.jpg,bungarus fasciatus,3,203,442
166753849_jpg.rf.ddb4aa5f7ca8657e48b7a218f1fd2616.jpg,ptyas korros,10,500,332
11495601_jpg.rf.a4a03562dca6b781d37135bacbe775b2.jpg,ahaetulla prasina,0,159,238
27532933_jpg.rf.1e03a8d3c230d78ba53ae71a811e2c6b.jpg,chrysopelea ornata,4,83,152
30256204_jpg.rf.55665527bbd3f7e9721bc4d9ee12b3ee.jpg,dendrelaphis pictus,6,258,290
51495644_jpg.rf.2c5a90664f0e56a2883b154a1ea9b287.jpg,daboia russelii,5,498,247
104125482_jpg.rf.664671d5accaa4ef0ef40e806382fbd7.jpg,xenochrophis piscator,14,456,160
216443876_jpeg.rf.8c53042826650287196381023a3d6a48.jpg,psammodynastes pulverulentus,9,439,258
125118063_jpg.rf.512b958bea22dbdad0bc4833be461cd7.jpg,trimeresurus purpureomaculatus,13,437,282
143117648_png.rf.40696733bde7fa6ad1b0ac8aaa8e6b66.jpg,bungarus fasciatus,3,226,483
88156189_jpg.rf.0cbfffb1343358c37302b27d70b610a0.jpg,daboia russelii,5,202,496
165505048_jpg.rf.80384fa0ce9a6e83fce5aab305a0423b.jpg,ophiophagus hannah,8,382,228
38319241_jpg.rf.0594704377d2d8cbd71829b9752f8eed.jpg,ptyas mucosa,11,446,257
140441687_jpeg.rf.5872a16e957e95594bbb6d99babc1ff4.jpg,psammodynastes pulverulentus,9,187,169
208478912_jpeg.rf.b68710df0b4086546fdf280511ddb769.jpg,xenochrophis piscator,14,488,340
139712823_jpeg.rf.04ba280891a4f26ffeefad5d16773050.jpg,amphiesma stolatum,1,393,61
8976412_jpeg.rf.2f11af0d44c17517ba4784453c0b5b39.jpg,trimeresurus albolabris,12,254,308
108156656_jpg.rf.eb0b003c973c92d29edb4ebe9baadda4.jpg,bungarus fasciatus,3,462,197
33479808_jpg.rf.30c481ffd96da9b307b540392deac2d7.jpg,dendrelaphis pictus,6,211,426
91194502_jpeg.rf.d251f463b2a7b83f1913ec636e4c0712.jpg,dendrelaphis pictus,6,468,223
95677234_jpeg.rf.01c763987f67314f8699941bb4eb8816.jpg,trimeresurus albolabris,12,165,174
55457928_jpg.rf.9e0c91d9d4593cd01a62f1c4a2907f85.jpg,trimeresurus albolabris,12,325,321
169599236_jpeg.rf.9a5b96f284fe2c6dad8decbe87c09efa.jpg,ptyas korros,10,488,391
124108398_jpeg.rf.33f4eb8089d333aba45a972fb082f6a7.jpg,ptyas korros,10,264,214
176460933_jpg.rf.0caf266f2450ab1d3ec6c7f47025c89e.jpg,psammodynastes pulverulentus,9,431,426
AUG575475_JPG.rf.51010b85254eecc87031966eab3a6bee.jpg,bungarus caeruleus,2,367,249
92075925_jpg.rf.8bbe23080d2aae37883dd1c04a1aae60.jpg,dendrelaphis pictus,6,203,446
7978270_jpg.rf.58249b51a3748aa861b0829824402398.jpg,amphiesma stolatum,1,500,400
123755881_jpeg.rf.0b39b6f0b06d547d9399269f272b0040.jpg,naja naja,7,347,248
116506445_jpg.rf.c712b8240099e3fedbe5f55cea902856.jpg,trimeresurus purpureomaculatus,13,375,134
227224790_jpeg.rf.31db68e7c425cef2f7963496ec72258c.jpg,xenochrophis piscator,14,239,500
107481070_jpg.rf.02332e95303a3a069d18b0f132d8d071.jpg,bungarus fasciatus,3,340,315
160489010_jpeg.rf.0cfa9f662d5483cc4e50bb79bb1e1699.jpg,bungarus caeruleus,2,500,305
73045960_jpg.rf.cbddfdab17412812856a9820e54c9693.jpg,chrysopelea ornata,4,488,312
72913919_jpg.rf.262f1b21f40748a0b24a59611429699e.jpg,bungarus fasciatus,3,500,287
5889622_jpeg.rf.b0b54a2d4de501d149e94046ad8277d9.jpg,ahaetulla prasina,0,375,156
81759080_jpg.rf.4ab4c781b6cfa284fad7e5c7c2b8d7b7.jpg,trimeresurus albolabris,12,122,113
18106444_jpg.rf.3ef1deb614c8b59a69d534d09103a9bd.jpg,ahaetulla prasina,0,447,333
96132203_jpeg.rf.cbd8ad01a9cdaaf9ba52868aa9db63f5.jpg,bungarus fasciatus,3,305,376
AUG110498942_jpeg.rf.432d9e9c2267f8c1cf969b84edfdeb73.jpg,naja naja,7,358,375
AUG106234700_jpg.rf.cd5ff8a3627e4715405276936902ba66.jpg,naja naja,7,281,321
22787468_jpeg.rf.996811615a259661390edb73b871c89c.jpg,ahaetulla prasina,0,340,265
105326076_jpg.rf.4ac40f24dfbce65d86b0f64a18057c7b.jpg,ptyas mucosa,11,375,101
111570928_jpeg.rf.253cf4ea94a6345e6ce052d7e10a4e13.jpg,trimeresurus purpureomaculatus,13,280,500
102378737_jpg.rf.7316971a7bd86f2bcaeeee7bb4599bfc.jpg,trimeresurus purpureomaculatus,13,500,332
212015002_jpg.rf.6b22ec2444893fd1613a9f61b0e8d6bb.jpg,xenochrophis piscator,14,114,185
87083111_jpeg.rf.5565b0f3959e222e9c0fdd4291c9b75e.jpg,daboia russelii,5,500,361
103433687_jpeg.rf.450f858b9eec57b917208bdf84474fbf.jpg,bungarus fasciatus,3,408,124
103433704_jpeg.rf.fbf9d238f2f0f46e82d9ca29c074f17c.jpg,bungarus fasciatus,3,114,320
101837930_jpeg.rf.d86c3340cdda6e6a36a37e873319c290.jpg,chrysopelea ornata,4,177,282
104125436_jpg.rf.6f76eb0d845356d83972c2957664089f.jpg,xenochrophis piscator,14,333,178
102977460_jpeg.rf.be981c72c259ae9be38cd4f63b25271c.jpg,xenochrophis piscator,14,135,500
117604398_jpeg.rf.06673cd2022062321a127c87732dc8db.jpg,ptyas korros,10,298,282
227224775_jpeg.rf.e9214beae6755dfaa568750111abb991.jpg,xenochrophis piscator,14,375,222
AUG106234700_jpg.rf.60c48455b6f870a742b3b4bdca2af5fb.jpg,naja naja,7,500,272
105762047_jpeg.rf.d0f536049a88dea258af20456841ca00.jpg,xenochrophis piscator,14,124,332
169465809_jpeg.rf.9ab48fe390466ccb0ceb35e6c936f260.jpg,psammodynastes pulverulentus,9,263,333
47119174_jpg.rf.4c739bff596a41c0a8adf3ddc533d1a4.jpg,trimeresurus albolabris,12,126,176
105746526_jpg.rf.7a9c168301383a34179c2024a8df88e7.jpg,ptyas mucosa,11,299,185
148006386_jpg.rf.0a51bc08e5c4ab22761eee2ea64c7478.jpg,psammodynastes pulverulentus,9,335,292
188473055_jpeg.rf.270621db2bf757f0f5b23d82145ef0e4.jpg,ophiophagus hannah,8,237,357
167349784_jpg.rf.2c0c9c16daf5c353b758bb02b718e224.jpg,ptyas korros,10,218,110
28796912_jpg.rf.e53f7384b837ae977f18d443c10d0cb1.jpg,chrysopelea ornata,4,290,252
97864311_jpg.rf.64619f02e18733f36283a17154c8e567.jpg,trimeresurus albolabris,12,476,234
153067049_jpeg.rf.4c61459280954db73dc92a6b94336ee4.jpg,ptyas korros,10,210,283
108958610_jpg.rf.7a8d578373d1a3e9ea3da56b58dc07f1.jpg,amphiesma stolatum,1,228,375
95836872_jpeg.rf.85f25a640427b24aa7de6f8bd2ac0b70.jpg,trimeresurus purpureomaculatus,13,221,500
197451467_jpeg.rf.b2fdf81c7314d97b43a76815d966107a.jpg,ptyas korros,10,356,375
31962426_jpeg.rf.92130ec17290f927ae6eeab3d33fd73a.jpg,chrysopelea ornata,4,427,217
47415196_jpeg.rf.bed2eafd25f3779e910ee446d7179037.jpg,daboia russelii,5,427,229
154534224_jpeg.rf.297682250ec1d848a9746d6f6b636e52.jpg,naja naja,7,361,473
171062002_jpeg.rf.2ed346853a32d6211861bcdb23cf2e7f.jpg,trimeresurus purpureomaculatus,13,265,304
89222492_jpeg.rf.966a0310625155703baefd1843b3c5fa.jpg,ptyas korros,10,326,375
AUG150879006_jpeg.rf.d29d83143450da381b417af9f3aa2813.jpg,naja naja,7,493,375
24574025_jpeg.rf.36d43b29b9bb767497c0942095161819.jpg,dendrelaphis pictus,6,281,500
38830052_jpeg.rf.5f46639eb75affc6379362980c0a0550.jpg,daboia russelii,5,500,368
AUG129128939_jpeg.rf.8a4fbf3c44a74dc4c727fac5557ed7db.jpg,daboia russelii,5,235,292
57446273_jpeg.rf.9d33df01d51bd7a109e3954ce5d46c67.jpg,dendrelaphis pictus,6,297,333
575474_JPG.rf.18db8cd6a841a6484de561fde21a893a.jpg,bungarus caeruleus,2,261,156
121987101_jpeg.rf.3f9225b4cb6cc65d21118b747e9281fc.jpg,bungarus caeruleus,2,446,218
AUG16144984425_jpg.rf.d182472c832e7270bcb52c0ab66f9f99.jpg,bungarus caeruleus,2,230,430
99441708_jpeg.rf.e9d24fb6484de25c45a1b67f9c697b5a.jpg,amphiesma stolatum,1,282,333
AUG168478220_jpeg.rf.eada234e3abd62aeb5fdc8971ac1f4d5.jpg,daboia russelii,5,347,334
115611706_jpg.rf.2111b922000477e9a035435ab1b527f7.jpg,psammodynastes pulverulentus,9,305,457
26142506_jpg.rf.00a6be34513c58acdcb4d4f625ab51ad.jpg,chrysopelea ornata,4,500,352
185781297_jpg.rf.5daec74c5d56224fded38609ff0d5b0a.jpg,naja naja,7,464,257
168931155_jpg.rf.f0f266eb20937c32879274dc82662463.jpg,xenochrophis piscator,14,375,256
10324730_jpg.rf.26aef1f2894f7383384970f90c88970f.jpg,bungarus fasciatus,3,236,196
154491001_jpeg.rf.e635fbf0d75e50e4a652b26103b1c8fd.jpg,ophiophagus hannah,8,287,151
106381755_jpeg.rf.99e3e1739794aa5cddb7669329ff2621.jpg,xenochrophis piscator,14,227,375
200882439_jpeg.rf.2770c8932252e7a4053286af5c91cbd6.jpg,ptyas korros,10,313,500
105114817_jpeg.rf.61b42d83d5af0e3211adf41dea1f1f0c.jpg,dendrelaphis pictus,6,500,152
AUG71788763_jpeg.rf.3a646f0e6f29021bac15124ddad3e764.jpg,bungarus caeruleus,2,265,491
169465348_jpeg.rf.745a2a228fdcade186f1e956a99f9e17.jpg,naja naja,7,408,292
230630732_jpeg.rf.3d7406e723e13711b04990efd00422c3.jpg,trimeresurus purpureomaculatus,13,286,284
127393001_jpeg.rf.2e5259ba1201d8a8023fa5a9476805b5.jpg,trimeresurus albolabris,12,196,136
9877059_jpeg.rf.f9c6b6ddb7d261fe5ac2229e1d7269d6.jpg,bungarus fasciatus,3,273,281
5779152_jpeg.rf.690fae265780a4874f5a3af23e048aa5.jpg,trimeresurus albolabris,12,193,240
166753849_jpg.rf.607b106aaa3b04e2d7cf6164f81f8752.jpg,ptyas korros,10,364,333
168926691_jpeg.rf.977eeb1722d870fae019060204bd1082.jpg,ptyas korros,10,500,350
54206638_jpeg.rf.6ee291999f54c48766132f69a60f2264.jpg,daboia russelii,5,429,272
200923819_jpeg.rf.7c5c48a47f62903aacfd14a959323374.jpg,ptyas korros,10,334,500
102727200_jpeg.rf.685ee76b131758a480c27745edb74bc2.jpg,trimeresurus purpureomaculatus,13,413,374
146382737_jpeg.rf.86233179ba56d120030f25cc4e65d5c7.jpg,psammodynastes pulverulentus,9,305,201
178029281_jpeg.rf.e4a85c2d85cc1c81674545e250e22675.jpg,amphiesma stolatum,1,170,322
84100564_jpeg.rf.acc514e50ed1b60fea75e93955c3283f.jpg,ahaetulla prasina,0,194,375
AUG71788763_jpeg.rf.c30442e3b661286eef87eab4ad17a890.jpg,bungarus caeruleus,2,500,265
239807884_jpeg.rf.c5afdabf2c3f98f6f94b708c56f6a6e6.jpg,naja naja,7,331,183
164832575_jpeg.rf.23b766ed684f3b9c7c35579da50fc060.jpg,naja naja,7,230,375
99441809_jpeg.rf.38afc95e258b46895bc80db999ceb4d5.jpg,amphiesma stolatum,1,290,333
211367156_jpg.rf.107e95126c9e441fdf6b81ff933982fe.jpg,psammodynastes pulverulentus,9,160,333
95836872_jpeg.rf.0d4c6c51c3f2cc0042837c09c810dc31.jpg,trimeresurus purpureomaculatus,13,221,500
57446296_jpeg.rf.c67098a6e1764157928ff252d3fca8d1.jpg,dendrelaphis pictus,6,201,247
AUG87971507_jpeg.rf.48c23d4fe508fd0dc1d106dbf7097629.jpg,daboia russelii,5,500,332
138896861_png.rf.7aaaa519e0886bb21875b15d9011272e.jpg,ophiophagus hannah,8,379,176
105020888_jpeg.rf.3a981faee4bbab91297931629d4ca6b3.jpg,dendrelaphis pictus,6,282,358
91394864_jpg.rf.641766f5f45576c906b6a745f9d21933.jpg,naja naja,7,445,375
125696819_jpg.rf.f7929eaace5eaf6ac7a728c59e7cf6b5.jpg,ptyas korros,10,278,333
104077983_jpeg.rf.7bde92fd97927923bcf0e9a01bd2acf8.jpg,bungarus fasciatus,3,327,143
47604921_jpg.rf.152518651f3606485d9b5d038b717331.jpg,dendrelaphis pictus,6,279,375
24970702_jpg.rf.7cec3df71197af72039a52ea0823f6b4.jpg,ahaetulla prasina,0,420,301
114507528_jpeg.rf.cd373932064c796b668d0777a15c10cf.jpg,chrysopelea ornata,4,369,255
244293423_jpeg.rf.53d9920e58a0fee93d72560ba77d7ee9.jpg,naja naja,7,361,351
249089384_jpeg.rf.67aa82be012f56533de413d7f2e85f4b.jpg,xenochrophis piscator,14,274,313
88329931_jpeg.rf.22f20bce0cfc92d362f34b55ae38ac0f.jpg,ptyas mucosa,11,358,78
198454_JPG.rf.b1711b792a706880a45d30867780c73b.jpg,ptyas mucosa,11,369,500
87861687_jpg.rf.89ee11c1efdd08e0c20092545dc98ced.jpg,chrysopelea ornata,4,330,479
88033891_jpeg.rf.5d316a9a6ba3e55f0031199dc2152b1a.jpg,naja naja,7,219,281
AUG54206319_jpeg.rf.bf2176567f2d052057f369d42fb4a2fd.jpg,daboia russelii,5,384,179
86166940_jpg.rf.e12caad520e3632737b9579c250f199c.jpg,trimeresurus albolabris,12,350,281
5883600_jpg.rf.428cbaee1de7304a8a37396c048c332c.jpg,ptyas mucosa,11,149,354
83163742_jpg.rf.03668dd660915e05806710e66684171f.jpg,bungarus fasciatus,3,321,101
204688254_jpeg.rf.99aed8241271069e83631b5b1bdc6767.jpg,ptyas korros,10,281,500
41890754_jpeg.rf.4d0d02495daffbf19a3a689c6895a257.jpg,amphiesma stolatum,1,281,119
120235754_jpg.rf.196b3163518b105a212a72ca48af2b15.jpg,trimeresurus albolabris,12,93,142
250189754_jpeg.rf.30d1027f6aa470fd19b8b5c4f491ffe8.jpg,trimeresurus purpureomaculatus,13,483,487
85931474_jpg.rf.d18ba2ed5d171494a03e4a5035913bfb.jpg,amphiesma stolatum,1,237,226
45512758_jpeg.rf.d1e8732300c95689cecb79a19080bb36.jpg,ahaetulla prasina,0,297,223
78443834_jpeg.rf.85c5a04cf2603a767ff53e2212da76e4.jpg,naja naja,7,357,500
30256208_jpg.rf.513a39645fbca6903ec20c0b3cca8c61.jpg,dendrelaphis pictus,6,375,260
99171849_jpeg.rf.4f86a149594c854dabbb4451f2b58927.jpg,amphiesma stolatum,1,385,239
166743557_jpg.rf.8690372cae2dc92f99366252aea7e174.jpg,psammodynastes pulverulentus,9,500,352
181538882_jpg.rf.3779892b3575789111c3229dac081a2d.jpg,xenochrophis piscator,14,278,139
186364168_jpg.rf.4bbf6329a6e87f11d106c4dfd6f756aa.jpg,psammodynastes pulverulentus,9,196,334
109582269_jpeg.rf.149ea39ce2be7ef45accdf165d627fc2.jpg,dendrelaphis pictus,6,365,185
37393705_jpg.rf.9ba8d5fe3cce7eaa39cefd37bfedef35.jpg,trimeresurus albolabris,12,447,325
46611085_jpg.rf.fb14028bba27f5b555ab8258b9576dab.jpg,xenochrophis piscator,14,255,316
215756201_jpg.rf.f37c883f90bf153ee586eb4d28b4a807.jpg,ptyas korros,10,179,175
166864658_jpg.rf.daa80f668d314256a8bd0dade192eb3b.jpg,psammodynastes pulverulentus,9,424,488
42646685_jpg.rf.42548f83865166ec55db1d57b160950d.jpg,chrysopelea ornata,4,131,375
60826110_jpeg.rf.d3f70b08fadf6c68d7be5c9ec764488a.jpg,chrysopelea ornata,4,46,316
107480975_jpg.rf.3f0ac64136a56423abd4928a54843349.jpg,bungarus fasciatus,3,377,375
219137216_jpg.rf.79b0c50984bf617a96496d205f04ca72.jpg,psammodynastes pulverulentus,9,306,174
AUG78443846_jpeg.rf.641c589819e9bcf71638a663eea440eb.jpg,naja naja,7,375,312
190272595_jpeg.rf.5bee25fd2df1e244e4631fab0d99d84c.jpg,ophiophagus hannah,8,500,168
196199242_jpeg.rf.ba6925b272bf005f397bf658a2ca5ac9.jpg,psammodynastes pulverulentus,9,194,374
172225472_jpeg.rf.5d7e39c123b31d734b5e74fd4146211a.jpg,psammodynastes pulverulentus,9,500,334
122368217_jpeg.rf.70e673cf1df1aed86f09ea430afaae27.jpg,trimeresurus purpureomaculatus,13,375,325
204688122_jpeg.rf.2ddce023a17c471e831b8a38ab0caa23.jpg,ptyas korros,10,270,281
65479568_jpeg.rf.d337846d29580edd5deceb588125534a.jpg,ptyas korros,10,115,281
216123111_jpeg.rf.3acfffae396e12c305512af5bc0775aa.jpg,psammodynastes pulverulentus,9,375,185
AUG23863959756_jpg.rf.7d6de56e605a56551a691eca6da339a9.jpg,daboia russelii,5,240,152
104808480_jpg.rf.a9835ed3af2baa0c532bbe987316276d.jpg,chrysopelea ornata,4,333,239
83361843_jpg.rf.8784fac636c6e8917e685627f2eafb34.jpg,bungarus fasciatus,3,255,64
73045960_jpg.rf.cbffdf368eefc53db5bdba3db6a0ef9c.jpg,chrysopelea ornata,4,490,312
26599017_jpeg.rf.57568fff9678e6af15070ad9b6a700e2.jpg,bungarus fasciatus,3,500,264
1389565_JPG.rf.f99675d4fbb50f0dce69c4a2b1c77cf0.jpg,ahaetulla prasina,0,391,375
170183548_jpeg.rf.200c02fa2048db4cad8c79505a518bd3.jpg,ophiophagus hannah,8,335,262
106785597_jpg.rf.3fe96a84328a834c43c385f2336d9e35.jpg,xenochrophis piscator,14,347,222
55891663_jpg.rf.bbded6741fa0bbcba7b99e57bccc7141.jpg,trimeresurus albolabris,12,200,249
71710115_jpeg.rf.e7ece527c13e790a2208fccb0ce1a92b.jpg,ophiophagus hannah,8,500,375
88033891_jpeg.rf.e055af0fe388adb68617923197fc825c.jpg,naja naja,7,480,219
73045952_jpg.rf.7922fb346bbd748a2142d717a280075d.jpg,chrysopelea ornata,4,179,263
86909921_jpg.rf.21de871ec260931ebad26921958fd45f.jpg,chrysopelea ornata,4,192,269
59935660_jpeg.rf.6ada637a52ed55d1912e83f7c010bdef.jpg,xenochrophis piscator,14,152,314
90585126_jpg.rf.36f0c0aa13bc6f9777e79ecfcd860918.jpg,trimeresurus albolabris,12,402,251
86904197_jpeg.rf.cdb676ce5635cf19975fb0edc6493438.jpg,dendrelaphis pictus,6,384,177
171394196_jpeg.rf.985780da218ea1af08cde1a2485dffeb.jpg,naja naja,7,292,212
188120425_jpg.rf.be05f53dd0ea41c035dba8db7f8f5862.jpg,psammodynastes pulverulentus,9,265,259
AUG218858590_jpeg.rf.fc7e28ed21572fccd220bf7d689f99f0.jpg,bungarus caeruleus,2,115,135
88816793_jpg.rf.6472c49c1a7b30d2d27f6610fa6054c9.jpg,amphiesma stolatum,1,368,126
83218715_jpeg.rf.d73e3a9a3d9d4a67582ad8402993eec9.jpg,chrysopelea ornata,4,161,375
74954221_jpg.rf.3c79c1b3bb7cbd2b1ac2c29735fe6b2a.jpg,chrysopelea ornata,4,213,281
AUG54206307_jpeg.rf.39e5d42fce5f99f4e2dde25fb7252f1f.jpg,daboia russelii,5,239,235
66628853_jpg.rf.e0ed3ed5104a60dda1fc14bc3f8d72fb.jpg,amphiesma stolatum,1,281,248
83372837_jpg.rf.5d8bcada22de6193ac826155be812c4c.jpg,naja naja,7,174,210
67421404_jpg.rf.af733104645a34d2c0b9333a583064d7.jpg,ptyas mucosa,11,348,479
130641715_jpeg.rf.56c4e11e3a15b0f65750240c63f4d413.jpg,ophiophagus hannah,8,400,100
121131383_jpg.rf.b0243da3937b316a50c3a1b6c7a7fce6.jpg,trimeresurus albolabris,12,335,280
208923771_jpg.rf.f5621878c105379af568377b25a5cb99.jpg,ophiophagus hannah,8,256,287
7512586_jpeg.rf.10f13a5bf108e065ea5ce954bd960083.jpg,bungarus fasciatus,3,338,356
196199242_jpeg.rf.fc6934d8bcb396b836c87d4761605757.jpg,psammodynastes pulverulentus,9,194,374
AUG231149151_jpeg.rf.718541e84d4d862d2d73fe030c78816a.jpg,bungarus caeruleus,2,225,245
62482268_jpg.rf.abf0837c23e2a9cd484f09af64fbb9e6.jpg,ptyas mucosa,11,350,222
169854467_jpeg.rf.60bbdf85c6909dc8b62b93af8acc941e.jpg,ptyas korros,10,258,262
61043553_jpeg.rf.edb867f3f2b42ee860a25fb8b08e7a96.jpg,dendrelaphis pictus,6,333,202
62861765_jpeg.rf.17106ec5304449c398849c2947770502.jpg,ahaetulla prasina,0,113,500
193447067_jpg.rf.39cfae5c51a42d5aed222b9eac7e8f52.jpg,ophiophagus hannah,8,210,168
185048071_jpg.rf.9fbea2931a528a0757a091946fbc2449.jpg,trimeresurus purpureomaculatus,13,141,198
250193231_jpeg.rf.bb4e017ffb6e33a4c2f23a6e508964d5.jpg,trimeresurus purpureomaculatus,13,366,422
AUG34951295_jpeg.rf.3f1c24f229d9fa65bc065a05edffa44d.jpg,naja naja,7,500,439
113326075_jpeg.rf.8f380cccb2e166f3b6f0ddaef15f929e.jpg,amphiesma stolatum,1,195,243
122368197_jpeg.rf.bbb59e8bf6eff59aa5291253e989fce3.jpg,trimeresurus purpureomaculatus,13,132,483
163775178_jpeg.rf.165270a85afff8f821b7e67260eeb33c.jpg,psammodynastes pulverulentus,9,271,375
AUG88033851_jpeg.rf.2f705d01e7fccb6daaa477d729d856a6.jpg,naja naja,7,200,281
117460408_jpeg.rf.e053b2e0ee4e3df10c57e06c768cfbbd.jpg,ptyas korros,10,500,313
162027182_jpeg.rf.b37be98ef6306a3abb3799250e8880cb.jpg,bungarus caeruleus,2,253,212
16993533_jpg.rf.9a263a4fa243f14a8cf46bd0d17e1a1b.jpg,ptyas mucosa,11,152,347
194209144_jpg.rf.2a8fb37e68128cd63df0fc95ee00ce87.jpg,psammodynastes pulverulentus,9,264,363
AUG2764533262_jpg.rf.426817e64f2f3dfe7810b451db973a6a.jpg,daboia russelii,5,313,158
239817592_jpg.rf.7f01b7a8741c38efbc4ff666f3102a59.jpg,trimeresurus purpureomaculatus,13,433,287
173694297_jpg.rf.3d403aa707cb37ac3ffadc0f98ade5a4.jpg,ptyas korros,10,230,500
7512009_jpeg.rf.632a1b8e995ae81198865a57de21d672.jpg,ahaetulla prasina,0,377,262
192160325_jpeg.rf.02bfcbbbad0099abac70614bb27bd4fd.jpg,psammodynastes pulverulentus,9,271,500
AUG21918936244_jpg.rf.99a28beca1a1920ae1a891f60c2c1675.jpg,daboia russelii,5,115,114
103980863_jpg.rf.534dda7b9baedf566de753ed926a554d.jpg,trimeresurus purpureomaculatus,13,234,375
24825293_jpeg.rf.f9cd52bdd9fadf0f9b085fab3e814717.jpg,dendrelaphis pictus,6,378,214
106417562_jpeg.rf.7ec5467478f235777a0e9b04a03d178c.jpg,ptyas korros,10,281,500
4976854_jpg.rf.625e230df338245433e1366cfbfbda3d.jpg,ahaetulla prasina,0,464,210
106762277_jpg.rf.23b8f78f0cdf4a73d602f610b902406e.jpg,amphiesma stolatum,1,256,269
101567240_jpeg.rf.e993b45dc5035c77b94284de8ecb9b99.jpg,chrysopelea ornata,4,453,90
133965490_jpeg.rf.7717c8874ec224e8b1524c7d6cb5121c.jpg,bungarus caeruleus,2,282,295
132601136_jpeg.rf.6bb787c16517016965a48ba8e6f72ed0.jpg,bungarus fasciatus,3,273,226
151801396_jpeg.rf.b45c17721f57eff3780d8a6a1d6e7781.jpg,naja naja,7,214,341
10193964_jpg.rf.c484172a1ef50fd22fa0b17297efc4ea.jpg,amphiesma stolatum,1,255,491
32002258_jpeg.rf.033a61847e77ecaf68e65b5e6559a745.jpg,trimeresurus albolabris,12,235,186
169855752_jpeg.rf.1525f891af1f681a7bf63da631dd66ff.jpg,trimeresurus purpureomaculatus,13,357,500
146382808_jpeg.rf.5291b02df0f9988233f4c94a95b8a541.jpg,psammodynastes pulverulentus,9,353,292
106381755_jpeg.rf.41a306b98af202a2260efe75f866f582.jpg,xenochrophis piscator,14,466,227
109607376_jpeg.rf.dae522376c85e750e039c1f750d22648.jpg,ptyas korros,10,327,179
108958610_jpg.rf.9327c360ac60b3f2c109bac19eee67fd.jpg,amphiesma stolatum,1,500,228
54206638_jpeg.rf.6eeaf0181a534d5a640e1ebed5669110.jpg,daboia russelii,5,429,272
158342428_jpeg.rf.4100da548ffe18ae5108d2cdc3d31315.jpg,psammodynastes pulverulentus,9,426,211
145541830_jpeg.rf.79c7e32a60a44472b3b38add05020e2b.jpg,psammodynastes pulverulentus,9,374,344
AUG160282611_jpeg.rf.8605068ee4611c26d85cf1fa57aa5b84.jpg,naja naja,7,449,333
79271516_jpeg.rf.1ccbde54ed3ec90263a63b59fe0efea5.jpg,ahaetulla prasina,0,356,126
12201860_jpg.rf.93ebf412adfb342f658b275e258ad2a3.jpg,chrysopelea ornata,4,230,310
86505231_jpeg.rf.07296cf9b1c942758fa767ff9b457746.jpg,dendrelaphis pictus,6,500,221
200255070_jpg.rf.97b3064917dead02d14558db733ca302.jpg,trimeresurus purpureomaculatus,13,179,500
AUG154534247_jpeg.rf.7a2c84511812ce9b803aeb6c8318a00f.jpg,naja naja,7,340,401
82448455_jpeg.rf.8e933f8ae0fca22b3997f550fa841683.jpg,trimeresurus purpureomaculatus,13,458,285
133718830_jpeg.rf.7e74fea2d1ce4b5b74555d1c720f54c0.jpg,ophiophagus hannah,8,486,106
28862257_jpg.rf.4203af6f70dd93998d3154dd2f1dd0c5.jpg,chrysopelea ornata,4,329,295
134769333_jpg.rf.46f5794b01ceab14674dc69059f48706.jpg,bungarus fasciatus,3,257,256
135405894_jpeg.rf.714c4c7eceb6f10df608d4ce73b039f7.jpg,trimeresurus albolabris,12,122,165
18807156_jpg.rf.0ac85e744289ce87ed098e60385a82d6.jpg,ptyas mucosa,11,353,379
32001676_jpeg.rf.a7f0cc399c52dbb7617b1421bedd6d66.jpg,bungarus fasciatus,3,434,334
150669581_jpg.rf.82423580360e0e3b5cd13eef88b9c259.jpg,psammodynastes pulverulentus,9,396,270
116044768_jpeg.rf.55948ba4dd4898c0432f858ebe36aded.jpg,bungarus fasciatus,3,166,378
160947707_jpeg.rf.b5d74548ffffb7341094c37fa2a66024.jpg,ophiophagus hannah,8,500,340
110935534_jpg.rf.e7570eb0c223fb8b698ed185156625bc.jpg,chrysopelea ornata,4,284,464
134360630_jpg.rf.421ee6fae49c29a8f598804e89964a30.jpg,trimeresurus albolabris,12,265,134
168632214_jpeg.rf.cdb9da49ed6b322b50ffca1deb0928de.jpg,ptyas korros,10,465,494
178038244_jpeg.rf.e4d23a55240ffa3d347bd8fd5d0f4d1d.jpg,trimeresurus purpureomaculatus,13,269,191
154197208_jpeg.rf.c158628e325b0e8234a02dc5b784b38b.jpg,psammodynastes pulverulentus,9,260,249
52400989_jpeg.rf.82ef4dba4f6ea9d493507f7d2f559760.jpg,ahaetulla prasina,0,500,211
178951848_jpeg.rf.ab130d8dd7b385ef1e73e2d427405131.jpg,xenochrophis piscator,14,333,387
142064475_jpg.rf.95c246de11da03d6f77adb7bb44c6e87.jpg,xenochrophis piscator,14,90,160
18414699_jpg.rf.82718cc6d7c4cbf701f8ae909f8a6246.jpg,chrysopelea ornata,4,329,317
173694297_jpg.rf.ee1feff2c3ec7720599570ffa50fc90c.jpg,ptyas korros,10,230,500
181191757_jpeg.rf.00225eafa3212b33ad4b3d5873578d5b.jpg,trimeresurus purpureomaculatus,13,360,269
6027831_jpeg.rf.39f485587d035b2e2222317d4c7ee1c6.jpg,bungarus fasciatus,3,500,192
146305525_jpg.rf.1ca213fe9fa15fe04f6c7d5291d5620c.jpg,xenochrophis piscator,14,500,264
139712700_jpeg.rf.0c780c761d849973489160985bad72d4.jpg,amphiesma stolatum,1,394,89
186364164_jpg.rf.44dd437db891c3682a4a593b22d1d89d.jpg,psammodynastes pulverulentus,9,276,256
87083111_jpeg.rf.c07a5623e320cd05a049031ee355497f.jpg,daboia russelii,5,500,361
237352891_jpeg.rf.e5dc9e7362a22cf2b37918259708db21.jpg,xenochrophis piscator,14,458,123
163578331_jpg.rf.b25c1c387b8423c13d7fb8211e270b4f.jpg,psammodynastes pulverulentus,9,455,497
48351677_jpg.rf.d01a8a49c6f3bd0f3e09d15d4ab7e453.jpg,chrysopelea ornata,4,423,375
87754146_jpeg.rf.dec59cb7016db26ed4e823456fff6e63.jpg,daboia russelii,5,500,332
168615021_jpg.rf.cebe0365dddc8fb81e149b1e95661220.jpg,ophiophagus hannah,8,297,451
170807721_jpeg.rf.ecea96a27f930b2714a00cf4600e4dea.jpg,psammodynastes pulverulentus,9,249,500
127392976_jpeg.rf.06b84cca16c4e35beb89ac64a8fed602.jpg,trimeresurus albolabris,12,204,145
180561516_jpg.rf.c698535715420373466a4ffb319b967b.jpg,ophiophagus hannah,8,447,162
25873874_jpg.rf.35535ba2cebfb1a59de609f4641bdf86.jpg,ahaetulla prasina,0,418,333
AUG88033891_jpeg.rf.43d55eaeb3b446d7cef14dd6bdb9e68d.jpg,naja naja,7,478,200
63824891_jpeg.rf.2a00434827c1a3034d79f761213406d2.jpg,dendrelaphis pictus,6,317,316
43786029_jpeg.rf.090b62ff6a158b7d9631acfed094deab.jpg,trimeresurus albolabris,12,338,310
36228651_jpg.rf.9475748cf9b0dba5f274c707004fb202.jpg,trimeresurus albolabris,12,355,108
139696987_jpg.rf.7e726c41f0b2573cd8bfaa50485c8bb5.jpg,psammodynastes pulverulentus,9,473,280
204688186_jpeg.rf.f2b24e22ad4633a2aacd41230b479341.jpg,ptyas korros,10,480,267
170118397_jpeg.rf.72b64967fac10b6ea2841e9fc14f99e9.jpg,ptyas korros,10,422,246
57693449_jpg.rf.dbc00cbf3103da85de0ae2dcbc9820bc.jpg,ahaetulla prasina,0,89,424
239503615_jpeg.rf.5e9a70f796754adff81c42f88b3fd84d.jpg,trimeresurus purpureomaculatus,13,500,375
49561054_jpg.rf.6b8f10ead1bae36a85ddf2d96996b4f2.jpg,ptyas mucosa,11,330,333
60425348_jpg.rf.0bad65bda25dd0f6fbd9185644a7070b.jpg,ahaetulla prasina,0,170,254
79614203_jpeg.rf.74d3a1a270e6d07fece356a658c12a41.jpg,bungarus fasciatus,3,500,375
127459546_jpg.rf.6c12fd96b6769f97aab2e57daf3d471c.jpg,psammodynastes pulverulentus,9,309,414
115060011_jpeg.rf.24c3c6377bcc83cc980479822ad43a59.jpg,trimeresurus purpureomaculatus,13,424,375
111182173_jpeg.rf.91b8a589a94f991f3d78b3360a87a3c1.jpg,ptyas korros,10,404,375
AUG218858590_jpeg.rf.afecbdab527e0e59608947efe216b601.jpg,bungarus caeruleus,2,115,135
116519205_jpg.rf.4ac020186a8a723a5e1b1e0daa67adea.jpg,trimeresurus albolabris,12,270,330
115069338_jpg.rf.6fb2205dc9c2f0f72e24c762621f9416.jpg,trimeresurus albolabris,12,472,200
105555577_jpeg.rf.dd1014a55af279df1ced9c3230c5fbd4.jpg,bungarus fasciatus,3,208,456
222175838_jpeg.rf.e2cb9aab3e8065bce4e2688520d965e7.jpg,xenochrophis piscator,14,89,159
78443857_jpeg.rf.4b9d7ce0d0f9368312ede175d0344d65.jpg,naja naja,7,276,472
121131383_jpg.rf.173197290af4a33e39f495c12def8ba5.jpg,trimeresurus albolabris,12,280,349
57693445_jpg.rf.528361defd3dcd0dca11d173a883b12a.jpg,ahaetulla prasina,0,70,354
127942666_jpg.rf.ef0b8759c50804db8ccfcb69f5fc13f8.jpg,psammodynastes pulverulentus,9,500,177
12658949_jpg.rf.168bbae94c92f05253d0b823981aa4d9.jpg,ahaetulla prasina,0,375,450
1389565_JPG.rf.bd7774806356338e1dfb6ba81c5abdb3.jpg,ahaetulla prasina,0,500,346
AUG5149564469_jpg.rf.02503cea64b05a229d37820332a985aa.jpg,daboia russelii,5,500,243
226343937_jpeg.rf.253b51f91015e65bf97d7340fb1eca03.jpg,naja naja,7,231,187
113326075_jpeg.rf.a1ee4690d468eddcf656ff4be012b226.jpg,amphiesma stolatum,1,221,229
227224775_jpeg.rf.c16d9d15f9f066684935550ae9b196f0.jpg,xenochrophis piscator,14,222,428
117185695_jpg.rf.a88cbf44b07dc16a44a9c83aac396750.jpg,naja naja,7,330,133
109582218_jpeg.rf.62724b8ebeac64b4609d852d2f7b8608.jpg,dendrelaphis pictus,6,81,500
19740312_jpeg.rf.1f6f3876dded424bb56645e9c5edd7a8.jpg,daboia russelii,5,169,352
218858367_jpeg.rf.e4a0d581b352e246afc186769a34c50e.jpg,bungarus caeruleus,2,243,437
189999016_jpeg.rf.d86a999111195acf75f79e1d8c08cf3e.jpg,ptyas korros,10,500,317
117604398_jpeg.rf.caf9c7970e1e619ca50a54e688b16cf5.jpg,ptyas korros,10,500,272
127170733_jpeg.rf.01b996f1d6f311f279834f4041fb86fe.jpg,amphiesma stolatum,1,249,274
127392959_jpeg.rf.169d8426a418b62f07f8c055f784360e.jpg,trimeresurus albolabris,12,391,92
101567240_jpeg.rf.a025f6a3b1ea4bb41451dd283f1b662b.jpg,chrysopelea ornata,4,453,90
107524973_jpg.rf.ef3a4acda9c51ae33263a57733315e60.jpg,ptyas mucosa,11,292,167
45821620_jpeg.rf.df6f9bfef55c267232474d916718d274.jpg,amphiesma stolatum,1,399,251
100681893_jpg.rf.4b255b055ce1333c43996247c9e19ac7.jpg,amphiesma stolatum,1,354,500
134303580_jpeg.rf.7fe3d3802005510f553ef0cde8a69c36.jpg,naja naja,7,141,78
1925761_jpg.rf.325f867379cce17b725cd7618756d1ab.jpg,ptyas mucosa,11,288,374
25525581_jpeg.rf.47d3c5832590d588dbc28958a48fd127.jpg,ptyas mucosa,11,222,375
AUG107250194_jpeg.rf.830f327d04c2f74f4937ca53388f1051.jpg,daboia russelii,5,301,500
203755054_jpeg.rf.7eeff7f8c8c9e5263b7cd7f15328beb4.jpg,daboia russelii,5,326,214
145289412_jpg.rf.dd4a72c49b73d653989d91a062b63528.jpg,psammodynastes pulverulentus,9,183,249
115851887_jpeg.rf.19e547ae556f38b9672dd5bbb2191309.jpg,psammodynastes pulverulentus,9,327,333
203755054_jpeg.rf.f79544d7dddf71cb33e9f464d4247370.jpg,daboia russelii,5,214,326
155408628_jpeg.rf.2ad24d4ff5371199faa30b6e8b4805d2.jpg,xenochrophis piscator,14,375,469
118084289_jpeg.rf.9055d3ab5f4e2c0e7e60da62f6bffb8d.jpg,xenochrophis piscator,14,436,333
102866287_jpg.rf.6fefbbcd1b36ecb9a7a542bcd7caee9e.jpg,dendrelaphis pictus,6,381,209
106640991_jpeg.rf.509ef4d57772cd24a31da7882c9f6533.jpg,ptyas mucosa,11,228,108
59728697_jpg.rf.20c3bbc6ca937d61b277fcb530ae1316.jpg,ahaetulla prasina,0,169,366
30921912_jpeg.rf.6b3b59a9ebae25cc0e1b49b043b2860a.jpg,ptyas mucosa,11,141,497
28497185_jpg.rf.2776cfa377a02b74985907dd45ea9b73.jpg,trimeresurus albolabris,12,500,400
158324914_jpg.rf.f9470de96cb0ebfe21c1e58c5e5a504d.jpg,ptyas korros,10,150,160
52327528_jpeg.rf.ce2f6a6628dcaf53f7a9a48203bd58a8.jpg,bungarus fasciatus,3,500,334
45394592_jpg.rf.4205a4f366b14a02cdae382ddca68ec9.jpg,chrysopelea ornata,4,223,219
4976854_jpg.rf.d7111fccd70e2d3e7c479cdb38fd1dc0.jpg,ahaetulla prasina,0,210,333
28180349_jpg.rf.5c397c108e09672e28d92a5e3b119a50.jpg,bungarus caeruleus,2,231,375
54508089_jpeg.rf.02ba4e74575bb712434b0d33e0183564.jpg,amphiesma stolatum,1,416,289
28534487_jpeg.rf.787fea22ecc8c8b792f0f004792916c2.jpg,ptyas mucosa,11,204,317
166140891_jpeg.rf.ecefc0ac954d6f873b94f6a48693bc37.jpg,ophiophagus hannah,8,392,328
103321954_jpeg.rf.79ee6c5c32e48daf365a79e06a9dc63d.jpg,ptyas mucosa,11,375,135
188473033_jpeg.rf.0c156e758a9ac6b94e57d2a8f3c3883f.jpg,ophiophagus hannah,8,220,393
57446243_jpeg.rf.5e91331aef314944d52f9fa34d451ece.jpg,dendrelaphis pictus,6,203,256
138099409_jpeg.rf.7c16249d1d4b25b6c4d258394a4e99cb.jpg,xenochrophis piscator,14,230,249
51299744_jpg.rf.34a7747fa3b75b10054cd2604079c9ca.jpg,chrysopelea ornata,4,500,279
53017740_jpg.rf.4a02c41a2559db166f2bcfadf7ec0ee8.jpg,bungarus fasciatus,3,317,494
AUG105386240_jpeg.rf.380bf53c98a8617ed9b92e3269e5225a.jpg,daboia russelii,5,394,410
104814167_jpeg.rf.1c8d60734b76e72ded329954866a48b4.jpg,ophiophagus hannah,8,434,346
120597141_jpg.rf.9e53e9d04fb0276d3bb514c49d7be0a7.jpg,ptyas korros,10,231,291
AUG34306423_jpeg.rf.0f936b3ae66cfb95e1e61bbd07b2e17f.jpg,naja naja,7,201,281
57436678_jpeg.rf.8fe3d4a6de0a4f87ce156ab69b5b81d1.jpg,ahaetulla prasina,0,450,135
101211794_jpeg.rf.9ca463f2f05683d12a9b625f4e015a9d.jpg,ptyas mucosa,11,485,375
16177471_jpg.rf.273a6ed16efc58638702df1ca7d09499.jpg,chrysopelea ornata,4,270,349
21048160_jpeg.rf.c38c05454a3c7949ba6511ae948d3e9f.jpg,ahaetulla prasina,0,318,208
162022989_jpeg.rf.2107f0795400ee2666d8cb2c20838404.jpg,xenochrophis piscator,14,366,227
219845952_jpeg.rf.a3c58c6bde013b33fc0de9542273a003.jpg,psammodynastes pulverulentus,9,290,208
102016340_jpg.rf.ea79bce5df19e4e05bdf49b2245addd7.jpg,chrysopelea ornata,4,219,375
AUG151716263_jpeg.rf.903e294ccf2c07274c6c67706c003db9.jpg,bungarus caeruleus,2,265,422
230633255_jpeg.rf.9bcaea2bee7bfe90dc0787b269f90d39.jpg,naja naja,7,399,375
105114813_jpeg.rf.21c651a7dd28655535fa436a41a6ea80.jpg,dendrelaphis pictus,6,353,333
170292213_jpeg.rf.a68f5dcc6dc6ef568c160f28cfa5b712.jpg,trimeresurus purpureomaculatus,13,219,286
114294106_jpeg.rf.50a986970f670afb7ed4f3d977d04cf0.jpg,daboia russelii,5,194,303
161454691_jpg.rf.07853c6b619f279c128ebb0b7334e6eb.jpg,ophiophagus hannah,8,248,266
139695872_jpg.rf.12fd995c17c239db8e6e4999a726b657.jpg,ptyas korros,10,161,331
AUG156593769_jpeg.rf.a53318ebf99d336be663fcc9730d9c3e.jpg,bungarus caeruleus,2,156,249
29059914_jpg.rf.a7f8d427a6210bb034bd74deaf09f790.jpg,ptyas mucosa,11,227,414
244293443_jpeg.rf.cd2aefaf2ad56543de745e376f107a77.jpg,naja naja,7,314,487
139163709_jpg.rf.51b72452921d2ee4746462f6323adc57.jpg,bungarus fasciatus,3,500,89
248983629_jpeg.rf.7482b65aa587cb7dc23b5f27bf89b32f.jpg,bungarus caeruleus,2,125,236
168632214_jpeg.rf.7de257b0be5634a2b58a4cb480bbbac3.jpg,ptyas korros,10,465,494
84100559_jpeg.rf.36ff0672e66b82599f72202b6da4571a.jpg,ahaetulla prasina,0,500,278
213343978_jpeg.rf.0afb8327fc4aa5e24f16585174ce9773.jpg,trimeresurus purpureomaculatus,13,355,246
200882347_jpeg.rf.57b32949037ea3efc7249004540eff4e.jpg,ptyas korros,10,500,333
71440387_jpeg.rf.2d50b0f999f6e4822a17274ee45b1159.jpg,ptyas mucosa,11,205,183
97477726_jpeg.rf.30350039561ac3b94a16300ff3c45c94.jpg,ptyas mucosa,11,261,240
28497413_jpg.rf.54a2a6aee394607bb26b202b529f19d3.jpg,trimeresurus albolabris,12,479,296
153439165_jpg.rf.1356b647277435936b71da9d0a06219d.jpg,psammodynastes pulverulentus,9,159,347
94338248_jpeg.rf.8cb47a337f6822ceddc036d4dbc518f6.jpg,naja naja,7,249,244
160947749_jpeg.rf.8c1cd0f3c5f375be316eba03b70eef2b.jpg,ophiophagus hannah,8,500,201
34029299_jpg.rf.f926fb0106763d07025a341d1adb223c.jpg,daboia russelii,5,221,307
59728697_jpg.rf.2bf192d3208dae85bba7ef50e721ae6c.jpg,ahaetulla prasina,0,169,366
496683_jpg.rf.0ec7da905cc7ecbf4dd5c2ec19aa8278.jpg,chrysopelea ornata,4,237,235
AUG15270445418_jpg.rf.58383f12204c827154b42367b1033e04.jpg,bungarus caeruleus,2,282,333
57376201_jpeg.rf.36e3f2af39fd12b0fc37face0fe5c79b.jpg,trimeresurus albolabris,12,269,153
57446255_jpeg.rf.64d14757306c36ed31705c9553710083.jpg,dendrelaphis pictus,6,151,333
150612388_jpeg.rf.8452741107ebf8cce8604788882f3263.jpg,xenochrophis piscator,14,208,375
127392992_jpeg.rf.1acdd59ca8263c8fcde5700189bf5ced.jpg,trimeresurus albolabris,12,186,360
AUG122518070_jpeg.rf.5f396b7df6b61de3135b1d9eda630663.jpg,naja naja,7,350,410
153635853_jpeg.rf.e4f51b7268dfc40523cec79bbe29e259.jpg,ophiophagus hannah,8,444,301
12179257_jpg.rf.4743a5ebf866003ab111e731bc5e4093.jpg,trimeresurus albolabris,12,256,333
110829490_jpeg.rf.beaa568559df77c44fed2000bb0b507c.jpg,dendrelaphis pictus,6,375,321
153855468_jpeg.rf.eb51c36e57f22578e4a7816170646374.jpg,xenochrophis piscator,14,150,290
92982867_jpeg.rf.32ea0800b9ca6540d6a418302ff4d3e2.jpg,ophiophagus hannah,8,428,356
203755030_jpeg.rf.3eda71b67accb1f62ab2a2423f7692ce.jpg,daboia russelii,5,106,110
125907670_jpg.rf.b5c3dda0c6b8402c963eb15da06e9f0e.jpg,trimeresurus albolabris,12,261,342
AUG57893813_jpeg.rf.f33a8f97afe7c18b0ed1778f58c72330.jpg,daboia russelii,5,209,500
135079902_jpeg.rf.ab83c9c412d1374131d494a1b3af793e.jpg,ophiophagus hannah,8,281,252
112129994_jpeg.rf.498ad378b76a9ef771f7a1b4efb37098.jpg,dendrelaphis pictus,6,361,374
112130025_jpeg.rf.52898174c7be5fd98c365c65ef480699.jpg,dendrelaphis pictus,6,500,374
216435007_jpg.rf.7ea2873ebd2f74870869f7014dc68b83.jpg,psammodynastes pulverulentus,9,394,355
86727880_jpg.rf.26b991e11d29b3574e77b3d81aa40fa0.jpg,daboia russelii,5,488,364
83163754_jpg.rf.6c058e098aa3a6669e5d354ee464682c.jpg,bungarus fasciatus,3,160,301
71102103_jpeg.rf.79fd00b28b21d6d4fd6810d7105fbb29.jpg,ptyas korros,10,151,114
AUG34306423_jpeg.rf.fd90d44aa70407ed390f38500c0a55b8.jpg,naja naja,7,441,201
133780398_jpg.rf.08fc648111e042ca1a5bb5cbb319c2ca.jpg,naja naja,7,500,192
115190441_jpg.rf.4fe533cdb67ccdbd6605928e75b6de69.jpg,trimeresurus albolabris,12,461,303
67339779_jpg.rf.54510b30929c31bd0c9e9695145b204d.jpg,ophiophagus hannah,8,396,125
AUG160489104_jpeg.rf.86f2fe8d79481edc03456170b9aa8c45.jpg,bungarus caeruleus,2,391,334
89060326_jpg.rf.d5e6029fef82bae8ba39c3b223f70b69.jpg,xenochrophis piscator,14,403,136
78664465_jpg.rf.cce5298fe02860c9f7fee99c228017e5.jpg,amphiesma stolatum,1,378,135
85931474_jpg.rf.6b8daa02660db931e932334094c09a35.jpg,amphiesma stolatum,1,237,226
71909937_jpg.rf.cb6cce2e38aa43c39cbff677fcd7c529.jpg,ptyas korros,10,375,386
88122392_jpg.rf.00915bc7b216cd9bcce13935ed396d88.jpg,amphiesma stolatum,1,301,240
175721911_jpeg.rf.b0fd50b95170751a624ef2ca4f4c83f1.jpg,ptyas korros,10,220,375
72696078_jpg.rf.bb9ce303ba1c1888f57681bbbb93a401.jpg,ptyas korros,10,326,500
86167132_jpg.rf.a259230bef3aa47a2680fcb52b029411.jpg,trimeresurus albolabris,12,496,217
78443857_jpeg.rf.21abe9ab282e5d28a0445699e18a4195.jpg,naja naja,7,351,312
203290718_jpeg.rf.b3b6989abef0266201477b5bdcf79d8a.jpg,ptyas korros,10,352,281
115060011_jpeg.rf.2fdc1f9186ef710b88248c8d8f04def4.jpg,trimeresurus purpureomaculatus,13,425,375
33737616_jpeg.rf.4cf84d61bee82a3b384b56173d8447bd.jpg,dendrelaphis pictus,6,442,309
117604373_jpeg.rf.4f5ddf09c140add0b9de57a14ee2ff6d.jpg,ptyas korros,10,283,250
17173634_jpeg.rf.78ff55b5365f9c2db7589b81db147a63.jpg,dendrelaphis pictus,6,500,167
40413143_jpeg.rf.e844b7448b0cd277fb3f6ce1c44fa619.jpg,chrysopelea ornata,4,429,62
58470967_jpeg.rf.7527f6f0596a075bc91ca534bb47427d.jpg,chrysopelea ornata,4,91,437
243779057_jpeg.rf.d2fd653fd188ce9469b00d21e51f6bb1.jpg,trimeresurus purpureomaculatus,13,360,273
21886306_jpeg.rf.57de6661b6f1e8eb4a79956a99a8d697.jpg,amphiesma stolatum,1,208,136
38319241_jpg.rf.39dd65b5db573c541911c95b65ed4362.jpg,ptyas mucosa,11,446,257
AUG52012588_jpeg.rf.8bcddccb48c492143477a99f0eba9354.jpg,daboia russelii,5,253,315
AUG88033891_jpeg.rf.91771730803e2fae796a34ca7fb3b47b.jpg,naja naja,7,200,281
AUG8672799988_jpg.rf.70bedb2df7451e382aa7eadeaa23143e.jpg,daboia russelii,5,391,337
84187601_jpeg.rf.b7db8b00f4ba72356d5c9e9eb94a747f.jpg,chrysopelea ornata,4,231,300
192845167_jpeg.rf.3e0b426b5f949c15071844690801638f.jpg,ophiophagus hannah,8,150,333
169465479_jpeg.rf.7e9de11985df93eebca805323faa475d.jpg,naja naja,7,385,331
65798703_jpg.rf.c70dfcb861056b085a8f0590de1cbb71.jpg,ahaetulla prasina,0,316,370
62433742_jpeg.rf.dfe22a5efb3a27b7fc02b98a0fe4d39a.jpg,bungarus fasciatus,3,496,333
58266030_jpg.rf.653fbc39ddc9a2c06096f92aacfcdbc7.jpg,dendrelaphis pictus,6,150,375
48956371_jpg.rf.7a5e7fa7abc370a69bf3cc4bc1cb1ba2.jpg,amphiesma stolatum,1,500,375
AUG203755030_jpeg.rf.496283e8420b1bd13ce2fae89bc17325.jpg,daboia russelii,5,157,142
68698707_jpg.rf.4a16627097a32f4a66c43b68ba32e0b2.jpg,chrysopelea ornata,4,82,308
111182185_jpeg.rf.fc989817d05511fe27baf974e993aa08.jpg,ptyas korros,10,200,280
239016628_jpeg.rf.a3a8e913a9d86770e01ea99232f36c5d.jpg,xenochrophis piscator,14,375,353
99964103_jpg.rf.a13cba23a1d55ffd7123ed6ef5546693.jpg,daboia russelii,5,163,124
59100633_jpg.rf.280fe4a9d8c67c88866b240ff6d82980.jpg,naja naja,7,312,281
208923739_jpg.rf.8ced039df9d75225f78acdbddee65604.jpg,ophiophagus hannah,8,269,306
75156688_jpeg.rf.0a10e93e4d76722b8b049fd1822f9835.jpg,chrysopelea ornata,4,487,375
216443850_jpeg.rf.c3ae98957a28972046617b2c0165d4d5.jpg,psammodynastes pulverulentus,9,434,280
117594572_jpeg.rf.29c5068cef8172d1e025967590af3975.jpg,ptyas korros,10,144,179
582869_jpg.rf.d0f4501eeb11d329440d253397799c40.jpg,chrysopelea ornata,4,223,333
200738637_jpeg.rf.bff7f8b903cc1d016ce0bbbad05cfcfb.jpg,trimeresurus purpureomaculatus,13,391,375
71598537_jpeg.rf.99736bcd85ca72b102026111fe42211d.jpg,ptyas korros,10,321,386
7455091_jpeg.rf.7c889b22aff520ec921d699f8962a992.jpg,trimeresurus albolabris,12,500,310
33404989_jpg.rf.620a27e7d20490b1aedd1da29c4a0f35.jpg,ptyas mucosa,11,498,113
192845167_jpeg.rf.6d11dea921dd67a1c3545f4cee4e920f.jpg,ophiophagus hannah,8,150,333
81730979_jpg.rf.a81cafb5e63531659380af75bc817e28.jpg,ophiophagus hannah,8,453,443
8434281_jpg.rf.86865c07998a9e9d8a1ef11f675c4354.jpg,ptyas mucosa,11,375,375
76499573_jpg.rf.cfedce30967b7a9397334ee132a532a2.jpg,ptyas korros,10,30,36
619846_JPG.rf.e0ebbfb7f221310ba16bdf543187d9ff.jpg,ahaetulla prasina,0,203,355
60025841_jpg.rf.fd72e0f5e220e8b7727af4119868499a.jpg,chrysopelea ornata,4,177,375
73038038_jpeg.rf.6c9998cd63c688b6d2eb7007e953c985.jpg,amphiesma stolatum,1,313,399
20662239_jpg.rf.8d331cf9603a06b4c07e1c8758884cda.jpg,amphiesma stolatum,1,375,321
190849237_jpeg.rf.47e478f7096127eef230e10a3a32d86c.jpg,ophiophagus hannah,8,500,250
211366585_jpg.rf.f002fdb42937f786c12024e223a3c826.jpg,psammodynastes pulverulentus,9,485,252
63824907_jpeg.rf.48de7e411fcda24182f1241324fc16c3.jpg,dendrelaphis pictus,6,237,187
AUG575474_JPG.rf.77654a5accc907e92f2c2eb96491905d.jpg,bungarus caeruleus,2,161,246
71710115_jpeg.rf.f9130fb4152bdbd9f96ff797ad46eccb.jpg,ophiophagus hannah,8,500,375
173694297_jpg.rf.7f593fffeb132819b8923201cf449879.jpg,ptyas korros,10,230,500
62409387_jpg.rf.fa6932ad89f728794ca348cced808afc.jpg,ahaetulla prasina,0,375,500
AUG57531842_jpeg.rf.caeaabe24cd796eecc77617d6e737d90.jpg,bungarus caeruleus,2,244,347
207409389_jpeg.rf.f9c30d3f7b710d30d4598816104b6008.jpg,ophiophagus hannah,8,195,375
71734473_jpeg.rf.4c561fe2d65c4c3a09190736308b0e0a.jpg,ophiophagus hannah,8,500,488
67455701_jpg.rf.6250ab1682bf827ec8f29ef7d2dad4c6.jpg,bungarus fasciatus,3,254,360
194209144_jpg.rf.49f7d6e20302183d8af0d0f90748550c.jpg,psammodynastes pulverulentus,9,264,363
102016356_jpg.rf.670c138959f34323166e476af446839d.jpg,chrysopelea ornata,4,457,332
76299191_jpg.rf.175c47ba1eca5660695bddfa35426d7d.jpg,dendrelaphis pictus,6,375,333
69117823_jpg.rf.7bfd979449b97445a9ebe043b7acf7e1.jpg,dendrelaphis pictus,6,369,125
62409387_jpg.rf.65f2b4452b56f8510d81ea12598523f4.jpg,ahaetulla prasina,0,375,500
169599279_jpeg.rf.72f443f19637ce26ad33ada4df2c2ec9.jpg,ptyas korros,10,500,437
170183548_jpeg.rf.c2195a96ce34fdb1880ad3aeb303c81a.jpg,ophiophagus hannah,8,262,335
69091112_jpg.rf.185aac7d21ef56d3f5a2b5968db9e9db.jpg,dendrelaphis pictus,6,273,210
60721738_jpeg.rf.ff68b3eae1d9ec4c5dda5ad29d339ab5.jpg,bungarus fasciatus,3,438,350
AUG22633925745_jpg.rf.ebf7e45836469df3320652da539db9dc.jpg,daboia russelii,5,254,165
116519205_jpg.rf.1af3f6e97e9139161c3c7ab33dc2fab6.jpg,trimeresurus albolabris,12,270,330
150092383_jpeg.rf.5a49e6d2336631fe2c951776c011fa31.jpg,daboia russelii,5,217,286
127459515_jpg.rf.344000f87543776a0d2bac5c394228cf.jpg,psammodynastes pulverulentus,9,375,387
70173251_jpg.rf.a7647629bd539ec5e012d9062c6b29bb.jpg,trimeresurus albolabris,12,253,308
243531146_jpeg.rf.c4721879d4fce852cd1cd8cb5440d4d7.jpg,xenochrophis piscator,14,293,447
62480797_jpeg.rf.28c05aab9d7d3f0b50341880f99bfb89.jpg,bungarus fasciatus,3,217,143
243071945_jpg.rf.e425f52bc581ad2779e86d137b5c6469.jpg,xenochrophis piscator,14,73,231
105556662_jpeg.rf.06c18fd0f79b5e9fad9709a24205a13a.jpg,bungarus fasciatus,3,256,189
103274113_jpg.rf.8a52584a222f45812ca196f81429760b.jpg,xenochrophis piscator,14,500,235
102977445_jpeg.rf.91780b20592db738e017239712627ed1.jpg,xenochrophis piscator,14,191,500
105020888_jpeg.rf.1ee195b9d0d1a612f753b157621fe7a3.jpg,dendrelaphis pictus,6,282,361
102866281_jpg.rf.b02a56d3a8912413830cce0a7e53fddd.jpg,dendrelaphis pictus,6,409,134
44080755_jpg.rf.e6567c0fce5ca489f5b3c793e10a3b5b.jpg,ahaetulla prasina,0,230,356
141867602_jpg.rf.92fbe36a6f74f43b6dff1acf48ac9f42.jpg,naja naja,7,377,370
104695690_jpeg.rf.5add9c129053284a5b7fd25f65caf7e4.jpg,ptyas korros,10,436,338
145796391_jpg.rf.3e06afe644b8ad98d5e295a20896f587.jpg,trimeresurus purpureomaculatus,13,491,292
100640627_jpeg.rf.78e737acbe2ac97ee7e2f5ce324ac6fa.jpg,trimeresurus purpureomaculatus,13,314,188
102365551_jpeg.rf.4082d225bf8352a775c7a3f1787decdf.jpg,ophiophagus hannah,8,320,500
178643_jpg.rf.16a6d52f4e2dea6c79390332a1ed2b6f.jpg,bungarus fasciatus,3,500,204
13407313_jpeg.rf.8b71b7048843ec7274b85e8d88407a58.jpg,bungarus fasciatus,3,464,333
170292213_jpeg.rf.ea36e3895a3c749defb25ee6b123988b.jpg,trimeresurus purpureomaculatus,13,286,220
107253497_jpeg.rf.10fa93c4d382cfcf46cb976e5bc1e947.jpg,naja naja,7,221,500
116934518_jpeg.rf.af12265cf85e99d20ea010a0acdd4f56.jpg,bungarus caeruleus,2,487,491
107640003_jpg.rf.3d7e7a52f491bcbdc42cf5ceae2a081d.jpg,amphiesma stolatum,1,500,226
AUG57531842_jpeg.rf.340623a13a3dffeb8f7c7008fa9f0ad6.jpg,bungarus caeruleus,2,500,244
81009480_jpeg.rf.e12bea05f2950ca28c7ca1660ecb5feb.jpg,bungarus caeruleus,2,402,345
23564677_jpeg.rf.848b083041ef9bef57f34216611adff6.jpg,dendrelaphis pictus,6,500,282
168931140_jpg.rf.e11f9b2156ec311cd59784272634b2a1.jpg,xenochrophis piscator,14,375,343
86727880_jpg.rf.7d6e6491215e456c9d923986e2714d92.jpg,daboia russelii,5,364,496
84833191_jpeg.rf.9571ad499975fd556663318801742797.jpg,chrysopelea ornata,4,135,488
57531842_jpeg.rf.04390852a5e6626cb2da73fa47789094.jpg,bungarus caeruleus,2,500,248
31179901_jpeg.rf.667470c1259a97558e3f806d4e5977ba.jpg,ptyas mucosa,11,322,264
160947749_jpeg.rf.21fe5fdc7369a0a301a2d811d416eb39.jpg,ophiophagus hannah,8,500,202
83074084_jpeg.rf.ec0fc3e6b0e1560f40144bdf53b276d5.jpg,bungarus caeruleus,2,500,327
162027189_jpeg.rf.fe686dbb8a3977330d82690ecf69ca0e.jpg,bungarus caeruleus,2,298,209
131846835_jpeg.rf.e6fea2b18efab90134df8e5a2c0b05f7.jpg,trimeresurus purpureomaculatus,13,253,248
88329931_jpeg.rf.6c5554b4f4a1d4fb817d3449ea476b75.jpg,ptyas mucosa,11,358,78
121743547_jpg.rf.34c878b88808203bf80fab62af610ba1.jpg,trimeresurus albolabris,12,249,333
45951976_jpeg.rf.49a1b7b3a214f66d0a63edfc033a009e.jpg,ahaetulla prasina,0,272,348
32269408_jpg.rf.38c0087363ad6df917faf711b51e334f.jpg,dendrelaphis pictus,6,251,425
30256208_jpg.rf.e420d44e97b09aebff3076899782fc11.jpg,dendrelaphis pictus,6,230,500
107481105_jpg.rf.2616853e7abffd252f07795254780e06.jpg,bungarus fasciatus,3,193,264
156245276_jpg.rf.f98db6a90bcd76c749da9c22a83644b5.jpg,psammodynastes pulverulentus,9,159,66
173944915_jpg.rf.21bf5888b96dd630288a0902f154a269.jpg,xenochrophis piscator,14,486,234
30921910_jpeg.rf.b7860417a2bf8ba35150cb6c280eaf32.jpg,ptyas mucosa,11,192,381
AUG202796830_jpg.rf.c19d3a3fe17f40a339052fddd9f47898.jpg,daboia russelii,5,385,207
25527450_jpeg.rf.92ca522b329278350c6aa6652344fb07.jpg,ptyas mucosa,11,252,195
52400955_jpeg.rf.2b7f58d5c1fefa2732e949de8eba3ada.jpg,ahaetulla prasina,0,500,375
127392959_jpeg.rf.544a5d625d58cd7edacaf413bd707018.jpg,trimeresurus albolabris,12,391,92
170183548_jpeg.rf.7743411fe7df62fbf54dde4246d3a793.jpg,ophiophagus hannah,8,263,338
128872366_jpg.rf.a92cb2dad16f55af35cfaaa1e1eeda81.jpg,trimeresurus albolabris,12,214,191
182834322_jpeg.rf.c53be66b6495c73cf9782686a5021732.jpg,ptyas korros,10,500,309
194241837_jpeg.rf.cb16f81b0e106b8cbc5102f341509657.jpg,ophiophagus hannah,8,306,182
87861774_jpg.rf.f29ec2bf29f237fcaf385eb4f1ae162c.jpg,chrysopelea ornata,4,447,118
139756181_jpg.rf.91de3ca951b4613d716408cb2d017d84.jpg,ophiophagus hannah,8,131,37
112129984_jpeg.rf.98dc5b1fbd5d62ef6b307130a3ab4053.jpg,dendrelaphis pictus,6,447,374
235751315_jpeg.rf.0facf577c3c78c1399095899e17d19b4.jpg,trimeresurus purpureomaculatus,13,211,162
91394870_jpg.rf.ab84e87fed96e924d48b26f77c8a5447.jpg,naja naja,7,443,353
575475_JPG.rf.1a52eda7160a5848b04d3b4bc188eba2.jpg,bungarus caeruleus,2,363,246
158630740_jpeg.rf.862a218f248d908c63b94fe094421ac1.jpg,psammodynastes pulverulentus,9,144,372
92823438_jpg.rf.a195b0520f98d742e6465c42c076d4ee.jpg,daboia russelii,5,230,157
169599249_jpeg.rf.db7583e538066a793bccc4a81ba2423b.jpg,ptyas korros,10,500,235
AUG160462325_jpeg.rf.2956df2756ff699cde2e0e301a7c8f4a.jpg,naja naja,7,248,322
166743882_jpg.rf.2e048ef8ae3c085f86557b339596e029.jpg,psammodynastes pulverulentus,9,500,322
AUG6910239582_jpg.rf.291bb4af239cd9c807f8a1085ccaac33.jpg,bungarus caeruleus,2,265,476
60581189_jpeg.rf.989fe72c6b798d059583208291e4182f.jpg,ahaetulla prasina,0,473,210
33478402_jpg.rf.6a4ca791eb30f609711cce7c1e27a255.jpg,chrysopelea ornata,4,161,357
230633255_jpeg.rf.4254feb7b2eafcb2602640251291b30a.jpg,naja naja,7,396,374
95568180_jpeg.rf.3cc044f54423e7a727c180d71c1c96fc.jpg,bungarus caeruleus,2,287,152
32005436_jpg.rf.893bcf261d95cad680abbb2313aca5a0.jpg,ptyas mucosa,11,405,174
63824907_jpeg.rf.9f4c8d15a32bee670f865e543019d1ec.jpg,dendrelaphis pictus,6,237,188
173452634_jpg.rf.328e47db38ac5a4bb4f4a4acdcfee5df.jpg,naja naja,7,463,500
AUG13673366018_jpg.rf.5b59144d3c2c9d32ef347572a33a563c.jpg,daboia russelii,5,197,375
AUG160462716_jpeg.rf.824d8c2c9395d049fa57850f8b169e91.jpg,naja naja,7,483,399
33181144_jpg.rf.70c5716b781a2fd4bc22d7b0f85fedf8.jpg,amphiesma stolatum,1,191,375
219065753_jpg.rf.8514a451c4e4ce35f29f82d0e52fb4a0.jpg,daboia russelii,5,235,131
90585126_jpg.rf.962e1f763999d040630f65f89ea28255.jpg,trimeresurus albolabris,12,402,251
66670947_jpg.rf.046316b4cffd8d36b897275d917963f4.jpg,trimeresurus albolabris,12,223,213
56859704_jpeg.rf.955c06f25fcff8ef80f2043f442b5045.jpg,dendrelaphis pictus,6,312,499
53041605_jpg.rf.b23477ad0eba0c865e42dc4f34cb3ac3.jpg,ahaetulla prasina,0,236,375
88348910_jpg.rf.12298b51f4d49297235ff3e134e9fab2.jpg,ptyas korros,10,500,333
58971202_jpeg.rf.0116b320d6cd4c78eb7f591d22c3715f.jpg,ahaetulla prasina,0,131,339
48351654_jpg.rf.482851b3eecad33d3b12c91fc4e57081.jpg,chrysopelea ornata,4,145,375
49707947_jpeg.rf.c14249c5d49b68de93b99f1cf9df7eb3.jpg,trimeresurus albolabris,12,385,285
AUG170437746_jpeg.rf.9826739c625f4f3cc2e055599a3a6d52.jpg,bungarus caeruleus,2,400,428
219660545_jpg.rf.fbcab2c35ad921e67229fbdbe0fff6dc.jpg,psammodynastes pulverulentus,9,223,175
AUG170437795_jpeg.rf.c68fdd4ae044270cb9c16ed91d7a3575.jpg,bungarus caeruleus,2,315,377
47317582_jpg.rf.e02b9bb0cf1f085a8313f9bbfe7efbc9.jpg,amphiesma stolatum,1,269,375
92982867_jpeg.rf.6abee1ffe2166a370ebeb727e07e8504.jpg,ophiophagus hannah,8,428,356
187676365_jpg.rf.8ea5c25e29f9fba990b321b43d773c49.jpg,ptyas korros,10,500,278
63748759_jpg.rf.776c2d70462fabd6f517ab5ae01e9d40.jpg,xenochrophis piscator,14,472,204
204628008_jpg.rf.0a826fbb00d5de11a791591a21cd9b8d.jpg,ptyas korros,10,435,136
222464829_jpg.rf.566601ecf7f71c8e69f3cd7f35cdd24a.jpg,xenochrophis piscator,14,427,355
170807735_jpeg.rf.8f39e0474cc484bf3de817fad88af869.jpg,psammodynastes pulverulentus,9,201,500
78664470_jpg.rf.37c57c060e379fcde2a2bd9ad4fdc742.jpg,amphiesma stolatum,1,382,282
53715917_jpg.rf.f358b4a80322d755302d9bc075c7af6b.jpg,chrysopelea ornata,4,200,185
106785535_jpg.rf.ea81fa9851c8732aeda524e98c608795.jpg,xenochrophis piscator,14,279,250
84202355_jpeg.rf.23bf55f169798760583448c554061b32.jpg,dendrelaphis pictus,6,465,345
244802921_jpeg.rf.c10d505b427980f159a8d445cd7fff66.jpg,xenochrophis piscator,14,488,130
154699448_jpeg.rf.557d38262d5a2063901159ba9263760f.jpg,bungarus caeruleus,2,461,98
169465809_jpeg.rf.1b7c67ab71d1c46dae2b55d9459d6ac9.jpg,psammodynastes pulverulentus,9,435,233
55017550_jpeg.rf.0f17118f72dc77edb4640e33a634fa30.jpg,dendrelaphis pictus,6,492,234
107480975_jpg.rf.e4ee13302c6fd5b0551ed25e50e085c7.jpg,bungarus fasciatus,3,377,375
48044876_jpeg.rf.d8173c0dee77d5e769393a536430d1f3.jpg,trimeresurus albolabris,12,292,231
16761726_jpg.rf.1de6066313ca2debb6ff0c5dc78061a4.jpg,ptyas mucosa,11,254,221
7471970_jpg.rf.1507360deb4b27aa367c94eaae81bdc7.jpg,ahaetulla prasina,0,440,281
111182185_jpeg.rf.104f94dfdc76641d885f1dac94c174a9.jpg,ptyas korros,10,330,197
162027182_jpeg.rf.96320ce50859d632997e980bdbc8b5eb.jpg,bungarus caeruleus,2,254,212
118519200_jpeg.rf.062d3f15057850ce51450925d87ea7ba.jpg,ophiophagus hannah,8,363,253
AUG146780820_jpeg.rf.582da28fd5d9d0f7733307353f6c6558.jpg,bungarus caeruleus,2,110,295
45394592_jpg.rf.8b4c6fe77c84d904f631b1ebca208187.jpg,chrysopelea ornata,4,223,219
117604360_jpeg.rf.91cf21a0634a2d42852be2fd8bad6da1.jpg,ptyas korros,10,187,194
69586799_jpg.rf.b9212f17eac2f12e43de79097144a8f0.jpg,ptyas mucosa,11,500,271
117185687_jpg.rf.1772ed326fe9a49de73e086614a0d3ec.jpg,naja naja,7,105,109
75370695_jpg.rf.203975ab50c10626b680b7242d658594.jpg,trimeresurus albolabris,12,275,272
105556158_jpeg.rf.acff7d1464c02d25ad09073dd7ea18e9.jpg,bungarus fasciatus,3,261,364
250189738_jpeg.rf.7002e34e45ede4bb61ab0a0613a0c90a.jpg,trimeresurus purpureomaculatus,13,500,437
65705545_jpeg.rf.1b488d87c08c53646e282deae72fc358.jpg,ophiophagus hannah,8,348,327
78664484_jpg.rf.1f70e31f46a527cc5a868a9dde97c2c0.jpg,amphiesma stolatum,1,356,185
154990369_jpeg.rf.70707c747e3099d9a750b69d7176ce3a.jpg,daboia russelii,5,500,183
AUG234396470_jpeg.rf.30d6cf6d22819b5f35b5dcdd6d600dc7.jpg,daboia russelii,5,334,235
76626807_jpg.rf.538f93403e2030db5c3a3456d3b60011.jpg,amphiesma stolatum,1,394,451
105970728_jpeg.rf.7a7cb1becca38f5ef5ce464998fe9466.jpg,dendrelaphis pictus,6,375,149
62409387_jpg.rf.6a09ec250da07b8ed1f07fd33928daab.jpg,ahaetulla prasina,0,375,500
AUG19796092_jpeg.rf.b9f7649e5cc8a18bbf9f7261419eed41.jpg,bungarus caeruleus,2,378,179
106785532_jpg.rf.27472d67e8b5daa80371c64057a715c1.jpg,xenochrophis piscator,14,418,130
1529610_jpg.rf.3652b519e8d0781812527810d3ab9e8e.jpg,ptyas mucosa,11,373,456
104808480_jpg.rf.bcaea58d50d574a23d7540e647be5499.jpg,chrysopelea ornata,4,239,500
121151007_jpg.rf.d285fe8779c9721835a996dbd5c45124.jpg,trimeresurus albolabris,12,149,332
178077920_jpg.rf.1ba18bb5684355c520d73e4c117658c0.jpg,ophiophagus hannah,8,377,287
46224210_jpeg.rf.cb123d07f2eed31f2a8b51848a617583.jpg,dendrelaphis pictus,6,288,118
AUG107267930_jpeg.rf.dbf1f4746d05d117299cbe0dd936535e.jpg,bungarus caeruleus,2,161,208
32002952_jpeg.rf.fa5e4d82ffbd9495ebe5c37b5a9e1886.jpg,amphiesma stolatum,1,230,281
32002952_jpeg.rf.2652782ecb81b20f011ef6457d40d823.jpg,amphiesma stolatum,1,418,229
32004267_jpeg.rf.2d5fa96f66ecd439f47a3aafbcff383f.jpg,bungarus fasciatus,3,392,334
178077920_jpg.rf.a6252dbf0681d9eb8fc06edcba150b97.jpg,ophiophagus hannah,8,374,333
AUG105049439_jpeg.rf.94b4f18375599d9d9caebfcbdf7f4bab.jpg,daboia russelii,5,399,279
187457544_jpg.rf.101695b1effc71b0bb4c3796c70de8b9.jpg,ptyas korros,10,230,165
AUG121987074_jpeg.rf.314beef128fe74060d064ce69a17de64.jpg,bungarus caeruleus,2,218,375
5889622_jpeg.rf.432314d17344c0eda0d775b695eed139.jpg,ahaetulla prasina,0,374,156
AUG141594452_jpeg.rf.16744594a3ac83f8f0e926b287e92bb9.jpg,bungarus caeruleus,2,176,136
213343996_jpeg.rf.28db20d3c7a363a8fec26b1196050a03.jpg,trimeresurus purpureomaculatus,13,187,123
187676365_jpg.rf.3a552b90b621e5fbdec7608a14c02ee8.jpg,ptyas korros,10,500,278
119996475_jpeg.rf.910e03965aa1bc6d0c672ff1c90b430d.jpg,dendrelaphis pictus,6,246,336
127278091_jpeg.rf.b5adf45fe8e7843296b56bc47f6b1662.jpg,ptyas korros,10,370,213
112129984_jpeg.rf.bffe16e04580b2eb551885a773ee001a.jpg,dendrelaphis pictus,6,447,374
162027189_jpeg.rf.d2dc4ba2d89d2b744d2b32b836992572.jpg,bungarus caeruleus,2,210,253
48044870_jpeg.rf.92702eb15fe00c5e1a248602481714ef.jpg,trimeresurus albolabris,12,317,365
139756181_jpg.rf.78bd6d6b5c1c25015db7da6f52083f2d.jpg,ophiophagus hannah,8,37,130
43786089_jpeg.rf.ddacbb9a73968b430ad4b971add9dbaf.jpg,dendrelaphis pictus,6,500,286
222461316_jpeg.rf.c2c107404c2e16da66903ca60618dcb0.jpg,bungarus caeruleus,2,462,187
140441687_jpeg.rf.17df6fca761d652d604ea8dbe438c533.jpg,psammodynastes pulverulentus,9,169,186
107524973_jpg.rf.2563ae9a4ceb6bd3a1259a2ad82030fe.jpg,ptyas mucosa,11,292,167
134781048_jpeg.rf.3bc1abd64da165062b81f22fc6a7a7bb.jpg,amphiesma stolatum,1,297,462
135071772_jpg.rf.5694f749fc33657e4203f6020bc00816.jpg,ophiophagus hannah,8,375,442
134199132_jpeg.rf.903bb44d30fc4211356f2a130c1b3912.jpg,psammodynastes pulverulentus,9,287,375
106170312_jpeg.rf.f1c90ebd700ee35440fd6172e44ba1eb.jpg,ptyas mucosa,11,116,273
142482947_jpeg.rf.1f52028188a187b403773a00c708962c.jpg,xenochrophis piscator,14,139,333
227073932_jpg.rf.2856336aa63c30cfac48f385c295252c.jpg,trimeresurus purpureomaculatus,13,99,113
104085414_jpeg.rf.2f5cfaf9ea698b77a65a4e6c7ed04eee.jpg,ophiophagus hannah,8,354,370
134199044_jpeg.rf.67267500a6b0381bb890292c7c859daf.jpg,psammodynastes pulverulentus,9,500,361
169133741_jpeg.rf.f87912c8e124051bb709f63b939066b8.jpg,psammodynastes pulverulentus,9,264,333
104813104_jpeg.rf.41347f1be1e12d4d1ef1cd4053ded317.jpg,ptyas korros,10,487,372
173386505_jpg.rf.8f22c0c534a3464c7cbba0c81e5b45f9.jpg,ophiophagus hannah,8,87,344
104813108_jpeg.rf.bc901365a925d57a5eb4773ecbf94e45.jpg,ptyas korros,10,408,375
107636623_jpg.rf.936bc12641e23701523538e2a5558079.jpg,bungarus fasciatus,3,500,295
127278091_jpeg.rf.fb4c8f3561495912e86deb3af5650801.jpg,ptyas korros,10,370,213
110829488_jpeg.rf.f51a585d5a871b9525bdfe4895d2c81f.jpg,dendrelaphis pictus,6,366,316
101837930_jpeg.rf.66f16dd603a8429dbb31d35a6ed7c16b.jpg,chrysopelea ornata,4,355,177
139756181_jpg.rf.f41b9452993180c7a4728641d15e35a2.jpg,ophiophagus hannah,8,37,130
124180160_jpeg.rf.921617eef830c3bdc64844817f44abef.jpg,trimeresurus albolabris,12,318,372
131846835_jpeg.rf.c4158d95b6df442e309fe6ff7aa49d9b.jpg,trimeresurus purpureomaculatus,13,248,253
212625418_jpeg.rf.2c8580205a1fae1266b0eb008958400a.jpg,daboia russelii,5,350,176
222464829_jpg.rf.767613f13024fa18bd48ba277b45b845.jpg,xenochrophis piscator,14,401,355
47420007_jpeg.rf.9338edd2803d21e96e08c94f46e749de.jpg,dendrelaphis pictus,6,126,333
134199132_jpeg.rf.838cb1c2b2b29fc2887378b0c263c715.jpg,psammodynastes pulverulentus,9,457,287
101837758_jpeg.rf.15025bf43de1b87798e8cdd41f2c4291.jpg,chrysopelea ornata,4,375,148
124108398_jpeg.rf.43668f126cac84d020a5aa97783f8ce4.jpg,ptyas korros,10,264,213
102019768_jpg.rf.df8f7060891a47d8dfd782fbba57bb35.jpg,amphiesma stolatum,1,194,212
57693438_jpg.rf.816a1dfbbdacd1edc49a69c730150c05.jpg,ahaetulla prasina,0,145,231
124108398_jpeg.rf.f10c4c11c8c4e97a2dd9a4eacd4a1323.jpg,ptyas korros,10,213,264
117604437_jpeg.rf.5aa482cdbe549a7eb333004d0d1f45ae.jpg,ptyas korros,10,323,223
224528204_jpeg.rf.9c07bcadb6b5a96adc89d53d6f70e701.jpg,naja naja,7,487,183
AUG116143240_jpeg.rf.dc98bd1a4e576c8990ae8054ef6875d1.jpg,daboia russelii,5,236,375
134781048_jpeg.rf.ee6cec5307370de4546cf766e4693c4f.jpg,amphiesma stolatum,1,297,462
AUG107253497_jpeg.rf.479729218228a4f2461bc135f992781e.jpg,naja naja,7,202,500
110819603_jpg.rf.16355f85bb021fb6deeabaeee566d162.jpg,chrysopelea ornata,4,261,115
22787454_jpeg.rf.e8be84dab7c96713a53db4f0a60faed7.jpg,ahaetulla prasina,0,255,261
148031685_jpeg.rf.6ffdef49373ad2dc610782b532432103.jpg,amphiesma stolatum,1,372,404
108826497_jpeg.rf.31d5b079f375ae63a675e0d427c2c97d.jpg,trimeresurus purpureomaculatus,13,384,333
229368354_jpeg.rf.3bb81e373fdc83762193b26a7ed1f850.jpg,daboia russelii,5,366,248
139696987_jpg.rf.79a05c055950dc676ba58582bb712a90.jpg,psammodynastes pulverulentus,9,473,280
154969307_jpeg.rf.e086328c406cc335606638c47088e3f4.jpg,xenochrophis piscator,14,279,115
10347893_jpg.rf.ab70f8952c2da44f9fb86d2dcff8c7f0.jpg,trimeresurus purpureomaculatus,13,333,418
101567240_jpeg.rf.eba14e9bdc324fbc8c1ed2d98534735b.jpg,chrysopelea ornata,4,453,90
113361511_jpg.rf.91fd9a54842722baccfd39e43f104279.jpg,bungarus fasciatus,3,500,262
42571110_jpeg.rf.0fbbabbe48dda8c9ecfeab329d273b4a.jpg,ahaetulla prasina,0,261,237
104813097_jpeg.rf.6a23befab85c8af6845b4d92091a4ecc.jpg,ptyas korros,10,478,353
112130039_jpeg.rf.8fbff0f7de297fab6d7138376bb88e42.jpg,dendrelaphis pictus,6,470,374
104217956_jpg.rf.082b818c45bc047999616d762a039b60.jpg,trimeresurus albolabris,12,273,346
115851887_jpeg.rf.94cafd3e6e27ff47dabd272ca5e94ab9.jpg,psammodynastes pulverulentus,9,472,290
121987074_jpeg.rf.456603aceab76123c68afa7cfb9d80f7.jpg,bungarus caeruleus,2,466,204
20870693_jpg.rf.1322ba6bf6615186906b6314daaf2163.jpg,ptyas mucosa,11,375,168
139471015_jpeg.rf.8b4bfaed04aaba0793a0e6b1ba16e09a.jpg,xenochrophis piscator,14,123,201
135405894_jpeg.rf.c465f979c423cabd1dd663e66c1c7a33.jpg,trimeresurus albolabris,12,123,165
AUG116143240_jpeg.rf.ecc2d4cfcdc73cbfb72767c3726bcf36.jpg,daboia russelii,5,236,375
135071772_jpg.rf.0d84de3341d92ee075f07a4b739eb2bf.jpg,ophiophagus hannah,8,375,431
142482947_jpeg.rf.832e9deaf964873329a7b5a3a455d58c.jpg,xenochrophis piscator,14,500,139
119996475_jpeg.rf.f9cf16d865139d01b27f1d66730aa05c.jpg,dendrelaphis pictus,6,402,246
107288826_jpeg.rf.daec5cbdac33a48b55382ef1075bbc58.jpg,naja naja,7,263,500
105994333_jpeg.rf.47482f673da3c1094c942279d1c6a4be.jpg,amphiesma stolatum,1,150,363
11522543_jpg.rf.70f7dabb9864b7f284509792224283a8.jpg,chrysopelea ornata,4,342,331
102016332_jpg.rf.23c9a71b099b8ffdb6373c54bad7587a.jpg,chrysopelea ornata,4,500,500
107288826_jpeg.rf.b8d583c3b5caa21f327b8c10e41e2ad2.jpg,naja naja,7,375,263
10861600_jpeg.rf.ed41b815e4110f9394b9f7be9233bf41.jpg,bungarus fasciatus,3,500,139
105114793_jpeg.rf.76c94f8a7f8de2923b4fa86db586911a.jpg,dendrelaphis pictus,6,259,500
104125482_jpg.rf.1ccff13cec1b322ad46516749a37143d.jpg,xenochrophis piscator,14,160,281
140441687_jpeg.rf.112cfd582d78da5a33cb17a82d124ced.jpg,psammodynastes pulverulentus,9,186,169
107260083_jpg.rf.d562fdaac59ad272270768ecce3e2555.jpg,chrysopelea ornata,4,468,185
11497261_jpg.rf.0c0ccf2c23a1ad31e9898eb46f1d8e91.jpg,ahaetulla prasina,0,376,478
106640991_jpeg.rf.fb8389a55223b9f9249351c1f46c139c.jpg,ptyas mucosa,11,228,108
103414651_jpeg.rf.c8dcb3231f882ce9856037c251f623d3.jpg,ophiophagus hannah,8,350,473
146382514_jpeg.rf.e1aa14277d93b1066dcc0faffe21788c.jpg,psammodynastes pulverulentus,9,361,263
AUG107288826_jpeg.rf.f56e4595038461ccbcdf040312d0e0cb.jpg,naja naja,7,375,286
11819448_jpg.rf.f22b482ca9812fb4c64e5e14b22f0088.jpg,ahaetulla prasina,0,262,244
127392976_jpeg.rf.7f45516d27de13bbdf1129186c44e738.jpg,trimeresurus albolabris,12,145,204
243458031_jpeg.rf.3b5ddd6f2a31e0263f8ef374250d07c4.jpg,daboia russelii,5,191,333
214053367_jpeg.rf.009eadcd16c1ba1e9fbd51d8343b06b2.jpg,naja naja,7,378,292
139712700_jpeg.rf.fe63143ab0b4781fd8bf6cf8935b05b2.jpg,amphiesma stolatum,1,395,89
107640003_jpg.rf.dffd2a13922d264d21465b5df790d079.jpg,amphiesma stolatum,1,500,226
124449264_jpeg.rf.17e2b8a6b0ca120481202495ef068fb4.jpg,xenochrophis piscator,14,282,340
25873857_jpg.rf.6eac46e0fe42e56bd1e6c0c1e956e202.jpg,ahaetulla prasina,0,466,333
103599557_jpg.rf.86e8cfd128ff739fff6d20687b7e237b.jpg,dendrelaphis pictus,6,492,261
28391497_jpeg.rf.bef34df73acdca94b833f0923cd29518.jpg,ptyas mucosa,11,250,228
18414699_jpg.rf.3535ad75af19731aee23d4c0d83f2f78.jpg,chrysopelea ornata,4,330,317
34029307_jpg.rf.a33e36a5a9b765e0d95ed28ebecd61b3.jpg,daboia russelii,5,280,500
59321430_jpg.rf.1d1970bb67c74ecb1479b47a5904bc1a.jpg,ptyas mucosa,11,439,205
45394592_jpg.rf.a69f9f94f76969f7a495f2e093513751.jpg,chrysopelea ornata,4,223,219
38837604_jpeg.rf.befa951d93ee9f6eac923e7d93879836.jpg,bungarus caeruleus,2,275,426
22573146_jpg.rf.2c14e60b38cf5211938ea8582d4558ff.jpg,trimeresurus albolabris,12,500,318
56862413_jpg.rf.f0123403faa968fbe66b843e6bc0b033.jpg,amphiesma stolatum,1,500,193
92075925_jpg.rf.188bd3aca62e5b69fa3b352802cd008d.jpg,dendrelaphis pictus,6,203,446
162022996_jpeg.rf.6e36e5074b4ee131fc7c50b39c1dac37.jpg,xenochrophis piscator,14,370,316
54206319_jpeg.rf.6473eb0a37244b2f797fa1193b68787d.jpg,daboia russelii,5,148,278
99194256_jpeg.rf.595dbee130eceda57900ee9de42f96f2.jpg,amphiesma stolatum,1,350,176
160645753_jpg.rf.6f46138fc346475b654c8cc02bbee6c3.jpg,ophiophagus hannah,8,375,353
98757025_jpeg.rf.d58335a16dddaef3286eaea7658fa1dc.jpg,ophiophagus hannah,8,348,375
56523982_jpg.rf.b420f0abb41f77cdb9bd44d4a389318f.jpg,trimeresurus albolabris,12,375,295
178081049_jpg.rf.780b2f5a963e84d98ec260d8aa2a1fb4.jpg,ophiophagus hannah,8,496,333
48351677_jpg.rf.6794e725f2a1317bf37690df78f9db67.jpg,chrysopelea ornata,4,422,375
142867305_jpeg.rf.71a140331e0e3c2eb9f5be312ea4caca.jpg,dendrelaphis pictus,6,500,182
14939438_jpg.rf.474d82565115d7eb684298f1fe1169a4.jpg,chrysopelea ornata,4,359,170
52400930_jpeg.rf.bb6262465477bf4d6031174a490631f8.jpg,ahaetulla prasina,0,341,377
44080755_jpg.rf.2f04eb8e2594bab8e964eba6a60a0686.jpg,ahaetulla prasina,0,352,230
45951955_jpeg.rf.efe19a4684f99088917b0f420bbb9991.jpg,ahaetulla prasina,0,332,174
170118778_jpeg.rf.778b3ce728153a24ef4d57a2d2c14cc0.jpg,psammodynastes pulverulentus,9,307,415
145587754_jpeg.rf.a2d73209ae6dda9b519bfa63bf796130.jpg,dendrelaphis pictus,6,280,334
156224711_jpeg.rf.84080b57110d33b4b2b65a00b2aaf419.jpg,amphiesma stolatum,1,476,314
171062002_jpeg.rf.94d38ec2acc5ce96e5b2bcf17ea11c8a.jpg,trimeresurus purpureomaculatus,13,394,254
54508123_jpeg.rf.f0aab191a5359650becb62a7c9160951.jpg,amphiesma stolatum,1,247,330
95922900_jpg.rf.79bc02366d113351f25b9d9c0f5fa0a7.jpg,xenochrophis piscator,14,119,375
160008631_jpeg.rf.e20c35763750a0223fd71eae7f70965c.jpg,amphiesma stolatum,1,123,375
139163709_jpg.rf.2885b76ef32f19363bc4c3eea0bb8c36.jpg,bungarus fasciatus,3,500,89
31147992_jpeg.rf.d07670dd3fe3c097ecd91f5b81cb7705.jpg,dendrelaphis pictus,6,223,263
44189092_jpg.rf.2ea4f64f833d66042e992ce753e0eec7.jpg,ahaetulla prasina,0,346,296
150669708_jpg.rf.4f17573ee1113838df5d512a848fbd0c.jpg,psammodynastes pulverulentus,9,304,323
130474227_jpg.rf.172f59566c09d15756c55afbece4e303.jpg,bungarus fasciatus,3,157,248
230630747_jpeg.rf.e4e3e3b5b07fc5538598eff3c8ea20f8.jpg,trimeresurus purpureomaculatus,13,382,296
54206354_jpeg.rf.ce50b9fc899409a4186da45107de1078.jpg,daboia russelii,5,210,264
131484375_jpg.rf.8958f13acde94c39a24ef82ebe4d6b50.jpg,bungarus fasciatus,3,500,243
167235399_jpg.rf.58621ef49f0b0cc724b1fa5fab66b968.jpg,trimeresurus albolabris,12,360,333
230630717_jpeg.rf.2627acdbd4474f28294a60bf61bc8f27.jpg,trimeresurus purpureomaculatus,13,300,333
162023009_jpeg.rf.0f5f3fbb2c3955b7bc1dc83a4fad8279.jpg,xenochrophis piscator,14,226,165
28751469_jpeg.rf.132409c3caee07ddc4af4df15c47e0ae.jpg,ptyas mucosa,11,237,75
52415652_jpg.rf.10d88cf9d469b7f34e02fcab0e833cde.jpg,bungarus fasciatus,3,500,292
30921912_jpeg.rf.f3714d16be02321f494946edd599438f.jpg,ptyas mucosa,11,141,497
157573350_jpeg.rf.3ffaa722fe491e4fa23592de4bfc1f2f.jpg,ophiophagus hannah,8,213,271
146382610_jpeg.rf.d5cd99ea2d2db0ee353f3ffb84755478.jpg,psammodynastes pulverulentus,9,306,220
138527161_jpg.rf.057855c20d632d74548a684fd77247f7.jpg,bungarus fasciatus,3,207,441
17170375_jpg.rf.f17fdc0ffd544c11a89d8b7be3c97329.jpg,trimeresurus albolabris,12,494,140
152147021_jpeg.rf.8bb3684be46b543ce965483d5b5bf093.jpg,amphiesma stolatum,1,368,333
AUG151801396_jpeg.rf.4d3cb7ba0da8bcddd6dc6a430a5ddeb6.jpg,naja naja,7,226,359
51495644_jpg.rf.06b7f778059af4a2c983d1b7a770eecf.jpg,daboia russelii,5,498,247
230630594_jpeg.rf.27f021f53534869fb619a15a85a316ee.jpg,trimeresurus purpureomaculatus,13,322,263
244293423_jpeg.rf.7ee6194d3248116edab4c51f397b69e4.jpg,naja naja,7,359,351
51119887_jpg.rf.79704392e2b011668fd08e6357c2a233.jpg,chrysopelea ornata,4,356,325
166588189_jpeg.rf.caad53249246ef893f052ae200322373.jpg,amphiesma stolatum,1,145,281
AUG154699448_jpeg.rf.5997947edbac76ebc0fdca483497f984.jpg,bungarus caeruleus,2,466,139
151395911_jpeg.rf.49457e07d2d42fd68729692ace554224.jpg,ptyas korros,10,500,346
124449264_jpeg.rf.74a950a13bb18032fe2c69f802dcb597.jpg,xenochrophis piscator,14,282,340
112083916_jpg.rf.61fe1e7f2c3953ab0446b48697198e6f.jpg,chrysopelea ornata,4,288,436
233761657_jpeg.rf.bc4860cec3ea1594d53d2cd2f8b19044.jpg,bungarus caeruleus,2,96,281
219287947_jpeg.rf.2153149e4ab8bea1555cc9a3b5f04668.jpg,psammodynastes pulverulentus,9,265,336
55601317_jpeg.rf.dc92fc00e54224c14298d01cc7043eba.jpg,bungarus fasciatus,3,333,498
224528204_jpeg.rf.63810e9a466fa97762756fddbb78957d.jpg,naja naja,7,183,487
170292222_jpeg.rf.feb141d66e7fdad5d3edb80a332c460e.jpg,trimeresurus purpureomaculatus,13,350,229
32002919_jpeg.rf.6184d4cc13f6ac12f949c7f1842de485.jpg,amphiesma stolatum,1,244,375
110829487_jpeg.rf.25c5f79c53fc5d5032260cf99d77af1a.jpg,dendrelaphis pictus,6,331,426
1925761_jpg.rf.0b3bcaddb670ef2611b1ddb1b576f9ea.jpg,ptyas mucosa,11,288,495
170807753_jpeg.rf.5170d8c1500c41f10149871b8e04b38e.jpg,psammodynastes pulverulentus,9,231,375
171057829_jpeg.rf.2ebe2869daf9748211d417fe02e466cd.jpg,amphiesma stolatum,1,239,281
154491218_jpeg.rf.d1fdfa28cea2fb69a8824db232778b4d.jpg,ophiophagus hannah,8,395,215
25873867_jpg.rf.b54405072579bce6ebc72e433f3b13d1.jpg,ahaetulla prasina,0,404,333
102977460_jpeg.rf.36b7ac2968d68965452061e3d80b6e46.jpg,xenochrophis piscator,14,135,500
AUG111193722_jpeg.rf.8da753a16cb3e6c9d24716f9250a91ca.jpg,daboia russelii,5,194,248
106547216_jpeg.rf.e9ebe303fdd706a9a27407f1db014600.jpg,chrysopelea ornata,4,423,278
20870693_jpg.rf.42ec2cf4fb515944ed1a4b2199e89e14.jpg,ptyas mucosa,11,168,487
57446246_jpeg.rf.955747d664146d2aa466b7173f218a27.jpg,dendrelaphis pictus,6,390,170
41524347_jpg.rf.222ec4169495d78c797ab1f2b1872a22.jpg,ptyas mucosa,11,360,71
42432796_jpeg.rf.e0255f27d898c7c9ab18dde1ce714a6a.jpg,ahaetulla prasina,0,433,93
56511591_jpg.rf.a9b08dc2eabc567f13034b7ffd659ec3.jpg,trimeresurus albolabris,12,335,107
198455_JPG.rf.a9f5ef4736412c17d960bb206b91c97f.jpg,ptyas mucosa,11,356,439
213343917_jpeg.rf.91b0f9a1d1722b921d361a07e55b8f4e.jpg,trimeresurus purpureomaculatus,13,334,264
105713545_jpeg.rf.03be70ecb574737d2557f371993dd783.jpg,trimeresurus albolabris,12,127,237
131846835_jpeg.rf.088ca64271e6dbe0ba18ec87e4d9baa7.jpg,trimeresurus purpureomaculatus,13,248,253
43786089_jpeg.rf.988e73bffc5edf9ae0fc1bb2a12f98e2.jpg,dendrelaphis pictus,6,500,286
154926163_jpg.rf.d6f59c6e80f40e6e1526170d25da8428.jpg,trimeresurus purpureomaculatus,13,218,134
211345091_jpeg.rf.dc479a4247d577342c453256173f7654.jpg,trimeresurus purpureomaculatus,13,185,456
104125436_jpg.rf.5ab068caadeff710e42a29157fcbb566.jpg,xenochrophis piscator,14,333,178
112083839_jpg.rf.f33de9dcfa8c459d2942a250779516d5.jpg,chrysopelea ornata,4,500,330
224528177_jpeg.rf.366495a2755ff232ba28fe77e0eb7cc9.jpg,naja naja,7,222,432
221392440_jpeg.rf.5da3ff0d34c9eee5db42b5f253d4a470.jpg,xenochrophis piscator,14,130,265
119466874_jpg.rf.c0fe1f010d4bccffecd20122bee6513a.jpg,psammodynastes pulverulentus,9,448,444
58014821_jpeg.rf.98f7e687638596cb644450c84e9a3d28.jpg,ptyas mucosa,11,64,134
11495605_jpg.rf.b70e71cbc1ecb86e41d87e9fa3f54918.jpg,ahaetulla prasina,0,270,326
102016349_jpg.rf.17431fd7c2ec9c8425fc88c83be72100.jpg,chrysopelea ornata,4,423,471
131041773_jpg.rf.f3e304bc6bc33429250fda792c468cbb.jpg,trimeresurus albolabris,12,185,192
203755030_jpeg.rf.ca0c1f872c1ac1cabc9f1c70777c4d46.jpg,daboia russelii,5,110,106
107498144_jpg.rf.d6737f51e79687e6ff82a82bc0b76e03.jpg,amphiesma stolatum,1,475,419
136456119_jpeg.rf.02eed56a582aa73de1841c1448bbd499.jpg,trimeresurus albolabris,12,464,333
170712917_jpg.rf.23d7d0ce1487b8006bf441545d5e616a.jpg,ophiophagus hannah,8,500,122
14053994_jpeg.rf.0e05eddf52438c638dde5eec891e57a7.jpg,naja naja,7,500,467
143808487_jpg.rf.78650cc5a29743fa26498a040feb2039.jpg,ophiophagus hannah,8,375,376
169599219_jpeg.rf.7c7ff8140a6bb421fdf63304f1113ec7.jpg,ptyas korros,10,495,393
112083916_jpg.rf.9480942e97972c8b987b6d2b3d87297b.jpg,chrysopelea ornata,4,333,288
162027197_jpeg.rf.1d64b2c4495534c3a0aa21c85625b964.jpg,bungarus caeruleus,2,461,162
45325841_jpg.rf.e5cf582f4d58a2ce9455a473f7080377.jpg,ptyas mucosa,11,229,117
56859664_jpeg.rf.4e46bbfc25de0535a651d354f7f12df1.jpg,dendrelaphis pictus,6,467,271
107639533_jpg.rf.93fea28769b747b29de5dec7544488ed.jpg,trimeresurus albolabris,12,438,281
57693445_jpg.rf.a3159986d96d1cc39098a02b969a721d.jpg,ahaetulla prasina,0,70,354
109607376_jpeg.rf.a7bcc56be6599ac69d53bc90bba9b5a4.jpg,ptyas korros,10,330,179
AUG107267930_jpeg.rf.8b640e0a9530a6162ded084120ce4b84.jpg,bungarus caeruleus,2,161,208
117604373_jpeg.rf.651e5f73f37553b092416b86285d031d.jpg,ptyas korros,10,283,250
110819603_jpg.rf.faeb8e1011c9c15994d5ad580acb6e09.jpg,chrysopelea ornata,4,115,215
179817486_jpg.rf.27a6120d78aec9425653f62072fb853a.jpg,trimeresurus purpureomaculatus,13,149,282
108885211_jpeg.rf.6c0d46ba35ae0d2927b1812c1f5f8f89.jpg,bungarus fasciatus,3,460,375
112129334_jpeg.rf.5faf62802ea81dce2e233d14174e7233.jpg,dendrelaphis pictus,6,391,297
AUG107253497_jpeg.rf.0668dec6ecc9b123d1843ae4b77745dc.jpg,naja naja,7,202,500
104085392_jpeg.rf.43fa531e7932a93011b93febc513e91e.jpg,ophiophagus hannah,8,324,221
178020197_jpg.rf.a39662a3284c04735ec1ca4e0b4992ca.jpg,ptyas korros,10,281,343
106170312_jpeg.rf.8143fc55368b1ff2aee84a429450f062.jpg,ptyas mucosa,11,273,116
107260148_jpg.rf.e85bf234664520163b7d57ab6153b086.jpg,chrysopelea ornata,4,375,296
55353660_jpeg.rf.06f9d622e9f8340452604a89d5da3fcb.jpg,trimeresurus albolabris,12,151,292
112866685_jpeg.rf.09430d534060896d78b7a82125efd3a7.jpg,ophiophagus hannah,8,465,81
19795980_jpeg.rf.0e511a5f192dd896bd4b4e9d0a1750e3.jpg,bungarus caeruleus,2,254,437
138960474_jpeg.rf.b0330282da35871257c5210aefc4f70a.jpg,trimeresurus purpureomaculatus,13,500,228
104813112_jpeg.rf.487af1b44d0f90b9a94ce8b516167190.jpg,ptyas korros,10,209,375
170807775_jpeg.rf.eebc619078e7537cb4e07743f1748fe9.jpg,psammodynastes pulverulentus,9,500,213
32004260_jpeg.rf.d05c70d66af0c114dee4a692adac725a.jpg,bungarus fasciatus,3,500,281
212625418_jpeg.rf.1f35fc856f7dc292b157e6106b54fae4.jpg,daboia russelii,5,176,251
167688581_jpg.rf.45fc2202a1f2b356ed9884462875574c.jpg,ophiophagus hannah,8,106,253
133939499_jpeg.rf.523b78a2435c85bf0f440349e2158728.jpg,psammodynastes pulverulentus,9,213,425
193603925_jpeg.rf.1d86923b34a94c399ea53fe0e7e34783.jpg,ptyas korros,10,317,249
5779152_jpeg.rf.3f8a6a81ddbb13aea6d85fdad280d4bc.jpg,trimeresurus albolabris,12,335,193
58910599_jpeg.rf.e6498343927f018ecc8daf79243dc646.jpg,bungarus fasciatus,3,423,284
105994333_jpeg.rf.afcc91c6800da4294d5bb6282932b7cf.jpg,amphiesma stolatum,1,150,363
225780483_jpeg.rf.34685eb4472e772273947ad685f2d883.jpg,bungarus caeruleus,2,431,500
30256208_jpg.rf.cbb385e445bfa92ed8c313f3793006b0.jpg,dendrelaphis pictus,6,230,500
31886935_jpg.rf.035d4981d2fd3be41404570ba96e3416.jpg,ptyas mucosa,11,246,241
155867184_jpg.rf.35713340a9777d8a2db7ee55cba1cd57.jpg,ptyas korros,10,261,158
32004267_jpeg.rf.4ce6004131587d587e48266d0f37fe3d.jpg,bungarus fasciatus,3,447,334
200882468_jpeg.rf.8e7acff984588c8b0f32874c82f5609f.jpg,ptyas korros,10,142,375
5060427_jpeg.rf.539efd6fdc25cede0ff46174107a4ab5.jpg,amphiesma stolatum,1,347,203
AUG34864366_jpeg.rf.6b13e8e2fc76c93a472447791945aad9.jpg,naja naja,7,338,193
157573374_jpeg.rf.582cb88aeaf8f0387dd4ee8eb1a2b37a.jpg,ophiophagus hannah,8,220,325
54206354_jpeg.rf.27fdbdf6499b44b8b4431e00bbcf8c69.jpg,daboia russelii,5,387,210
230630627_jpeg.rf.f00d9b8cbe6661f6d6ac768276954b4e.jpg,trimeresurus purpureomaculatus,13,295,333
166256400_jpeg.rf.77f1e9c0de808b14fc3c2447e122a9c2.jpg,amphiesma stolatum,1,255,330
96404938_jpeg.rf.6c0a8af00c31b802d3d867a633a0ef4b.jpg,xenochrophis piscator,14,243,339
197451467_jpeg.rf.afacde360e19c6e0963decba16cb9e34.jpg,ptyas korros,10,500,321
169250585_jpeg.rf.a080637460eeec61edfaf2969953ddf5.jpg,amphiesma stolatum,1,357,253
161203860_jpg.rf.880ea9f559ead43e7ef27d5d19675676.jpg,ptyas korros,10,375,399
159886087_jpeg.rf.70949ea58d5719924457ff14fe30bae2.jpg,amphiesma stolatum,1,214,99
237352855_jpeg.rf.c935e510d67c0911258ed667c2d35b02.jpg,xenochrophis piscator,14,123,295
53041596_jpg.rf.de366d7d49debfdafc1c5760649ccc22.jpg,ahaetulla prasina,0,500,239
146382737_jpeg.rf.ee8038bb720ae212d8f3cc24448f2134.jpg,psammodynastes pulverulentus,9,305,201
153066894_jpeg.rf.5c16cb4612ea43aacbac30439414d929.jpg,ptyas korros,10,500,285
AUG129128939_jpeg.rf.abc21c68a76903504acdc32bb04e720f.jpg,daboia russelii,5,292,235
170292222_jpeg.rf.dd080c996eba8ea6b938dc1afe218bb0.jpg,trimeresurus purpureomaculatus,13,350,229
22981213_jpg.rf.c17f2dc56f36db32bc55fde00fcb6b73.jpg,chrysopelea ornata,4,142,365
AUG142192662_jpeg.rf.89c395750e92936875e461bbe97c18c6.jpg,naja naja,7,218,278
97364331_jpg.rf.452da9527f1aa2f383567e31673e04fe.jpg,chrysopelea ornata,4,204,375
54206307_jpeg.rf.b69275cc0edf802bdc897b4f0a711776.jpg,daboia russelii,5,399,193
34029307_jpg.rf.2ad93a31ed6a5cc66635456cbf42901f.jpg,daboia russelii,5,414,281
150669708_jpg.rf.fa994d02b18e47085105dfc746b93f39.jpg,psammodynastes pulverulentus,9,304,323
22981213_jpg.rf.80f8c5e97b3de9dd69a2cd263e8217f0.jpg,chrysopelea ornata,4,350,142
24690391_jpeg.rf.fbf6a70b91172a8a749a64e7404b5901.jpg,dendrelaphis pictus,6,500,153
248983629_jpeg.rf.4c1ab2619b8eb2bfea37f8d9574369e8.jpg,bungarus caeruleus,2,125,235
51299744_jpg.rf.80cb20e7618fff92745b26e7f46f8e34.jpg,chrysopelea ornata,4,500,279
57446246_jpeg.rf.b9b315c8121f936f4216d418eb84ccb9.jpg,dendrelaphis pictus,6,390,171
110498904_jpeg.rf.cf43ee681452f21540c2f871a55f8db5.jpg,naja naja,7,395,340
58971198_jpeg.rf.0a86f0bb36ada7cbc7b1bd52f85b6d1f.jpg,ahaetulla prasina,0,348,336
235961810_jpg.rf.df47d316d612d06277938f83c0546076.jpg,xenochrophis piscator,14,434,266
99171886_jpeg.rf.ebb81a44dead2aa7aac0e0bbb3c03411.jpg,amphiesma stolatum,1,288,375
27800845_jpg.rf.ccba0c465ea3544a55096c8a627d0231.jpg,chrysopelea ornata,4,148,375
52400955_jpeg.rf.03916eb83821d7ca9383edc9361233a7.jpg,ahaetulla prasina,0,500,375
AUG13673368419_jpg.rf.502ae0d04d68213e88e595c5c8e57b81.jpg,daboia russelii,5,218,281
AUG16144983624_jpg.rf.60e346139da7f6ff10c3b8b9d9c02bb3.jpg,bungarus caeruleus,2,247,250
45951955_jpeg.rf.afe53c5fc3f90b5641306a3314df80f8.jpg,ahaetulla prasina,0,174,259
153917263_jpg.rf.be08248c67330063e73b3fe148752d39.jpg,ophiophagus hannah,8,195,333
31179901_jpeg.rf.aacaf9e2b60ca405a34a012396bcb55c.jpg,ptyas mucosa,11,280,296
107267930_jpeg.rf.01023a61c3f354025a962b0e6eb2f2d6.jpg,bungarus caeruleus,2,205,197
51601000_jpg.rf.ae697fdcec9813cbd2982ef1c90c56e0.jpg,amphiesma stolatum,1,222,256
248983710_jpeg.rf.c65f3defd8d1e4cc28bb935a9635b890.jpg,bungarus caeruleus,2,227,333
104085414_jpeg.rf.6b4bec303dae394752787e83c01375be.jpg,ophiophagus hannah,8,354,370
AUG19740312_jpeg.rf.be8da53ee7a022553a6dc82b442a70bc.jpg,daboia russelii,5,285,179
213307019_jpeg.rf.d1ee12b698b555a3e1be25ceb3a4d976.jpg,ptyas korros,10,282,373
AUG150603641_jpeg.rf.effd6b8348d5e029bff1174506f4efbf.jpg,bungarus caeruleus,2,252,287
16177463_jpg.rf.50d5a8b826b89de9aeaabebc90fb1c86.jpg,chrysopelea ornata,4,439,375
24519761_jpg.rf.b960964d0c903a9ae9c9742a20bc09e3.jpg,trimeresurus albolabris,12,159,106
58971174_jpeg.rf.1989cdd13459f0197e346b2551c725b0.jpg,ahaetulla prasina,0,249,192
31376437_jpeg.rf.c7af74c14446aafe7ce509f15f43d1a1.jpg,dendrelaphis pictus,6,366,500
104814173_jpeg.rf.702fba4ba1062dc83bbe178ef4e9c48f.jpg,ophiophagus hannah,8,194,201
32002454_jpeg.rf.335c7b4e7cd96327c7049c363701dc49.jpg,trimeresurus albolabris,12,417,338
170292232_jpeg.rf.70b46194e70295d3b741d93c779b5d11.jpg,trimeresurus purpureomaculatus,13,300,211
98757139_jpeg.rf.f6d6627e73bb4e604ae5a4de0e264c93.jpg,ophiophagus hannah,8,500,324
213512243_jpeg.rf.72b9b251bd8a430ced41e92ae1178e85.jpg,naja naja,7,187,148
83361843_jpg.rf.c442bc6eb4aa3be534667a452254c925.jpg,bungarus fasciatus,3,255,64
10193964_jpg.rf.b830537a61064031d9ab9d75fb2ee77b.jpg,amphiesma stolatum,1,255,491
159886087_jpeg.rf.7c67cc9c7c94a5f055d1a0e1d8ebbdd7.jpg,amphiesma stolatum,1,99,214
169465348_jpeg.rf.af1ff806b46aacdecd79b20c1cc9603b.jpg,naja naja,7,325,311
160462716_jpeg.rf.7ff3331667c4c5590a5f5ed6d71598c1.jpg,naja naja,7,494,399
138315966_jpg.rf.077f40dda001c4bae523ef876b7ee4c2.jpg,bungarus fasciatus,3,240,333
239807884_jpeg.rf.72a744a4a651d5b81bca5fcfd1302fc7.jpg,naja naja,7,331,183
13407315_jpeg.rf.8725c48a5a4504ecfd68dd5d5c533f46.jpg,bungarus fasciatus,3,500,212
160463793_jpeg.rf.1ed27ba4211b4354548fa07b6902ec2e.jpg,naja naja,7,345,309
65705525_jpeg.rf.b4f8c2ea0152530013400459e4bb94de.jpg,ophiophagus hannah,8,299,290
176247007_jpeg.rf.335511bb0fcdcf5edd5e7087ce99feed.jpg,trimeresurus purpureomaculatus,13,375,437
153261445_jpeg.rf.62e1e5cc7eb6402c3469237341791919.jpg,amphiesma stolatum,1,333,213
104695690_jpeg.rf.df3f386695dbb513693358ec08d7e710.jpg,ptyas korros,10,359,375
168931140_jpg.rf.fe2edab69a559532d2bc8e0a14c1b373.jpg,xenochrophis piscator,14,336,454
18280896_jpeg.rf.6a0bf37a1433fbe93322d95a2d53555f.jpg,dendrelaphis pictus,6,500,245
173944906_jpg.rf.2051a47f6e7fa98930f5b609c7e6317e.jpg,xenochrophis piscator,14,333,245
AUG99964103104_jpg.rf.b229c3812fe608e8e4a0e8786f2b228f.jpg,daboia russelii,5,165,299
138515425_jpeg.rf.8edab440c97bc219a5422f06b24c5199.jpg,ophiophagus hannah,8,300,333
52500633_jpeg.rf.8517a1c65983665c450dafecfb4278f7.jpg,chrysopelea ornata,4,296,88
98757139_jpeg.rf.2f1a2f72da650cd5209383607629d186.jpg,ophiophagus hannah,8,500,324
55300656_jpeg.rf.c8ce22cf6b99c37bcf495e1c62fb9204.jpg,dendrelaphis pictus,6,265,333
52643697_jpg.rf.27c7db8f63be7ce95213a8e6ded227c3.jpg,ptyas mucosa,11,308,281
176460901_jpg.rf.f56170b5922095f8fc6714820324a5ee.jpg,psammodynastes pulverulentus,9,471,160
104243718_jpg.rf.5892a101b7c4f964b9d9b080c505f87c.jpg,bungarus fasciatus,3,116,283
91194555_jpeg.rf.2958af162d5c0d409e53d5f0a452e111.jpg,dendrelaphis pictus,6,272,257
153917263_jpg.rf.936dc68c947ac9df17672d26f34a756b.jpg,ophiophagus hannah,8,195,333
200882347_jpeg.rf.68be22047db8521c32b36c14a99693c3.jpg,ptyas korros,10,500,333
48351654_jpg.rf.3b311fe3c853f9ec39eae5ab13d09515.jpg,chrysopelea ornata,4,434,145
141867562_jpg.rf.4a7de4ea2b8555fde75654d1d2cb9553.jpg,naja naja,7,313,383
112130029_jpeg.rf.70703b23169cd79ce5b61f8e145fc80d.jpg,dendrelaphis pictus,6,348,234
162027189_jpeg.rf.f09bea11f807bb63d1641ad01d032a78.jpg,bungarus caeruleus,2,210,253
11497261_jpg.rf.b24ee4baba76fcc363d86528576e911c.jpg,ahaetulla prasina,0,376,478
138960474_jpeg.rf.94a522bfd3702053defbf1d8cafb33c2.jpg,trimeresurus purpureomaculatus,13,500,228
203755003_jpeg.rf.ee590af3d27f11cf677347557c4e59af.jpg,daboia russelii,5,106,127
12403843_jpeg.rf.4a8f452a5ccaedd07bdde1fa1709a478.jpg,ahaetulla prasina,0,424,356
198455_JPG.rf.0ede5a9a73e9e35b81952b7638f0ed5d.jpg,ptyas mucosa,11,356,500
117604381_jpeg.rf.a6020ce0cd0e8b6ceae8ee2269ef60d4.jpg,ptyas korros,10,487,282
112129138_jpeg.rf.e378e5fad14008efcd17ba7497ef1578.jpg,chrysopelea ornata,4,418,374
AUG121987101_jpeg.rf.3c41b3193f1ceb5a28d7e582ccd85bdd.jpg,bungarus caeruleus,2,185,375
137842115_jpeg.rf.c56c7bff0f91b0c3c56a8c36227ad803.jpg,trimeresurus purpureomaculatus,13,438,210
216435007_jpg.rf.01cda46445c4f2936b8219ff48cb57ad.jpg,psammodynastes pulverulentus,9,500,349
126959007_jpeg.rf.994628f0e1fef01c35abc16322164beb.jpg,bungarus fasciatus,3,430,211
124108478_jpeg.rf.d2296fc44c90b7a0375cfed85f628f74.jpg,ptyas korros,10,149,275
170807735_jpeg.rf.39dbaf83b2bc45985c85970f23368ad5.jpg,psammodynastes pulverulentus,9,201,500
86727910_jpg.rf.6dd6ddbb3bebd1c14058904612f82702.jpg,daboia russelii,5,500,326
22290518_jpeg.rf.95920615054475177230141d3e02d043.jpg,bungarus caeruleus,2,375,500
105746526_jpg.rf.08bf4a7ace6d4d4ee80059e010316eaf.jpg,ptyas mucosa,11,185,226
98372370_jpeg.rf.3bb2a795d5b286793ec55c9078ffe12c.jpg,ptyas mucosa,11,307,375
125118063_jpg.rf.26d2c2e5680bab282181a1a2ea213509.jpg,trimeresurus purpureomaculatus,13,437,282
19795980_jpeg.rf.42bb518667d54ebbfb34855816cd90eb.jpg,bungarus caeruleus,2,254,437
92078756_jpeg.rf.154b616aaddd8936bce1adde4607a529.jpg,amphiesma stolatum,1,384,240
AUG160282611_jpeg.rf.f00bfe1a515157442afb51e9ad165dcf.jpg,naja naja,7,449,333
40931913_jpg.rf.2599f99cf24331e7da8916717467830f.jpg,ahaetulla prasina,0,263,196
86025385_jpeg.rf.5b6f21984e49ecf0d38fee3264f250d4.jpg,naja naja,7,228,187
71734476_jpeg.rf.bc0865fa36d99789527acea95ed6ff8f.jpg,ophiophagus hannah,8,374,375
142064475_jpg.rf.e50570cf88f17c49cb3ae7d75b345a9e.jpg,xenochrophis piscator,14,90,160
83517146_jpeg.rf.91abba210515f2b0f3cc351e6ad0af7d.jpg,ptyas mucosa,11,401,281
180548494_jpeg.rf.c2407c5a3f5d03904520640fbf2781a5.jpg,bungarus caeruleus,2,176,375
193446900_jpg.rf.b50141406fd6a071eb977370fbf51f71.jpg,ophiophagus hannah,8,222,167
AUG134303542_jpeg.rf.131d1a68bd4162d629ac7eae4463431d.jpg,naja naja,7,194,301
156879104_jpg.rf.9fe2aae2afa31773abf52fc96181d02a.jpg,trimeresurus purpureomaculatus,13,269,256
109804697_jpg.rf.bd1b7e2ac9acbaa51084be62b6b232c7.jpg,bungarus fasciatus,3,203,442
168632214_jpeg.rf.0b655f82fc29a081edf9da1bf8dda7f3.jpg,ptyas korros,10,494,465
59321430_jpg.rf.9e731703ac3398e6188afb23c7d1b8da.jpg,ptyas mucosa,11,439,205
217740466_jpg.rf.8db6870c7d238de54c94fac1335d81eb.jpg,trimeresurus purpureomaculatus,13,235,332
AUG38837604_jpeg.rf.de4c71e8398a49cad811e8385a65b59d.jpg,bungarus caeruleus,2,283,430
134303542_jpeg.rf.ffc9e2f2ffda37de22080083e997a02d.jpg,naja naja,7,205,283
166753849_jpg.rf.364a66813411dfd39f9fe55e564f03e3.jpg,ptyas korros,10,364,333
248976264_jpg.rf.844c1b3474025adc26ecfeb0f7f81fb1.jpg,xenochrophis piscator,14,364,273
64059994_jpg.rf.8c693fc6e1269b9c137fa61cab9bc32b.jpg,trimeresurus purpureomaculatus,13,203,273
213343978_jpeg.rf.7fe30b086ba2a001db9cbac337a5082f.jpg,trimeresurus purpureomaculatus,13,355,246
107640095_jpg.rf.7e56c3dd82aa1eb7a4689444164ab728.jpg,bungarus fasciatus,3,476,323
6027831_jpeg.rf.a2d5b7c68ece747a301c55f748ee017b.jpg,bungarus fasciatus,3,500,192
117604437_jpeg.rf.8a92438a4b240365979ce1afcf746150.jpg,ptyas korros,10,324,223
138099409_jpeg.rf.fc1b8567023d55903241d856d4dafcb8.jpg,xenochrophis piscator,14,230,249
62433742_jpeg.rf.d5848ff2eec743e09deed3c21ea12c06.jpg,bungarus fasciatus,3,496,333
235718699_jpeg.rf.fca0499f32ee07df94afa8b7c3103351.jpg,daboia russelii,5,182,151
84187584_jpeg.rf.6a1229d6d863e9707a9896424995df8b.jpg,chrysopelea ornata,4,333,272
AUG86475309_jpeg.rf.faf6be7959a98a2d9b4628085c31ea2a.jpg,bungarus caeruleus,2,266,371
131041773_jpg.rf.94fc7cd904fb7c14390dcb39da1c0121.jpg,trimeresurus albolabris,12,185,192
213217516_jpg.rf.6c2b7bb801c9bc101569e5e4ec386214.jpg,psammodynastes pulverulentus,9,210,473
59107260_jpg.rf.80df8cc3879b097a9d0029db86e6949d.jpg,trimeresurus albolabris,12,500,375
141867659_jpg.rf.348810bfd5b9d0069654d8f20d85a581.jpg,naja naja,7,367,418
619846_JPG.rf.3c8d371bc87d69265d98f7533e93ed56.jpg,ahaetulla prasina,0,203,354
86505224_jpeg.rf.c2474242064267bf994dbe0e95aae386.jpg,dendrelaphis pictus,6,343,212
139712795_jpeg.rf.0309a3f05d4c75998509ede70cd1cfd1.jpg,amphiesma stolatum,1,64,225
32002258_jpeg.rf.edc7ea3d43ffbb42a87903699ff7170a.jpg,trimeresurus albolabris,12,236,186
54206638_jpeg.rf.e71cede4d4bc8c1baedceee21c3bb4a1.jpg,daboia russelii,5,279,281
203290718_jpeg.rf.78e1a3906b70d71d01148805a0b7c638.jpg,ptyas korros,10,500,281
62482268_jpg.rf.55cfad128520d9601cc3356f8f62765d.jpg,ptyas mucosa,11,198,385
19917154_jpg.rf.b5f36a65760e7570ed3571affde262d3.jpg,bungarus fasciatus,3,74,200
79271516_jpeg.rf.de35130e21d4ae164ab1f776637ee3bf.jpg,ahaetulla prasina,0,126,334
160947707_jpeg.rf.293ad52f4dda597146d5f71bb77d58c5.jpg,ophiophagus hannah,8,500,340
142192662_jpeg.rf.b67d9eecd569159d7eee69cf3f7cdbf9.jpg,naja naja,7,213,274
219660518_jpg.rf.2611f599f36feba5b90d84e1d5d9ddca.jpg,psammodynastes pulverulentus,9,428,271
181538896_jpg.rf.c468223fa12deacd9d57bb3f004e208f.jpg,xenochrophis piscator,14,131,460
7978270_jpg.rf.3bdd08f82dade6fc601ffdd379de97e5.jpg,amphiesma stolatum,1,500,400
59728700_jpg.rf.af16d6a35cbf3a838c39706693fafcf6.jpg,ahaetulla prasina,0,200,333
AUG90940531102_jpg.rf.65a137703fbffa021825debbfbb5d66a.jpg,daboia russelii,5,265,175
85026787_jpeg.rf.dfd5f55352635c175b871c21aad16368.jpg,ahaetulla prasina,0,371,256
93988080_jpg.rf.2ca3b89a68f82744af015f7b87905996.jpg,trimeresurus purpureomaculatus,13,317,168
143409802_jpeg.rf.5f6c5e99ff70b4bbbf13994ea52cb933.jpg,xenochrophis piscator,14,171,375
146382357_jpeg.rf.e76ef5767f0f7f474c0dc8203bae228f.jpg,psammodynastes pulverulentus,9,500,364
86131295_jpeg.rf.8e3cf871468805cab88891bc815fa7fb.jpg,amphiesma stolatum,1,184,282
141867602_jpg.rf.701cc18cde0ace9731d1a0b5cfa15313.jpg,naja naja,7,369,376
122207787_jpeg.rf.59aae22ff82ea562e779d2bf68595643.jpg,bungarus fasciatus,3,264,333
9127366_jpg.rf.ccf7d084d25dd9f4ec059c22bcd017c6.jpg,dendrelaphis pictus,6,53,259
81790795_jpg.rf.0e673ad866ea7bdb625beb8b4dc46a57.jpg,trimeresurus albolabris,12,500,500
154197208_jpeg.rf.85dd3557d6a3b4aee830f975be22d5e1.jpg,psammodynastes pulverulentus,9,249,260
213217602_jpg.rf.010b986f5d995eb40a8bd9efee4e4ca8.jpg,psammodynastes pulverulentus,9,353,126
170712902_jpg.rf.7de06c7253ff16691b94d75963991beb.jpg,ophiophagus hannah,8,500,132
66628882_jpg.rf.df1a323167939019476bb25e1261fe28.jpg,amphiesma stolatum,1,281,166
88354114_jpeg.rf.ff95046465c8b80201e61a9df311892b.jpg,bungarus fasciatus,3,416,333
98757136_jpeg.rf.cba0db0ba2e7d03dd0099ad010b50aa3.jpg,ophiophagus hannah,8,286,322
203290718_jpeg.rf.7deeab5960682978c2d84747196de3ca.jpg,ptyas korros,10,500,281
68202977_jpeg.rf.06923e0d15254e19fa77a65619998f85.jpg,bungarus fasciatus,3,231,212
59145438_jpeg.rf.0b6559a0d76f173af496bdaf05d2d685.jpg,trimeresurus albolabris,12,209,210
21886311_jpeg.rf.a6f881e1d5d852f41d990f472c9038b8.jpg,amphiesma stolatum,1,281,178
68181641_jpg.rf.763b77dd60ef102547940f8548216ca1.jpg,ptyas mucosa,11,366,261
67390380_jpg.rf.10bfedb678124d4269c162ae1e008244.jpg,ahaetulla prasina,0,326,434
67339779_jpg.rf.ea45ff009dbfff7bd1eb1ea1c58c7160.jpg,ophiophagus hannah,8,396,125
68029710_jpg.rf.8c3d504dafe8817aaa420bc4770abdb5.jpg,amphiesma stolatum,1,375,236
81709250_jpg.rf.65c31545a2cd0140d1ea1ca9aaae535f.jpg,ptyas mucosa,11,500,201
AUG19795980_jpeg.rf.e7080b0c908ec395728d81f9bf4e7474.jpg,bungarus caeruleus,2,278,461
58232170_jpeg.rf.4da0338a7a0c3ab6bb4e1dde296516e2.jpg,trimeresurus albolabris,12,287,219
95002905_jpg.rf.36ff80b9ccdcc3ca25d5533bf6c55d2a.jpg,ptyas mucosa,11,160,265
200255062_jpg.rf.7b2ea8743a28cd8f7b30f3e7cb553de1.jpg,trimeresurus purpureomaculatus,13,375,152
AUG162027197_jpeg.rf.4b26925d1d3a97bdc250c02d153790be.jpg,bungarus caeruleus,2,442,165
84833191_jpeg.rf.97de88ba63d30ca244ab1c8862a61e60.jpg,chrysopelea ornata,4,281,135
250239507_jpeg.rf.af413ba2779e00e6172f8e5b4771252e.jpg,naja naja,7,351,359
71102103_jpeg.rf.efb9bed820caad8eb389399d8188bd79.jpg,ptyas korros,10,151,114
AUG5916829179_jpg.rf.62cf0dc54f5a990c2118873461abb379.jpg,daboia russelii,5,140,375
120235754_jpg.rf.1e54c864789d65c8dec5352780bdac87.jpg,trimeresurus albolabris,12,142,93
6804593_jpeg.rf.0cc0210f1f69652afac2886bf416f53e.jpg,bungarus fasciatus,3,375,297
248849942_jpg.rf.4240f02e0afa3acb1d1d5537264b7ae8.jpg,xenochrophis piscator,14,124,253
AUG186382728_jpeg.rf.10859c5434a39371acdf1921c2b7ec2f.jpg,bungarus caeruleus,2,375,281
38320870_jpg.rf.49db59c53e00f5a8eb905d3c29ce86d6.jpg,dendrelaphis pictus,6,124,149
211918231_jpeg.rf.b45ea2774047dce620ab6d8f723ebfde.jpg,psammodynastes pulverulentus,9,356,297
79614203_jpeg.rf.b8f2c9952d8d2a9e7caaf81a002dbce6.jpg,bungarus fasciatus,3,394,375
200923829_jpeg.rf.069fb73c40b4f851e4837a93398bdd21.jpg,ptyas korros,10,301,483
AUG3402929363_jpg.rf.3c06f6bb3ce7c9e00178ea2b7af659bd.jpg,daboia russelii,5,385,292
168615021_jpg.rf.6f6a7828ce15f22cf77481107c7be09c.jpg,ophiophagus hannah,8,375,297
73679962_jpg.rf.33064b642494352154463f8c8426d1aa.jpg,amphiesma stolatum,1,295,195
62921830_jpeg.rf.dd2ea96ef1a466120f7d2c1f7f25d735.jpg,ahaetulla prasina,0,87,158
72278677_jpeg.rf.5d084e8e3b5e182050cd1d749a57fa89.jpg,ahaetulla prasina,0,377,335
31886925_jpg.rf.5dc15fb10c7250ae90c7900f93996834.jpg,ptyas mucosa,11,364,170
219137216_jpg.rf.1765570b3f7809cbf24ef7a07244d02e.jpg,psammodynastes pulverulentus,9,306,174
86167129_jpg.rf.49bdd77ce4d7bf1f493f517704b5b197.jpg,trimeresurus albolabris,12,290,281
250193210_jpeg.rf.eeffaf5791259115cd8e8369325a287f.jpg,trimeresurus purpureomaculatus,13,500,375
208611597_jpg.rf.71ae9f300e543e60aa520012cca23732.jpg,ophiophagus hannah,8,295,500
244293460_jpeg.rf.9c40bfeed08d0c779220c1404e87f4ec.jpg,naja naja,7,360,220
24045815_jpeg.rf.878ae3b32d01a9966b7fbfb4b7cb0da8.jpg,bungarus fasciatus,3,500,240
208610674_jpg.rf.c2f01b6dca3ae67e5ec62182245de80e.jpg,ophiophagus hannah,8,375,489
67431210_jpg.rf.cd638adddb3ba7c304197abe6891a665.jpg,ptyas korros,10,500,246
233761343_jpeg.rf.7c1d388d04b1a6a29592198c800321b6.jpg,bungarus caeruleus,2,114,281
176460920_jpg.rf.290a084dfc1e91cf8e473f45e35e8105.jpg,psammodynastes pulverulentus,9,377,430
AUG239022689_jpeg.rf.76432e8e0d59b058a0240d878b653c13.jpg,bungarus caeruleus,2,424,302
95677234_jpeg.rf.ddbb85a76d8f8c82a71a129cb788efd3.jpg,trimeresurus albolabris,12,165,171
216443876_jpeg.rf.e1382564f47c09c3cb94bfbeb36161ca.jpg,psammodynastes pulverulentus,9,438,257
216373456_jpg.rf.cdae348c33efb28780ff54b605ca9561.jpg,psammodynastes pulverulentus,9,500,324
AUG170437795_jpeg.rf.1248fd6563567195fbd84e8c76bbd92e.jpg,bungarus caeruleus,2,315,377
78664484_jpg.rf.bec648957834d98e4526d7f438c28dc2.jpg,amphiesma stolatum,1,356,187
173694286_jpg.rf.7de7102a390bf0592fcd212b19f3c5de.jpg,ptyas korros,10,316,500
67722425_jpeg.rf.dc88cb0960df246b3f87d822480387f7.jpg,chrysopelea ornata,4,290,216
AUG170437808_jpeg.rf.6b559a80c28ebb8e41391e7b93aca89a.jpg,bungarus caeruleus,2,177,481
60581189_jpeg.rf.f8e37cab8610938159ecf4399c19b7bd.jpg,ahaetulla prasina,0,473,210
105556137_jpeg.rf.090607649a98e86cff386da0b429bd9a.jpg,bungarus fasciatus,3,273,281
81539251_jpeg.rf.43ee1788cd4160fa7258446ffcb0acd6.jpg,dendrelaphis pictus,6,226,281
20493897_jpeg.rf.ad39bac2a8aeb4a1268681e8356e3885.jpg,bungarus fasciatus,3,500,187
71471603_jpg.rf.7cdcad24e432b71556729a435c8ce7e5.jpg,chrysopelea ornata,4,425,375
239643260_jpeg.rf.395995c1c788e51fd31c9e1af954f4ed.jpg,trimeresurus purpureomaculatus,13,446,376
50323823_jpeg.rf.9b8f25c7fad6d2fe03cd288f4ad4293e.jpg,naja naja,7,411,238
167748972_jpg.rf.96b40252588f6b5ac134512306103756.jpg,ophiophagus hannah,8,269,210
26454783_jpeg.rf.205b89be085e507fd05cbe8876fdc0dc.jpg,bungarus fasciatus,3,87,444
174690125_jpg.rf.8836e33c2a8a6674bfe3fe3f204a5925.jpg,psammodynastes pulverulentus,9,212,359
170712902_jpg.rf.acd8d404e6fbe450396dd05294448970.jpg,ophiophagus hannah,8,132,375
141867562_jpg.rf.9d1006d3c8ae264d0b9946d5fff1019f.jpg,naja naja,7,313,383
67454525_jpg.rf.58fa95464b535007f0d18b5c036fb02a.jpg,ptyas mucosa,11,230,262
71788708_jpeg.rf.8698468b5a86a64cdbaa880398d7760e.jpg,bungarus caeruleus,2,236,293
171394208_jpeg.rf.aba829b181d814d91bf20f91df3a6d3e.jpg,naja naja,7,355,266
126443278_jpeg.rf.0b6006430818f0af2daa3687bd2523f0.jpg,naja naja,7,365,234
78443857_jpeg.rf.2bb9c55ebce3bc353fdef21563e85dd1.jpg,naja naja,7,351,312
53041509_jpg.rf.23adebde2d7a8457832b884bfdaca015.jpg,ahaetulla prasina,0,372,115
36228651_jpg.rf.2ef801b16eb004fb19b55c6e0568663e.jpg,trimeresurus albolabris,12,108,262
AUG175971446_jpeg.rf.bb0c51b6a5246d7e23a64c3a55f4a65b.jpg,daboia russelii,5,312,333
71734473_jpeg.rf.15fe980e9f3cdb41f69cabb2cbff4140.jpg,ophiophagus hannah,8,500,488
170807735_jpeg.rf.14811dc435083c3fbb1eb521988070cd.jpg,psammodynastes pulverulentus,9,201,500
196199257_jpeg.rf.4e0407735b43cc18429f570ba25de0ed.jpg,psammodynastes pulverulentus,9,340,192
92823438_jpg.rf.2a49595088978743eae05e4a3933da6f.jpg,daboia russelii,5,230,157
58388173_jpeg.rf.f7f0e72b8827780b377a6a3195419e89.jpg,amphiesma stolatum,1,279,379
64796577_jpg.rf.a7e1e38d436b25addf9f02a8e2f7fb93.jpg,trimeresurus albolabris,12,245,248
66628847_jpg.rf.e53a76da655f4e942a1f826d2d604360.jpg,amphiesma stolatum,1,500,166
AUG54206376_jpeg.rf.8bfc61d97765127197e23acaab12c59f.jpg,daboia russelii,5,168,281
87861774_jpg.rf.9aee297a082420a337602d91d4413213.jpg,chrysopelea ornata,4,447,117
AUG79621934_jpeg.rf.ab1565c37604e0749de2d26f01edf85c.jpg,naja naja,7,463,162
250193220_jpeg.rf.53bcf491d93d878f5157460dfee28b45.jpg,trimeresurus purpureomaculatus,13,500,375
35142338_jpg.rf.b940a2151a373a3644af33adfb47b4ee.jpg,ptyas mucosa,11,394,243
84202355_jpeg.rf.5ac9a9304be25ca01685fe06ce48d854.jpg,dendrelaphis pictus,6,390,375
76627246_jpg.rf.2d3f438efc020ee51e11356516692e8d.jpg,amphiesma stolatum,1,416,374
AUG47415196_jpeg.rf.b237ed4d6e8c2d80a635483ec9e8121f.jpg,daboia russelii,5,265,375
239817750_jpg.rf.ce364cdc3c917310cc024734f910b51c.jpg,trimeresurus purpureomaculatus,13,297,343
61933650_jpg.rf.2bfd81a1739058daf64d50567e16bde3.jpg,ptyas mucosa,11,365,365
200923856_jpeg.rf.1c8a1ba314405741cba30ba750e999b9.jpg,ptyas korros,10,273,500
73736681_jpeg.rf.6eac2648228cdc80cad4abb0b69ef18d.jpg,dendrelaphis pictus,6,192,375
AUG164832575_jpeg.rf.b0fbaa4dcc266e2ac2b36ec4aa5320f9.jpg,naja naja,7,136,375
AUG52012588_jpeg.rf.61af7277c2a885eb3f419babba3ba30c.jpg,daboia russelii,5,253,315
246561409_jpeg.rf.f6beb6247eec38c71d7e63c2e44b0f39.jpg,xenochrophis piscator,14,252,370
73679970_jpg.rf.86be91a477b4998bfdb253d10b0e8afb.jpg,amphiesma stolatum,1,99,359
192160284_jpeg.rf.d4747fc2e543d162ac479db2d4bb6d55.jpg,psammodynastes pulverulentus,9,375,231
67421417_jpg.rf.0bf7a5eddac19c9f75a93897cbed3785.jpg,ptyas mucosa,11,183,461
31886866_jpg.rf.641afc04087328281f4d338a471586cf.jpg,ptyas mucosa,11,289,333
163953578_jpg.rf.f59bc251337e5a2a642e76fbad69a649.jpg,psammodynastes pulverulentus,9,131,231
88354099_jpeg.rf.c24f468912d4a33a41854a5a280442e0.jpg,bungarus fasciatus,3,387,263
7443357_jpg.rf.411dd9778b76928d82d8b56e337acf50.jpg,ahaetulla prasina,0,454,500
85421143_jpg.rf.486b5f4b267eac73f45c9aa20e1a8998.jpg,bungarus fasciatus,3,412,500
65705525_jpeg.rf.72af74f38c049c69a46860b314bc0426.jpg,ophiophagus hannah,8,299,290
199555301_jpg.rf.94c3d13fd11c1a4ecefd642054fb1794.jpg,psammodynastes pulverulentus,9,281,182
239270490_jpg.rf.1e1eb0f5be24617a1e31c8886a417422.jpg,xenochrophis piscator,14,166,196
AUG248983629_jpeg.rf.59414670c6bb949d8f676782b021f1ca.jpg,bungarus caeruleus,2,343,156
104590227_jpeg.rf.5af6892ceb01239776a859d2888c8b6d.jpg,chrysopelea ornata,4,243,331
87861774_jpg.rf.674ac6632ed8b03b2bbdf57a5851c08a.jpg,chrysopelea ornata,4,447,117
64550509_jpeg.rf.8ef646208b8a69be1d5bef4f407cef14.jpg,chrysopelea ornata,4,125,299
242454582_jpeg.rf.cf8a008a889f193f4f84b59af6c4e263.jpg,xenochrophis piscator,14,193,150
56602063_jpg.rf.ec03567015f0881732b7d77fe8db8a19.jpg,naja naja,7,266,203
AUG160462716_jpeg.rf.3e6e5aa0eefcdefd6df1f337c7ee7b16.jpg,naja naja,7,499,399
AUG3402929964_jpg.rf.5e1610fe433e90040a708377a37a0b11.jpg,daboia russelii,5,245,335
55747430_jpeg.rf.9306d0378c71b0dc0c962c0968d0dc2d.jpg,ahaetulla prasina,0,176,162
117758979_jpeg.rf.edfc8e553c48075d711c88b94ce08564.jpg,trimeresurus purpureomaculatus,13,472,332
204688186_jpeg.rf.24a140804833cd172345bab52e387ad6.jpg,ptyas korros,10,301,281
62460363_jpeg.rf.6850963b70651a4dce533adc3b32eb3f.jpg,bungarus fasciatus,3,218,340
AUG8672791084_jpg.rf.a192dd55246bd560afe7f8db37928316.jpg,daboia russelii,5,350,393
200255089_jpg.rf.ee9b38ad3e2bb36045af170177f311e7.jpg,trimeresurus purpureomaculatus,13,375,160
242940569_jpeg.rf.8f8c0fc2830cb62a81c06bddbc455c62.jpg,xenochrophis piscator,14,326,363
216440045_jpeg.rf.a09016e478a71456c608d833719f47eb.jpg,psammodynastes pulverulentus,9,331,500
178029830_jpeg.rf.fa05c4aef9cee168f57baa722f2b32b1.jpg,amphiesma stolatum,1,299,283
166864658_jpg.rf.f6cee74b4e2d87ba135572f7462abd62.jpg,psammodynastes pulverulentus,9,451,449
86167132_jpg.rf.0ba302950b46d32b4e14833902e67ec5.jpg,trimeresurus albolabris,12,496,217
88052568_jpg.rf.1f1f8a425b1cc8a633daac9173bb0aba.jpg,daboia russelii,5,323,179
176460947_jpg.rf.40cac4b1fe25c81d340e4cd96d1b9fb6.jpg,psammodynastes pulverulentus,9,244,500
186364160_jpg.rf.43c7fb6fc92008d2141604ab4e57e1d6.jpg,psammodynastes pulverulentus,9,409,312
173694286_jpg.rf.9dd76adeb90554da5608756b5787cee3.jpg,ptyas korros,10,316,500
238792111_jpg.rf.b967fe8981fa26c4288359f23fc454b3.jpg,xenochrophis piscator,14,388,226
7455090_jpeg.rf.f5fa2bd541d29001a02aac59cebd8153.jpg,trimeresurus albolabris,12,257,375
185553689_jpg.rf.5d4d90c5414f37918984dcccd6dc7ff3.jpg,xenochrophis piscator,14,386,379
36660029_jpg.rf.77d477bcfaec841559cc5f048e43521d.jpg,trimeresurus albolabris,12,500,400
179008063_jpeg.rf.982448645e3cf6502886b7253cf7c429.jpg,xenochrophis piscator,14,209,258
208611597_jpg.rf.9e2bddeb4827cca548c6409b9f5da750.jpg,ophiophagus hannah,8,295,500
208611580_jpg.rf.9ca72357cddeee9fcdf085e819214100.jpg,ophiophagus hannah,8,375,394
AUG170437746_jpeg.rf.2edbacbc21d1c1db5137f07790f65856.jpg,bungarus caeruleus,2,400,464
250189754_jpeg.rf.687363c843c7b49c9faf993d28a819a5.jpg,trimeresurus purpureomaculatus,13,483,488
32001676_jpeg.rf.60b3acdd9664f017ee04345d84f39ba1.jpg,bungarus fasciatus,3,392,334
213217516_jpg.rf.c01e5b3084d878edb6d5eba74ebc99db.jpg,psammodynastes pulverulentus,9,210,473
63748759_jpg.rf.ed4f107b61976fc2f28323e3b8d265b7.jpg,xenochrophis piscator,14,471,205
AUG54206354_jpeg.rf.52276c400576601a86eb8509dfa125a1.jpg,daboia russelii,5,358,246
83074084_jpeg.rf.b307a8d9e5a523dc3a72180df0709297.jpg,bungarus caeruleus,2,500,327
122368197_jpeg.rf.bee61743574c27f883de04e7818e925e.jpg,trimeresurus purpureomaculatus,13,132,483
67421404_jpg.rf.2e556e53fc40595cef78834a716bb822.jpg,ptyas mucosa,11,348,479
71598537_jpeg.rf.ef4b2cbc28c6d19e7edf73b073300b2b.jpg,ptyas korros,10,321,386
169465408_jpeg.rf.2a8f8153e8d4a0189e37c27058a3126e.jpg,naja naja,7,382,234
85786881_jpeg.rf.f07693babf7a7139500c10ff47f6e7ff.jpg,dendrelaphis pictus,6,131,139
91394864_jpg.rf.fb77dd04dbdfb87bbabc3a4f8827264d.jpg,naja naja,7,445,375
68202977_jpeg.rf.3c48b201d634b28e5c47500ad3e90747.jpg,bungarus fasciatus,3,212,231
AUG6910239582_jpg.rf.2357c85c07d8428c616dc815fc6ea51b.jpg,bungarus caeruleus,2,265,476
7455090_jpeg.rf.c2d31ad000def32be428a674b87149e7.jpg,trimeresurus albolabris,12,498,257
199555301_jpg.rf.cb0a07a336e5ae55821a4415eebf41eb.jpg,psammodynastes pulverulentus,9,182,322
10537204_jpg.rf.d7dc3e4c04f8391032ae415416dba3ab.jpg,chrysopelea ornata,4,500,72
239515205_jpeg.rf.6a4c5a7ee62549ca08fe14e870b72c4f.jpg,xenochrophis piscator,14,56,152
199592663_jpg.rf.fb747251a94d39f92f3100a63cc62fea.jpg,xenochrophis piscator,14,404,353
130641800_jpeg.rf.152829da5f139cdbe7d9bd1c0c53bbd1.jpg,ophiophagus hannah,8,380,107
60425348_jpg.rf.43fb2a2a473fcd5a8edd5f1acb8ac98d.jpg,ahaetulla prasina,0,287,169
81759080_jpg.rf.4a6f04fbfa59bc4156d3f76f1c47f08c.jpg,trimeresurus albolabris,12,122,113
87617771_jpeg.rf.bdcb8180f85a86324ee115e39c978d06.jpg,ptyas mucosa,11,416,276
213307038_jpeg.rf.40e38db4525dad38289851446449e1c6.jpg,ptyas korros,10,282,477
38320854_jpg.rf.4a121bbfa2e1c0869552d09fa717b197.jpg,dendrelaphis pictus,6,114,159
81952045_jpeg.rf.f1c701f53e53498114cf8a040079eb6e.jpg,bungarus fasciatus,3,468,333
208611580_jpg.rf.5c4c336d3ea320e957d722ae2ecdc994.jpg,ophiophagus hannah,8,351,500
71775105_jpeg.rf.3c4b16baada16727810c9368739077f7.jpg,dendrelaphis pictus,6,156,450
61668472_jpeg.rf.b3c242f3627ad1b5caf2e3cb91d7d7d9.jpg,dendrelaphis pictus,6,500,234
211661799_jpeg.rf.da4a2a7c38a94f4ecdd1af186cceb75a.jpg,ptyas korros,10,370,373
AUG5149564469_jpg.rf.3a1ec82ae5e1d4b2f4c25f1683b2aab9.jpg,daboia russelii,5,500,243
AUG225780483_jpeg.rf.f8a1f07beae50e262496111370e9d8be.jpg,bungarus caeruleus,2,431,500
86025333_jpeg.rf.d3b11a245a6dc9324a2486d88f57575b.jpg,naja naja,7,175,487
111937254_jpeg.rf.751134c9256287c3852b999ae066488a.jpg,amphiesma stolatum,1,394,200
122540909_jpeg.rf.7e71450c40e5dab2a24c1a533005ce70.jpg,ophiophagus hannah,8,280,339
122692917_jpg.rf.55dca979d30141585ff22e712fff48b2.jpg,ophiophagus hannah,8,375,305
59145400_jpeg.rf.c00c49f2a878ef3b756ecc28ac1cbb16.jpg,trimeresurus albolabris,12,273,249
AUG248983629_jpeg.rf.acc40dddb9558b0e3f720bb4fe761872.jpg,bungarus caeruleus,2,342,156
AUG212625418_jpeg.rf.e459f536ba8801e4edb07fbd671331ce.jpg,daboia russelii,5,74,232
60826091_jpeg.rf.2d42ed1ff5f8fc91d92a2ce9a9e0a1bf.jpg,chrysopelea ornata,4,72,349
12652405_jpg.rf.1af3b9d5e9418e043020b31f7de14cfd.jpg,ahaetulla prasina,0,301,317
193447067_jpg.rf.2c5c3bd8a8ae8ce880f2c46af9fc03b7.jpg,ophiophagus hannah,8,210,168
129827244_jpeg.rf.dd0be926f631569601682191f5d64875.jpg,daboia russelii,5,333,386
61556323_jpeg.rf.ce305e1dbae490a880522bedf5d9433b.jpg,ahaetulla prasina,0,492,141
6804592_jpeg.rf.a8be439a07a596cf1c8253455085b076.jpg,bungarus fasciatus,3,420,375
168615028_jpg.rf.eaec27b21028b250a82e066813c26e00.jpg,ophiophagus hannah,8,149,273
117185687_jpg.rf.47dd4bb1d3e4fd1073c28a7807f04c1a.jpg,naja naja,7,104,109
71792052_jpeg.rf.6a68d0fd9e3c68998fdd5e5df8198955.jpg,amphiesma stolatum,1,249,500
78123120_jpeg.rf.16c0b4489ccb8b8885663835349ee842.jpg,bungarus fasciatus,3,282,375
83074084_jpeg.rf.40979c6a55988b683148706c4d9baea1.jpg,bungarus caeruleus,2,425,327
209579270_jpg.rf.3651f7d101aa50eb6291bb1e25d495b0.jpg,psammodynastes pulverulentus,9,333,375
79621934_jpeg.rf.4b10f869a1ad8b6a5f9cecb0c1743599.jpg,naja naja,7,204,403
169854467_jpeg.rf.6ca50e79af308d5671be9224e12097e6.jpg,ptyas korros,10,258,262
82448473_jpeg.rf.bacc01f8fe440e7b9659f51d0e6df1a1.jpg,trimeresurus purpureomaculatus,13,338,333
83361856_jpg.rf.2ead2648ce4eb6f63ce3d2b3bf41a6fc.jpg,bungarus fasciatus,3,92,315
205381466_jpeg.rf.902cc90905c7c16be597300b9a3dddce.jpg,trimeresurus purpureomaculatus,13,186,375
55599575_jpeg.rf.f43dd0b8dc9d5716accd6077bfe15bdd.jpg,naja naja,7,500,371
76052744_jpg.rf.ded3db19cc9b7c92f5bc90fe796a3611.jpg,ptyas mucosa,11,152,271
32004023_jpeg.rf.a598c92ea19a960d62fe9b942ad46ec8.jpg,bungarus fasciatus,3,445,323
AUG6910239582_jpg.rf.88f6552366f089f8a493f4a8a25b681d.jpg,bungarus caeruleus,2,375,265
71769494_jpeg.rf.7c0838f16ba8af68005e97a157ca2af1.jpg,dendrelaphis pictus,6,318,434
239503615_jpeg.rf.740b2e7009e67008da58861fc7730238.jpg,trimeresurus purpureomaculatus,13,500,375
73679962_jpg.rf.ca8b671a99231d0827d83783fbd66b39.jpg,amphiesma stolatum,1,195,293
84187601_jpeg.rf.290a7b8a78785a5951d15487b89c2f11.jpg,chrysopelea ornata,4,204,240
58378451_jpg.rf.732ee071b402669ee3ef1cb425e6b7ef.jpg,chrysopelea ornata,4,466,236
243078998_jpg.rf.01bd14ef52e7cc193dbc7d05a280a5c7.jpg,xenochrophis piscator,14,429,149
66628867_jpg.rf.bb824332f28c740fa87f6803aad464d4.jpg,amphiesma stolatum,1,130,281
192160325_jpeg.rf.7400682631058423076035c239fb9408.jpg,psammodynastes pulverulentus,9,375,296
106785532_jpg.rf.e04a753ef8eea38501e31e7f1fb9dd68.jpg,xenochrophis piscator,14,418,130
7561608_jpg.rf.63495244f7f10f23687b543bbc211358.jpg,dendrelaphis pictus,6,421,162
AUG79621934_jpeg.rf.5cb053230870e7183e8de19e01f2b479.jpg,naja naja,7,462,162
AUG86025385_jpeg.rf.f901c7bb406a8fc3619ce5196553a04e.jpg,naja naja,7,208,256
216440045_jpeg.rf.0cc7299f92a21c272be00b789ee8d31f.jpg,psammodynastes pulverulentus,9,331,500
39860493_jpg.rf.b532c50587d95f34ade56e309760bf59.jpg,chrysopelea ornata,4,426,142
209813132_jpeg.rf.25281700c7df49d0892f6d1626c3f321.jpg,psammodynastes pulverulentus,9,230,217
AUG235718718_jpeg.rf.c1874fd5298885c4690cdc55b391edcb.jpg,daboia russelii,5,231,379
AUG21906637542_jpg.rf.cd0d5475ee89dd6c1ff06be21869d7e5.jpg,daboia russelii,5,200,132
210745299_jpeg.rf.407ed88bc45d7f8a909924d02cd0e518.jpg,ptyas korros,10,308,201
75647493_jpg.rf.536c75b557664e917bb4030d98e7b897.jpg,ptyas korros,10,192,429
250193119_jpeg.rf.fd098153b77c41fbef5938a4d4c91786.jpg,trimeresurus purpureomaculatus,13,384,466
6581098_jpeg.rf.9250f31ee6ff0179eb3ad613849ec1f1.jpg,trimeresurus albolabris,12,350,304
64059987_jpg.rf.0d6f6aa5c6231887be2388d58a523a1d.jpg,trimeresurus purpureomaculatus,13,308,220
192160284_jpeg.rf.d6345f2ad3282caa988170df20e7a95e.jpg,psammodynastes pulverulentus,9,231,500
81759080_jpg.rf.7b8dbf2b725a9862b67606c9e40436f9.jpg,trimeresurus albolabris,12,122,113
7471970_jpg.rf.a2a1cf7a09eb7e809eefafe978f8a7da.jpg,ahaetulla prasina,0,440,281
61933258_jpg.rf.c55caf448fd7aa688ad35e79f141ab63.jpg,ptyas mucosa,11,500,329
86904197_jpeg.rf.59e58089fd059834c3dc2e0cef97be75.jpg,dendrelaphis pictus,6,384,177
239643265_jpeg.rf.6813d27024af0aaa41d32987e6ff495a.jpg,trimeresurus purpureomaculatus,13,347,416
AUG56365586_jpeg.rf.819e5ac9ab95a7fb8c8e44bc46bcd96d.jpg,bungarus caeruleus,2,392,375
AUG86025385_jpeg.rf.9115cd3306e160e35deaaa14575397f3.jpg,naja naja,7,227,208
AUG239022689_jpeg.rf.b4f037d1fa6e54fbdea7b7c15c027bd1.jpg,bungarus caeruleus,2,424,302
6804591_jpeg.rf.ee80e57b9a40e3b6c668626cdef138c6.jpg,bungarus fasciatus,3,481,375
96785421_jpg.rf.3ad7c196881321f26ed2e7087368d4f4.jpg,amphiesma stolatum,1,235,375
71471634_jpg.rf.cc674f6ba70e683008212df532657320.jpg,chrysopelea ornata,4,227,165
76627246_jpg.rf.9d865d9953bda0901a208fe3ca6fbc8a.jpg,amphiesma stolatum,1,416,374
58388173_jpeg.rf.30f890869127040d62442f23b89e164a.jpg,amphiesma stolatum,1,279,379
AUG233761343_jpeg.rf.62093b73c4443c558ff560e8876620a0.jpg,bungarus caeruleus,2,500,130
63824891_jpeg.rf.39df83213e6c3062dee708c21d105d32.jpg,dendrelaphis pictus,6,317,316
117604370_jpeg.rf.110c0180472c03da778ac7768be4ed48.jpg,ptyas korros,10,500,282
243531146_jpeg.rf.00f73b266009641f488e650974f4b4a8.jpg,xenochrophis piscator,14,293,447
81730990_jpg.rf.e042fe8ab383a37708d170b7f4cd23bd.jpg,ophiophagus hannah,8,500,394
70147948_jpeg.rf.bab4492c8b0306c4d278f7f3cb5dc7dd.jpg,trimeresurus albolabris,12,261,372
67390380_jpg.rf.1e9da3f9e2149cbf4b621822dc36540f.jpg,ahaetulla prasina,0,326,434
61366960_jpeg.rf.9e8e570ce6785a6949c94f6c45041bcb.jpg,ptyas korros,10,375,315
16732658_jpg.rf.c9a7c25f8cecc988856a855ef66fe3ad.jpg,ptyas mucosa,11,500,75
75287804_jpg.rf.308203ed43d7d0205a1d90cc52a80da0.jpg,trimeresurus albolabris,12,212,295
106785534_jpg.rf.6cf425429cc98184a68b5487b4bece93.jpg,xenochrophis piscator,14,217,211
205712562_jpg.rf.366de9e3dbb3eba959b0fde8399eabc9.jpg,ptyas korros,10,500,375
161449844_jpg.rf.c850690ef41c916e6c4151107f5551a5.jpg,bungarus caeruleus,2,209,422
6503584_jpeg.rf.2df5b66be0f37faa762f202c5e1b9da8.jpg,bungarus fasciatus,3,365,351
88156204_jpg.rf.6dab6afbcb2e3bfd727907c9d272f52f.jpg,daboia russelii,5,212,313
121968659_jpeg.rf.01ec04e5d7823287645c0363ca069f0f.jpg,amphiesma stolatum,1,118,486
2503802_jpg.rf.2fc85679e0eef3bd224623c787800df9.jpg,amphiesma stolatum,1,500,333
70147825_jpeg.rf.ce709b7b11251e8ede631e9d5e8fd5c3.jpg,trimeresurus albolabris,12,408,162
32003896_jpeg.rf.33ce8e57e460167afddfd546eab99bc7.jpg,trimeresurus albolabris,12,273,334
65594753_jpg.rf.38a7a36cddcfeec121813999ba597d88.jpg,ophiophagus hannah,8,342,333
20662246_jpg.rf.daafc463725adaad40f6edb57939065e.jpg,amphiesma stolatum,1,89,375
105997072_jpeg.rf.0ffd369a8c653a4188c62f8b10376fb0.jpg,dendrelaphis pictus,6,249,247
127942666_jpg.rf.af01f3805d1412a82fc8cf5bb50fbcb0.jpg,psammodynastes pulverulentus,9,500,177
109582218_jpeg.rf.d77e6b3791087ff88d5b8057011ac1a2.jpg,dendrelaphis pictus,6,281,81
86734034_jpg.rf.d9e57d9fc7580ec5ac6c9346440380d4.jpg,trimeresurus albolabris,12,334,281
106285837_jpeg.rf.c6cad2b3ff97d5a1e8678944e37bc2aa.jpg,bungarus fasciatus,3,109,83
42796768_jpeg.rf.a44de717edf963e9cd89c98d2ce77dc4.jpg,trimeresurus albolabris,12,337,500
55504218_jpg.rf.5d09dcf391fc89b9d5c0a3ae489a8b02.jpg,ahaetulla prasina,0,210,269
117185658_jpg.rf.bcdda30d1a4ca63dd3588c2712b63333.jpg,naja naja,7,267,156
38946945_jpg.rf.52cf1e6fcb918048c32cc8bcff8b9128.jpg,ptyas mucosa,11,500,313
AUG21672263447_jpg.rf.cb72a237c63f3d454ceb9e5825eb2782.jpg,bungarus caeruleus,2,230,219
154990369_jpeg.rf.6f939879e7370b0eaf5c34b8293f86e4.jpg,daboia russelii,5,183,500
154699448_jpeg.rf.75951e2b77f1ad6cacccf2bb6a296698.jpg,bungarus caeruleus,2,98,333
106785535_jpg.rf.b485c792d6ff55d07b84343e20f22134.jpg,xenochrophis piscator,14,275,269
117185658_jpg.rf.6cfcff0ed5866471ffe8f6ea5019c89a.jpg,naja naja,7,267,156
127459515_jpg.rf.2ccc1aace30c8f2ba5c0c4ca7d955a18.jpg,psammodynastes pulverulentus,9,343,472
88156197_jpg.rf.78b8783d9020869400b9dcfdbaee397d.jpg,daboia russelii,5,375,270
168615021_jpg.rf.a31a41b52a8378c816a78db032073adf.jpg,ophiophagus hannah,8,375,297
61900713_jpg.rf.38f73eec8919a8fc8f7d34a47e209e6c.jpg,ahaetulla prasina,0,124,375
71775212_jpeg.rf.1fc7cf5008cf653c83c06f0f683c5fd5.jpg,dendrelaphis pictus,6,386,375
40007470_jpg.rf.715e244385e48101170d6f2612c13af6.jpg,chrysopelea ornata,4,375,213
122540909_jpeg.rf.e4eda35ac0f0b7b6a4763e191034b7ba.jpg,ophiophagus hannah,8,281,313
163775178_jpeg.rf.ac4290d1a128ac4adca6235f87b65304.jpg,psammodynastes pulverulentus,9,271,375
81124273_jpg.rf.2410d88ca25428ca4dc1b09f8bf9b647.jpg,bungarus fasciatus,3,346,211
61900713_jpg.rf.054458f8f89fa93a5cbd8c90adb8d342.jpg,ahaetulla prasina,0,124,375
37688081_jpg.rf.aa445356ae6ea3a23a0c5308e7e68ea8.jpg,trimeresurus albolabris,12,208,335
175971051_jpeg.rf.56fdbfdf67b0be76e94b818bdf066745.jpg,daboia russelii,5,315,351
AUG163408837_jpeg.rf.0f7c59022f880ff5e4407bb356978286.jpg,naja naja,7,257,282
106785588_jpg.rf.0df5a854f0bd07af7db983a6fdaed390.jpg,xenochrophis piscator,14,356,234
28363758_jpg.rf.a58837e0af0afb0a600bf56b3a9da9c3.jpg,bungarus fasciatus,3,108,334
12658949_jpg.rf.f6cc1f851b5042343a65a56bc0abb6c3.jpg,ahaetulla prasina,0,375,450
168478220_jpeg.rf.b5708a76b96862f81583518a729215f9.jpg,daboia russelii,5,344,334
173694301_jpg.rf.6fdddfada5d43e4a945d15bbd3d9b7c4.jpg,ptyas korros,10,105,254
33940979_jpg.rf.acff610cdcd4e7b4ae799b73d12088c6.jpg,chrysopelea ornata,4,118,131
162027170_jpeg.rf.67a920373c4cb94e29abefd2778323e0.jpg,bungarus caeruleus,2,144,375
106785597_jpg.rf.cd74e77c4cc6b223dc54e351984d126e.jpg,xenochrophis piscator,14,347,222
AUG238438630_jpeg.rf.3ebb2cbe85a265a6c0e68914f46f1d27.jpg,daboia russelii,5,317,275
102016375_jpg.rf.8ec2f0b6a6060260b2f6f33c38079eee.jpg,chrysopelea ornata,4,248,333
73690558_jpeg.rf.0590a8b8821c34dcf070b5cb34f356c0.jpg,amphiesma stolatum,1,280,375
88121024_jpg.rf.23f9d262ab8146414ba7a46d1ffaebf2.jpg,chrysopelea ornata,4,347,252
34864366_jpeg.rf.a5e78d8cd0f5fc625434b20a98cf1179.jpg,naja naja,7,339,211
208478859_jpeg.rf.82f40c086775407437edba1b2abc737f.jpg,xenochrophis piscator,14,395,375
36228651_jpg.rf.e374aa1d66fde1aca551af80066d0a7f.jpg,trimeresurus albolabris,12,355,108
136733660_jpg.rf.fe61cbbdf76eb43279d6f3360885ab88.jpg,daboia russelii,5,205,360
7455091_jpeg.rf.cbc0a6b90a44717c02dd845cc95243bb.jpg,trimeresurus albolabris,12,500,310
16732658_jpg.rf.fd663c93b44848c17ae479f90a665d78.jpg,ptyas mucosa,11,500,75
68068498_jpeg.rf.3506c6ead552fef1b4b9340f0f4fb8cc.jpg,bungarus fasciatus,3,307,266
107480975_jpg.rf.1e8083ee51bffda7d76f696a26510e50.jpg,bungarus fasciatus,3,456,375
110379142_jpg.rf.a5c4aba1ac03308bc1207712782a9a6c.jpg,ptyas korros,10,335,270
166743557_jpg.rf.07c8875101994e4363c866fc5103a41e.jpg,psammodynastes pulverulentus,9,500,352
AUG77922855_jpeg.rf.58a49171e7ba0270249ae5ef7d3e2289.jpg,naja naja,7,175,130
105997072_jpeg.rf.1d7077098aa3908a44dea42861916936.jpg,dendrelaphis pictus,6,249,247
56884552_jpeg.rf.f14dbe1c2cb1271a0584bb927fd19a27.jpg,ahaetulla prasina,0,134,333
175721911_jpeg.rf.1823b6b47441db9a0a0601b48d9974ee.jpg,ptyas korros,10,457,220
119806284_jpeg.rf.65eb931154f2ff4b313a7112b391d245.jpg,amphiesma stolatum,1,105,227
7940258_jpeg.rf.fa9c7d2411844318ab00fb3b1c106619.jpg,trimeresurus albolabris,12,142,333
105970728_jpeg.rf.004da3c409620be26cc93dd0fe8fbe27.jpg,dendrelaphis pictus,6,375,149
115041411_jpeg.rf.8bd24fdf5ad26067b370fd27ede4b697.jpg,ophiophagus hannah,8,274,333
130641691_jpeg.rf.cecaa78feaab2bf11515d115b8c53850.jpg,ophiophagus hannah,8,82,265
106785588_jpg.rf.d4995aead23e1a6c82c15842bd2abeb0.jpg,xenochrophis piscator,14,234,315
69117823_jpg.rf.37c8e3e41abcca5e10fd815a5f528ca7.jpg,dendrelaphis pictus,6,369,125
35160963_jpeg.rf.71a390d32fb9368e3c246ccafdd294b3.jpg,ptyas mucosa,11,431,265
116506445_jpg.rf.f56848cbfbad9d932c0524bdb5526ff0.jpg,trimeresurus purpureomaculatus,13,375,134
109118088_jpeg.rf.548543ad3a60c62bf596193743abc13c.jpg,amphiesma stolatum,1,349,309
106285845_jpeg.rf.436f1607ad058f50bccb6c06a7db4c58.jpg,bungarus fasciatus,3,40,29
109118088_jpeg.rf.e046494e410705785f8df9ee4391ee57.jpg,amphiesma stolatum,1,500,309
AUG19796092_jpeg.rf.e547c4689dc22eea461c99eed4654ab1.jpg,bungarus caeruleus,2,179,281
1529610_jpg.rf.acab66201274844246774ad0462a9dd0.jpg,ptyas mucosa,11,373,435
7940258_jpeg.rf.91ad23424077d0e40fe22bb5ed539f34.jpg,trimeresurus albolabris,12,142,333
AUG234396470_jpeg.rf.d3cc8dd7ca868a1e44b0928cde9536bb.jpg,daboia russelii,5,334,235
105556158_jpeg.rf.80171816b3d557fe959910f0dcab3247.jpg,bungarus fasciatus,3,261,364
90940531_jpg.rf.f792d8da22a907354772c4ccbb44c6eb.jpg,daboia russelii,5,265,200
112138163_jpeg.rf.623c1aecaa213358a9b0e2fef2678620.jpg,amphiesma stolatum,1,214,334
250193133_jpeg.rf.e79449d693ea9649ac4d959d7ec85f30.jpg,trimeresurus purpureomaculatus,13,330,374
146305553_jpg.rf.2b42fbe617d1e8c1908a6ad152c2e6cc.jpg,xenochrophis piscator,14,500,182
38837604_jpeg.rf.5f1b36524b8c9c6009411670748a5884.jpg,bungarus caeruleus,2,275,426
233761343_jpeg.rf.bbb43156a41762eeb879297c1651b155.jpg,bungarus caeruleus,2,500,114
143808487_jpg.rf.32d130f4194fecd937a81fd69eb690c7.jpg,ophiophagus hannah,8,344,463
28194969_jpeg.rf.5cf045075675dc69666ed0a3aadfa012.jpg,ptyas mucosa,11,308,148
225780483_jpeg.rf.4c1b59735d917736c2a17c1a91b16440.jpg,bungarus caeruleus,2,431,500
101567251_jpeg.rf.7f6764209048108f44a3c93a19070aa7.jpg,chrysopelea ornata,4,441,202
162022989_jpeg.rf.49f49b78ce25196652c174e1b0ef4f97.jpg,xenochrophis piscator,14,228,348
54206364_jpeg.rf.dc81a6f43a7c2554d3aedddffe1c4ede.jpg,daboia russelii,5,314,161
24008590_jpg.rf.eb433d791408ff2927b53561f518b233.jpg,ptyas mucosa,11,500,319
176247028_jpeg.rf.d2fe7dc3f760e9a189169493b447295c.jpg,trimeresurus purpureomaculatus,13,188,130
109804897_jpg.rf.0e19705358f4f1d3ac8b8d73ec07cfc0.jpg,bungarus fasciatus,3,178,400
11819449_jpg.rf.ed233ba90a66ab3829434689d90d566d.jpg,ahaetulla prasina,0,315,312
105114793_jpeg.rf.a4ccdfca7a23465ac017e84ac5f4b772.jpg,dendrelaphis pictus,6,259,500
142577938_jpeg.rf.d219589557d88458a52b8bbe693a5409.jpg,psammodynastes pulverulentus,9,448,359
112130039_jpeg.rf.1924f619a3af6dc9527b55eb1a6fd6e7.jpg,dendrelaphis pictus,6,470,374
107524973_jpg.rf.db9cafb6a09a377ab79b5a729f5c7e2f.jpg,ptyas mucosa,11,167,270
103414658_jpeg.rf.1bf73768c5751fee3bea29f96c73b667.jpg,ophiophagus hannah,8,338,432
114634134_jpg.rf.0077777150af0fa7c31e7b9c49e5335d.jpg,chrysopelea ornata,4,276,115
28534487_jpeg.rf.da54d44dc2b65c5fa7d186b82a96daf2.jpg,ptyas mucosa,11,414,185
147072312_jpeg.rf.b9729a9eef21257aaee5c3057fba1c42.jpg,xenochrophis piscator,14,476,199
104813108_jpeg.rf.66cfda53f16a87d8cbe7ec5bbd358f5e.jpg,ptyas korros,10,500,361
229368354_jpeg.rf.16ea56515d24e5dc4137501d4b74c77e.jpg,daboia russelii,5,366,248
154491001_jpeg.rf.f2555cef2940ba139782db9443664b24.jpg,ophiophagus hannah,8,151,254
11497260_jpg.rf.c1f4b27fdd5724dc31a949358235eaea.jpg,ahaetulla prasina,0,284,309
29059916_jpg.rf.aebcc01af882c06a797e6fb3824a240f.jpg,ptyas mucosa,11,246,324
28286655_jpg.rf.1b3ef82adf06354a184a92a86c16fb7c.jpg,ahaetulla prasina,0,78,418
110498942_jpeg.rf.45978e1f3bc5f5ad505567ea207ec257.jpg,naja naja,7,324,375
108826497_jpeg.rf.54726e40744221a146ed153b17177224.jpg,trimeresurus purpureomaculatus,13,402,333
162851498_jpg.rf.137d9cd26f44c5c871c8f86475cc83e2.jpg,naja naja,7,280,178
166753851_jpg.rf.a94e1fec21ecff28907c20a4d14c6dbe.jpg,ptyas korros,10,500,333
17173634_jpeg.rf.adccdb929685eaaf9882c59a65d1196b.jpg,dendrelaphis pictus,6,500,167
102016332_jpg.rf.96dde505cac2f9004963bd6cd7b409a8.jpg,chrysopelea ornata,4,500,500
38837613_jpeg.rf.745627a3f7169fb6772ff16abe3489e0.jpg,bungarus caeruleus,2,254,457
24747601_jpg.rf.4449ea303f52ef03fb0f77fc18222124.jpg,ptyas mucosa,11,177,152
105551982_jpeg.rf.2292cffd3e1de6d1073323c1a89dc309.jpg,bungarus fasciatus,3,281,500
145796417_jpg.rf.9fcdb0c4f0dc256dd518c8d3df14aca8.jpg,trimeresurus purpureomaculatus,13,404,285
11497259_jpg.rf.739f6dacfea49b085e498c491ad93591.jpg,ahaetulla prasina,0,161,334
107639533_jpg.rf.22d740c1de95494639da5a8cb2770a2b.jpg,trimeresurus albolabris,12,438,281
30921907_jpeg.rf.7b34fbb8572a4d5383d69576cf66351a.jpg,ptyas mucosa,11,193,492
105994333_jpeg.rf.ada8a7329494590320e44f37c33b1940.jpg,amphiesma stolatum,1,149,363
29672254_jpeg.rf.8fcac82e5eebf9426a91cdcbb2f893e5.jpg,ahaetulla prasina,0,500,322
52400914_jpeg.rf.f2cfd683b1825dff5cd43d41538edc4d.jpg,ahaetulla prasina,0,500,278
AUG154534224_jpeg.rf.80de427d6502fd29171b37fe584dd1fb.jpg,naja naja,7,362,478
16993253_jpg.rf.f66ad0d7f0bd65945b1c98dfa2457ed7.jpg,amphiesma stolatum,1,139,402
121987101_jpeg.rf.2ab3414e5c1f2ffaaf634dceb29c2862.jpg,bungarus caeruleus,2,446,218
12403843_jpeg.rf.931d85b60de29ed872a219737b05299e.jpg,ahaetulla prasina,0,424,356
112866685_jpeg.rf.3abe19c18bdc1f791fc7862e34924237.jpg,ophiophagus hannah,8,465,81
163408837_jpeg.rf.7fb5484cc66f808f0b7a56abb1a43d87.jpg,naja naja,7,256,282
11948353_jpg.rf.391e4ed47a0d6cc94d25519bd9ebd2d9.jpg,ptyas mucosa,11,410,191
148006386_jpg.rf.f246efad0f99e51e86f5b4e6ea9ab8d1.jpg,psammodynastes pulverulentus,9,388,297
14554822_jpg.rf.74c49a5f8a839499c60e242b83a4c8cc.jpg,chrysopelea ornata,4,364,229
171062002_jpeg.rf.db239e12d6488763574a93d745107ab8.jpg,trimeresurus purpureomaculatus,13,395,254
128596103_jpeg.rf.afb42120e2ec593cb4f2b293542f8816.jpg,ptyas korros,10,492,331
54206376_jpeg.rf.f680d878626ea3205e48a1c5bf091234.jpg,daboia russelii,5,280,143
164832575_jpeg.rf.ad013eefb669cf6761a51325256c31f7.jpg,naja naja,7,496,230
160645753_jpg.rf.e786b7e8434873091d714034f4266d7d.jpg,ophiophagus hannah,8,336,500
173944908_jpg.rf.f8f175dbd4d4efc32a4d703f8228f2b9.jpg,xenochrophis piscator,14,452,193
11957990_jpg.rf.6c0a3fbc3564d47a78becf564fe6a027.jpg,ahaetulla prasina,0,369,361
234611201_jpeg.rf.c7944ccd54d724cb817758d6ffac7266.jpg,daboia russelii,5,447,314
177532857_jpeg.rf.cceedd6f8f1de406e718cf8f74b3fd6a.jpg,trimeresurus purpureomaculatus,13,500,454
29368502_jpeg.rf.4692fe74f4d7b1423b8dd861ce0050b3.jpg,trimeresurus albolabris,12,439,175
153067049_jpeg.rf.795d30b3ccd40788dbdc5854f05320a5.jpg,ptyas korros,10,210,283
132279456_jpg.rf.f07330497cc81378edff3c9692de9ed0.jpg,trimeresurus albolabris,12,160,156
141867659_jpg.rf.cc4525c865e30ee755555b508b4a91d9.jpg,naja naja,7,417,367
109603222_jpeg.rf.353c7cbea9076769c19b811175dc1709.jpg,ptyas korros,10,279,200
11497336_jpg.rf.3c12852e38b4d7bd182c2be76de32a75.jpg,chrysopelea ornata,4,327,396
156659092_jpg.rf.b271f3eda7133b773b2f2f9f70b69bf6.jpg,ophiophagus hannah,8,500,108
146780820_jpeg.rf.1236f4bdb0de48524c5e382cc46c8c29.jpg,bungarus caeruleus,2,88,288
28796912_jpg.rf.99fb5ca5f28f050122a48d5d9216657f.jpg,chrysopelea ornata,4,257,260
152471269_jpeg.rf.a821be22199b63169c2cabae828c8a54.jpg,psammodynastes pulverulentus,9,179,464
44189092_jpg.rf.db3fa7a4cfd946827aebba75cbba1638.jpg,ahaetulla prasina,0,296,402
45512758_jpeg.rf.e294dc1a8a7f3483520bb3342dee73bd.jpg,ahaetulla prasina,0,297,223
132765314_jpeg.rf.740670bb6ca37fe63afa7703df99e8f3.jpg,ophiophagus hannah,8,428,72
156224711_jpeg.rf.bf337f423cf9e89d4baeec335409da80.jpg,amphiesma stolatum,1,476,314
162027113_jpeg.rf.4666ddeebeae6b758ae749a131be5609.jpg,xenochrophis piscator,14,481,299
203459385_jpg.rf.1b038ca93732cdc276e4c3c3f68e374e.jpg,bungarus caeruleus,2,359,244
154705208_jpeg.rf.92e328a0da2cc4e515a92318ffe511af.jpg,trimeresurus purpureomaculatus,13,119,157
113535444_jpeg.rf.183b6425ad4f7f7f4d59c58b8959cfd9.jpg,dendrelaphis pictus,6,500,256
145289412_jpg.rf.b8d5f0ce47820d47ac84d124aa526047.jpg,psammodynastes pulverulentus,9,249,184
105114813_jpeg.rf.15d11d28a3086b5b02327f76e6586228.jpg,dendrelaphis pictus,6,500,316
216722634_jpg.rf.0abbc3904a337bdf29b121c215292d22.jpg,bungarus caeruleus,2,230,261
21957874_jpg.rf.f6cd926cf862412887a40468548e9df8.jpg,trimeresurus albolabris,12,483,281
16177463_jpg.rf.b62716992ab8f90a82408cf78ed3b90c.jpg,chrysopelea ornata,4,438,375
32084334_jpg.rf.547d16a1c9a9b346cba0641f0f3d0935.jpg,ahaetulla prasina,0,434,288
38394318_jpeg.rf.38cb760636dfa2b258937bb665c5c32f.jpg,ahaetulla prasina,0,500,223
234611273_jpeg.rf.5dffcc683869b9d97a33d55a5c7aa6bd.jpg,daboia russelii,5,500,209
24057386_jpg.rf.9410677a1b4065311a8da9f7760bf588.jpg,ptyas mucosa,11,384,234
170292228_jpeg.rf.90200e92aac9fee2fa2080d78e0cf8b0.jpg,trimeresurus purpureomaculatus,13,281,182
28817003_jpg.rf.7f4e2830955db5a05ad37523659efaa7.jpg,ptyas mucosa,11,449,197
22549445_jpeg.rf.cfb48dbd767ba9821c9ad4972866bd97.jpg,trimeresurus albolabris,12,223,214
110498956_jpeg.rf.a83a11e77f234ad0a4d2c319ce936b25.jpg,naja naja,7,150,292
30119804_jpg.rf.ded11a41c8e9e6da4ed64164d11d27a5.jpg,dendrelaphis pictus,6,447,247
55300656_jpeg.rf.b35a000c694e3e58358dc4c7e4c66ea7.jpg,dendrelaphis pictus,6,365,265
168926691_jpeg.rf.2155cee1e1a57d5ebf3e2b2e854c0fe7.jpg,ptyas korros,10,500,349
AUG162027189_jpeg.rf.ea5c67998ee14473e88d689b495e3fd0.jpg,bungarus caeruleus,2,315,217
180561516_jpg.rf.9bb6bf092abe8723aeda19949dbf197c.jpg,ophiophagus hannah,8,447,165
37393705_jpg.rf.0fe8c168bf2646b8c2a4553524929d52.jpg,trimeresurus albolabris,12,447,325
150880248_jpeg.rf.e82500c377f8f2bffbdd149a3332863f.jpg,xenochrophis piscator,14,197,279
92078756_jpeg.rf.43207a7f79dbbc2e8bf6839324b1565f.jpg,amphiesma stolatum,1,384,239
144061679_jpg.rf.e4c8e254b11cd7d4e6e1ce8f05c6200c.jpg,naja naja,7,128,114
188473033_jpeg.rf.3925b0d3013be2108f6862b46924d2e6.jpg,ophiophagus hannah,8,350,220
AUG28201583_jpeg.rf.ab9974ebec2ed3a17f8d8dea3d10bae5.jpg,naja naja,7,500,375
161203860_jpg.rf.1690d6bb1d60a98f71df7769fc30738b.jpg,ptyas korros,10,375,400
197451467_jpeg.rf.149324cdaf4ea5a5af2bbeb3a643cfed.jpg,ptyas korros,10,500,322
154969307_jpeg.rf.d3aa8a61e18e31b383e2e73474678272.jpg,xenochrophis piscator,14,279,115
25527443_jpeg.rf.106f6d5f0096696206f7951ff6421651.jpg,ptyas mucosa,11,448,294
139163709_jpg.rf.aa01927d64440c34beb979db0b4e70fb.jpg,bungarus fasciatus,3,500,89
47319817_jpeg.rf.c8317cf0fce6576ce6446aeaac06f2c1.jpg,chrysopelea ornata,4,500,183
138315966_jpg.rf.a29ac3dcb526dbb6fed17343999de30d.jpg,bungarus fasciatus,3,500,239
170437746_jpeg.rf.4a28a48f308b830500410398729d7aa2.jpg,bungarus caeruleus,2,400,427
14053994_jpeg.rf.bb35f52e3686fbeb2fcd6efbf22fd346.jpg,naja naja,7,500,467
156661785_jpg.rf.8298455b1086f694ea757ab390783c3b.jpg,ophiophagus hannah,8,81,190
19917154_jpg.rf.a6085a2c38a512cdae0ee8ff3caa8595.jpg,bungarus fasciatus,3,197,75
11391063_jpg.rf.914ea9431df70dc4886dfc2ce4b20b1e.jpg,dendrelaphis pictus,6,198,214
234611370_jpeg.rf.99782e40d4447a6fa90bf5d7d4f9205f.jpg,naja naja,7,235,333
138960453_jpeg.rf.53d7eb3a81fecceee30b6f3785f9a0c4.jpg,trimeresurus purpureomaculatus,13,500,275
57263746_jpeg.rf.7b9afb46be4a3cc5bbb8389c7e63dba7.jpg,dendrelaphis pictus,6,410,143
90938942_jpeg.rf.71ebb012a06d0aed2c998cb37f4846cc.jpg,naja naja,7,288,130
138896861_png.rf.e6cfc393a5be31dda8fc545bfb9c6d54.jpg,ophiophagus hannah,8,379,176
12237388_jpg.rf.db106dd9823fb07d22fd2849288ef935.jpg,chrysopelea ornata,4,500,96
112083839_jpg.rf.cd2fe506b5ab304c8d53a93422f9b095.jpg,chrysopelea ornata,4,500,330
148243879_jpg.rf.fbb8006a8dd6e1c4faa16a5cda1cdbba.jpg,psammodynastes pulverulentus,9,195,79
179008063_jpeg.rf.826dabaf6cff77c5ea8749f733c5756c.jpg,xenochrophis piscator,14,355,208
134199132_jpeg.rf.7a0594fc9cd933376a7e57b6ce539232.jpg,psammodynastes pulverulentus,9,457,287
56523978_jpg.rf.ab872c0ff024623e67b7f6f98769f186.jpg,trimeresurus albolabris,12,292,500
19916849_jpeg.rf.3ed4c1752661e2e1df001d00c9dd89d0.jpg,bungarus fasciatus,3,500,116
179817486_jpg.rf.6007cbf1b4a03179eca6a93c892e624d.jpg,trimeresurus purpureomaculatus,13,250,149
237137486_jpeg.rf.f30dfc9ff3359d4a2723a3b691e6f054.jpg,xenochrophis piscator,14,100,143
235961810_jpg.rf.7309c3c675ec4665b7b16990bbf2f228.jpg,xenochrophis piscator,14,434,266
169064196_jpeg.rf.42a67f683f15063ddef57d9483524c4c.jpg,ptyas korros,10,226,230
47228018_jpg.rf.ae401d71cdb42028c61c0f5ff145c75a.jpg,amphiesma stolatum,1,150,307
53460783_jpeg.rf.5168f73ef6334ab8f509b461a065ed36.jpg,ptyas mucosa,11,264,63
53023347_jpeg.rf.e7fd75375d10a02f614cc9aa261c5b70.jpg,bungarus caeruleus,2,431,373
107636623_jpg.rf.e7911b59cc5659cd943f9a7c1064742e.jpg,bungarus fasciatus,3,500,295
52643706_jpg.rf.a811b9895bbcdd830f98bfffd9de3df2.jpg,ptyas mucosa,11,356,209
157573374_jpeg.rf.bd4dd4947c682181d65c727cc7281df9.jpg,ophiophagus hannah,8,281,253
198455_JPG.rf.6946ac3a42900486b8f5a4d42c5da205.jpg,ptyas mucosa,11,356,500
40931913_jpg.rf.1d1e99972a950deb8ae8ba940537ac4c.jpg,ahaetulla prasina,0,197,263
28497185_jpg.rf.4c3f438dbc66ced47396828bb2bef2fa.jpg,trimeresurus albolabris,12,500,400
133718851_jpeg.rf.049cf267a8c8626253dabcb640f93a2e.jpg,ophiophagus hannah,8,500,169
139695872_jpg.rf.c0a5b9cbec12b3994eb4bf8e9129f7b6.jpg,ptyas korros,10,293,162
134199044_jpeg.rf.81a7910e4a14bee84fadd018db34cd7c.jpg,psammodynastes pulverulentus,9,500,361
178081049_jpg.rf.9e5b18444ea4b92270e38261068e77b7.jpg,ophiophagus hannah,8,495,333
92220478_jpg.rf.145f2a2e5e8ab76f5b1813e7d4afedef.jpg,trimeresurus albolabris,12,405,167
AUG14007192_jpeg.rf.1ae87ae3cee91a7da68deb808219759c.jpg,naja naja,7,437,240
188120425_jpg.rf.7654856bee8ce30c47b149ab88461ff0.jpg,psammodynastes pulverulentus,9,355,265
154926145_jpg.rf.2b79f02ff8c2cc8dd272d1fa225ca958.jpg,trimeresurus purpureomaculatus,13,282,134
47325005_jpeg.rf.e79ec3f904a238ca1d6a7d9375e3f1ac.jpg,chrysopelea ornata,4,148,67
154993106_jpeg.rf.4c77f94d62e4df3df831466566891970.jpg,xenochrophis piscator,14,188,139
AUG13673368419_jpg.rf.2c2727825064d32de147469826bde97a.jpg,daboia russelii,5,377,217
238438630_jpeg.rf.4c32ef37662ec5de77298a9394af6ced.jpg,daboia russelii,5,275,365
58971174_jpeg.rf.a5e048f246009343c5807c60395009df.jpg,ahaetulla prasina,0,249,191
150669708_jpg.rf.26624221f10d05958d828a29610e2289.jpg,psammodynastes pulverulentus,9,384,301
170807775_jpeg.rf.ebfac1b3cbbe08fe2cc21de25b3f79a9.jpg,psammodynastes pulverulentus,9,500,213
42432796_jpeg.rf.ba8851a05b8648890acc683108cc29a6.jpg,ahaetulla prasina,0,433,93
66628853_jpg.rf.32af9ad7e2642d8c18309590f8226042.jpg,amphiesma stolatum,1,237,488
55504218_jpg.rf.d7c3b0e1d924350607f64e2b816a880b.jpg,ahaetulla prasina,0,210,269
145794794_jpg.rf.e7b057a04d94cf189bca983e343d15b3.jpg,ptyas korros,10,127,500
13606171_jpeg.rf.f95eb2a7de127c2820849e454286c59e.jpg,trimeresurus purpureomaculatus,13,369,305
154705184_jpeg.rf.0f5571a44ead336ce1562161650c100a.jpg,trimeresurus purpureomaculatus,13,235,343
AUG150603641_jpeg.rf.5dc000f4470d49aa7f6680b6ce54a133.jpg,bungarus caeruleus,2,252,287
25873867_jpg.rf.ae1407095561a3596bb735de619e2d94.jpg,ahaetulla prasina,0,478,333
230630627_jpeg.rf.8381ec0ea4392d10acbbe694a72622eb.jpg,trimeresurus purpureomaculatus,13,500,261
52415652_jpg.rf.a6646da530fb19f04de62b433a3ce31b.jpg,bungarus fasciatus,3,500,292
58971198_jpeg.rf.1faafc5e52baf2f7b2039b6b11e0704d.jpg,ahaetulla prasina,0,348,336
230630594_jpeg.rf.8e0add75172873f23d6b69bbb5831c3b.jpg,trimeresurus purpureomaculatus,13,322,262
24178286_jpg.rf.1763f8aa0e03563f733aed018a92b8ef.jpg,ahaetulla prasina,0,500,272
AUG15270445418_jpg.rf.92a84310c37f54ed3fa58e921e17ebd8.jpg,bungarus caeruleus,2,457,275
28497413_jpg.rf.3fdb91d54a43638b8e701e5a31dec7ca.jpg,trimeresurus albolabris,12,479,296
167857688_jpg.rf.ac1e28dab84895821950cdc79ff0d05a.jpg,ptyas korros,10,308,223
AUG129265250_jpeg.rf.fbfe7792ebd9cfbf92b0b82060c3a43c.jpg,daboia russelii,5,217,110
88156239_jpg.rf.42a39a22601831a6cc2be035e79c99cd.jpg,daboia russelii,5,500,216
112130025_jpeg.rf.294219a0baafb892b707332de35a17d0.jpg,dendrelaphis pictus,6,500,374
52758589_jpg.rf.72d906edd90133513e601f035e058515.jpg,xenochrophis piscator,14,318,293
134781048_jpeg.rf.91ce6eb656cde7a09032c0330a052038.jpg,amphiesma stolatum,1,297,462
158324914_jpg.rf.b06354a9170fe31f4d15ec12f7b2ae8a.jpg,ptyas korros,10,500,141
34353489_jpeg.rf.ad9f393d463a9de7f92d26017f58fb0c.jpg,ptyas mucosa,11,486,422
4187011_jpg.rf.c2d285f22f1d2c198d70ec7fc3ffb2f8.jpg,chrysopelea ornata,4,255,477
48956381_jpg.rf.0605ad18d46a15515fe1e17e33ba8568.jpg,amphiesma stolatum,1,476,249
86727925_jpg.rf.65e2f92c150177c24177e26bcecde559.jpg,daboia russelii,5,474,263
112129018_jpeg.rf.56c692ace4440440bfb2bd55b5923fa8.jpg,chrysopelea ornata,4,490,374
170118778_jpeg.rf.7468d82565f1327fcfbc27891cb0d7ae.jpg,psammodynastes pulverulentus,9,307,415
52327528_jpeg.rf.c91535885aa2cdc647cb6b9011af2d26.jpg,bungarus fasciatus,3,500,334
32002456_jpeg.rf.827a61d51d40d3b9ae82b5e05bdc9170.jpg,trimeresurus albolabris,12,456,354
AUG175971051_jpeg.rf.29a04d909eb4ff31683405f9e85d7cbb.jpg,daboia russelii,5,489,307
53017740_jpg.rf.5041edaafb836971cbf5add0f7448717.jpg,bungarus fasciatus,3,494,316
204688156_jpeg.rf.9b3f6762d48b27ce82050c00eb4281a4.jpg,ptyas korros,10,500,232
7850377_jpeg.rf.e7f8a333945832dc821f6b9c30c1bfc9.jpg,ahaetulla prasina,0,277,273
208478859_jpeg.rf.61e01f0397b55d8dc64902cd67b36b4a.jpg,xenochrophis piscator,14,500,350
1925761_jpg.rf.2737eaa19d2b9e8158b03a0c916a9e88.jpg,ptyas mucosa,11,288,495
20902947_jpg.rf.10d4777706eea2d36c6e341c1068269f.jpg,ptyas mucosa,11,227,115
218858435_jpeg.rf.5248f0c969297bed0cce75f3797b53ac.jpg,bungarus caeruleus,2,234,244
146382357_jpeg.rf.45c91c6e0653aaf2d012f5d680f06f0d.jpg,psammodynastes pulverulentus,9,500,365
146081331_jpeg.rf.ba95d4dc0733e9076e52f480998f7326.jpg,psammodynastes pulverulentus,9,500,182
170437773_jpeg.rf.86e1e4c1d52ff4119d279ef9a1698d85.jpg,bungarus caeruleus,2,391,324
156879104_jpg.rf.85e16e4ea72cce5f65daac6fd177d119.jpg,trimeresurus purpureomaculatus,13,280,269
208471816_jpg.rf.aa8a8d9aba58c4afdce75a148da29b03.jpg,daboia russelii,5,143,275
AUG129128939_jpeg.rf.d2266a66b24d1b97fc192e616aacec41.jpg,daboia russelii,5,235,292
178029830_jpeg.rf.7a4d1f37de290da7b10142f858de0e89.jpg,amphiesma stolatum,1,283,299
77614355_jpeg.rf.929a99ef8e30d0552674028b3219c194.jpg,trimeresurus purpureomaculatus,13,237,162
160008678_jpeg.rf.2549f1f7c2478dbc41d87f4e4acdc7a8.jpg,amphiesma stolatum,1,364,157
56511591_jpg.rf.c236f9bd6ac63a4e93ca806594a0f0d8.jpg,trimeresurus albolabris,12,335,107
22290507_jpeg.rf.e7ededed69ce786808fbf54508ab4c72.jpg,bungarus caeruleus,2,209,500
169465378_jpeg.rf.e373174f095779feb323ded79bfb538d.jpg,naja naja,7,195,327
52643697_jpg.rf.5465185d9e70a62f5f22dca02eb646dc.jpg,ptyas mucosa,11,429,273
144584679_jpeg.rf.e863abdc266271913c1feee602c058c0.jpg,xenochrophis piscator,14,168,127
167688581_jpg.rf.29d4f62ca62078978b5e83fd466e2b6a.jpg,ophiophagus hannah,8,252,106
141914963_jpg.rf.769a279e9f86565fc21113dcdf0c779f.jpg,trimeresurus purpureomaculatus,13,473,114
AUG105386240_jpeg.rf.578022dfb7f830934b7e1b47106d4835.jpg,daboia russelii,5,500,372
66628843_jpg.rf.c24ac49b9320068adac92e2551b3dd8e.jpg,amphiesma stolatum,1,500,132
175721898_jpeg.rf.4566adbe45ae5e41d55f55e4f170d260.jpg,ptyas korros,10,375,500
235965242_jpg.rf.2d31fca2af25a8a61c6b4c613ca16537.jpg,xenochrophis piscator,14,434,332
5060427_jpeg.rf.42c43681abb1820f4a9bbb0960641d96.jpg,amphiesma stolatum,1,347,203
163105282_jpeg.rf.857746303f852b9f7b7e42796f9befed.jpg,psammodynastes pulverulentus,9,420,308
54423877_jpg.rf.face9de542e282c9a2c3257da17e3cbc.jpg,ahaetulla prasina,0,485,152
25873857_jpg.rf.41497a2a055c083a83304e115c325438.jpg,ahaetulla prasina,0,468,333
32004260_jpeg.rf.03ca60a520ff988cae248b17a98a726f.jpg,bungarus fasciatus,3,500,281
185781297_jpg.rf.476985d16c6882a5200ce047925dc944.jpg,naja naja,7,464,260
98757025_jpeg.rf.d448864bd1b6b809a6c72666504adf55.jpg,ophiophagus hannah,8,453,317
93233461_jpeg.rf.d9f2e7b34834a01619933e8f93e76065.jpg,xenochrophis piscator,14,157,108
55747430_jpeg.rf.314d5be3526c5738073e0a0e78ac3ef7.jpg,ahaetulla prasina,0,176,162
88354099_jpeg.rf.2c657a100368b23e8b234eb4df08b65d.jpg,bungarus fasciatus,3,359,333
169599287_jpeg.rf.68a5a06412701ce15acc4105fa73ab8d.jpg,ptyas korros,10,500,445
45982217_jpg.rf.da56d2f59138c51aa5265bf82f06caec.jpg,trimeresurus albolabris,12,434,144
AUG8672799988_jpg.rf.ffb8862ac489ddf12e273b9b910ab13b.jpg,daboia russelii,5,500,337
170712902_jpg.rf.bfa50dd7fb1ac1e6f097e4e31309dc5a.jpg,ophiophagus hannah,8,500,131
AUG151716263_jpeg.rf.4b3b2b16160b5902d7d44a398e213549.jpg,bungarus caeruleus,2,266,422
32004094_jpeg.rf.b21d7b266e9939efaf3076152eaf72d4.jpg,bungarus fasciatus,3,469,247
28066531_jpeg.rf.0740d22568b8f1d10864fb72babe185b.jpg,ahaetulla prasina,0,500,145
108885211_jpeg.rf.7a87c3960cc1a302385388089a4ef1da.jpg,bungarus fasciatus,3,461,375
62460384_jpeg.rf.61f625ee7fd640e069547669649669bd.jpg,bungarus fasciatus,3,338,438
185553689_jpg.rf.c5a1373cb51055dfdbb61886530ed091.jpg,xenochrophis piscator,14,446,343
88816793_jpg.rf.6105f2a3ba4b8f6e343c91fde363d3e6.jpg,amphiesma stolatum,1,126,434
20870693_jpg.rf.89e1e7e0b8db89fd833459946a11d59f.jpg,ptyas mucosa,11,375,168
178020197_jpg.rf.9475b925e3ccada62151f94842d6a690.jpg,ptyas korros,10,281,500
32269410_jpg.rf.1575d3f0ebbeaf4aea0b07a54b4723d4.jpg,dendrelaphis pictus,6,235,296
35142338_jpg.rf.8bc6be5b553643aeda2930cd3fd91193.jpg,ptyas mucosa,11,394,240
170712917_jpg.rf.3643de6072b1536ea4d07ed50d38af37.jpg,ophiophagus hannah,8,500,119
33737616_jpeg.rf.3b779ed61c6042eca9bf16aa916703b9.jpg,dendrelaphis pictus,6,442,309
71734486_jpeg.rf.acdc65cd1e316e5fa5ac242b582f2f45.jpg,ophiophagus hannah,8,500,384
185020512_jpeg.rf.3fa4a95d714a7bf3ae380afc218d13ce.jpg,amphiesma stolatum,1,174,500
167748972_jpg.rf.20ab565188ce89c87d55bf7bad278891.jpg,ophiophagus hannah,8,270,210
142482947_jpeg.rf.6f3bc7402f1ca2807fb6ad3aec2d76e2.jpg,xenochrophis piscator,14,500,139
26454783_jpeg.rf.7462d75140155976be57cf62989f6ba4.jpg,bungarus fasciatus,3,87,443
60826091_jpeg.rf.c5af1f6d3503b648702e3352e94957ca.jpg,chrysopelea ornata,4,349,71
99171879_jpeg.rf.5148b5e8094e7443f3c5b9e139fc6e03.jpg,amphiesma stolatum,1,422,341
169465479_jpeg.rf.26be9ecfe3739832f4ba9ae433e77b26.jpg,naja naja,7,385,331
89715220_jpg.rf.ce0c470e31844ef312935b6b3e5ee433.jpg,ptyas korros,10,263,292
88734834_jpg.rf.e834e56669205c8c7c23cbc48fad5f3c.jpg,bungarus caeruleus,2,492,282
75647493_jpg.rf.deb0aeb7f5f154a1f955a5f13aa10eb8.jpg,ptyas korros,10,192,429
84187601_jpeg.rf.d342cb9c626260be1b8616c9d9ae9103.jpg,chrysopelea ornata,4,231,300
242454582_jpeg.rf.bb8a2a84a049caf75b2158bee1807f39.jpg,xenochrophis piscator,14,150,197
40007470_jpg.rf.68e8909e2ee96606a9e91264f1f844ff.jpg,chrysopelea ornata,4,213,461
90623117_jpg.rf.bd6722ca262d1cdb1b29b71d58ffff2e.jpg,amphiesma stolatum,1,373,343
70147825_jpeg.rf.bfaf80c99ac558689c4816cb8d324cb9.jpg,trimeresurus albolabris,12,408,162
185792498_jpeg.rf.bb4b14161738bbe72c7f2cb95423716b.jpg,trimeresurus purpureomaculatus,13,488,330
AUG180548472_jpeg.rf.af4400b9e0712a0d7a609462abd711a1.jpg,bungarus caeruleus,2,426,171
AUG86025385_jpeg.rf.65e98d565c3bbdac115027324d50060c.jpg,naja naja,7,227,209
91194490_jpeg.rf.676524f4db4ab6b67340584c930f993e.jpg,dendrelaphis pictus,6,500,281
32008587_jpg.rf.ba1e8633f00bade182b2197038235ee9.jpg,bungarus fasciatus,3,500,281
88052426_jpg.rf.88fe960e7fb35b151bae16163c70191d.jpg,daboia russelii,5,500,367
81008965_jpeg.rf.188cbae823f12deacf5df3ea4e37b979.jpg,bungarus caeruleus,2,349,281
88214648_jpeg.rf.521c3af1fa3ccd6064527f3723436780.jpg,chrysopelea ornata,4,197,500
112130029_jpeg.rf.8650982ed0dc1eddcb142fee8c8486a0.jpg,dendrelaphis pictus,6,348,234
40413143_jpeg.rf.2a5bfeac9f38e4f099fe77ac9a634cac.jpg,chrysopelea ornata,4,429,61
199865632_jpeg.rf.eb7e323020a5c0329db08a81c6926d4c.jpg,ophiophagus hannah,8,187,261
239817592_jpg.rf.ef8e623c9b25cb42ad503750c8841150.jpg,trimeresurus purpureomaculatus,13,433,287
230630732_jpeg.rf.5e359fc59b2ef89934e760fc3f819723.jpg,trimeresurus purpureomaculatus,13,380,253
61556323_jpeg.rf.da8c67fcbfc2a0ff1583fa31768d384e.jpg,ahaetulla prasina,0,492,142
38320870_jpg.rf.a13bbcfa3e2d1c1ba139a0ef1fcaa036.jpg,dendrelaphis pictus,6,124,149
AUG107267930_jpeg.rf.d4868121b72597a4141e546ff3fe57b8.jpg,bungarus caeruleus,2,160,208
84187584_jpeg.rf.1bb0a7142f18869ca7b42e154826955c.jpg,chrysopelea ornata,4,241,462
AUG134303542_jpeg.rf.b1511d8521e77fc74fc1bb2a42f58a45.jpg,naja naja,7,267,213
31332275_jpeg.rf.6b522b0f1819d34c04f3879d4486b724.jpg,bungarus fasciatus,3,479,135
163775178_jpeg.rf.7adca725b9482c46642801f03b5983e7.jpg,psammodynastes pulverulentus,9,271,375
219592999_jpg.rf.25c07d848619e9b875e45b82684f09f4.jpg,psammodynastes pulverulentus,9,260,187
AUG87971507_jpeg.rf.f52d0d9cc139eeec43d165039b523722.jpg,daboia russelii,5,500,332
199592663_jpg.rf.58706c307322a693d019362682ed5a15.jpg,xenochrophis piscator,14,404,353
AUG71788763_jpeg.rf.26baddb9093113ce89ea3564efe240fa.jpg,bungarus caeruleus,2,265,491
AUG90725608_jpeg.rf.14c7c03c0a5b49305b87dd19ec4da5b1.jpg,naja naja,7,281,356
95677227_jpeg.rf.42f0380ad5496fa1425e20f287d79028.jpg,trimeresurus albolabris,12,166,220
848617_jpg.rf.558f823cff10af488f066870fee9f6f1.jpg,ahaetulla prasina,0,500,322
38466882_jpg.rf.e9cbc225c829fec1af710be59bdf156b.jpg,dendrelaphis pictus,6,325,214
AUG160463793_jpeg.rf.b5ef608bdb038136e111bbfff5715541.jpg,naja naja,7,329,309
96044791_jpg.rf.5bd43a1bdeb5109b60d07ff8b220fe2b.jpg,trimeresurus albolabris,12,278,184
91194555_jpeg.rf.77a392fed5a867313626023fe159c34c.jpg,dendrelaphis pictus,6,288,241
87377141_jpeg.rf.40645f722a2469c4e04655046ef96262.jpg,ophiophagus hannah,8,300,194
88052461_jpg.rf.56526138a6896fabb9523b98afc8f771.jpg,daboia russelii,5,435,500
32002919_jpeg.rf.5bea08071a46bd5afa80a149f7238a82.jpg,amphiesma stolatum,1,441,245
219633574_jpeg.rf.0352f7f67a9a055649c7313b1f7ca2ee.jpg,psammodynastes pulverulentus,9,116,304
87861732_jpg.rf.f5babba2b98af4c1777baab9a655cafe.jpg,chrysopelea ornata,4,318,337
204688289_jpeg.rf.77dcb40071ddfdae5969977f6f47f5be.jpg,ptyas korros,10,281,500
97477729_jpeg.rf.37e0f05514dd2308ac587f8692e3040a.jpg,ptyas mucosa,11,191,282
7561608_jpg.rf.67ad2edac727c55521765cdd7623b46f.jpg,dendrelaphis pictus,6,421,162
84100562_jpeg.rf.d4987313e9da68b9929f6ddbbc174e81.jpg,ahaetulla prasina,0,478,219
218087772_jpg.rf.f084194d2030208ae4c1e54925f25c27.jpg,psammodynastes pulverulentus,9,297,436
AUG88033851_jpeg.rf.509b272d24280b5396e33f4d782ca968.jpg,naja naja,7,474,197
58910610_jpeg.rf.8c35ddeddce77549e438fe4ac898faf5.jpg,bungarus fasciatus,3,500,278
88354123_jpeg.rf.20b9352e66b7aa6502de0ecf9ece3d8d.jpg,bungarus fasciatus,3,500,312
47119174_jpg.rf.2508367395ba2c41c39e647e26704ce5.jpg,trimeresurus albolabris,12,126,176
7611773_jpg.rf.47aa1e35ffa239fd9cd4447f2e678e64.jpg,dendrelaphis pictus,6,457,260
248976268_jpg.rf.1907344c45b0aa167e2554265e2d6505.jpg,xenochrophis piscator,14,496,324
217391324_jpg.rf.558cb40615d9337d62b161710b3e0372.jpg,psammodynastes pulverulentus,9,371,149
87861687_jpg.rf.80ab6000d8c3212885bcccdeb97f0d42.jpg,chrysopelea ornata,4,331,479
AUG231149082_jpeg.rf.26b175a55120ec53109725978fb8f09a.jpg,bungarus caeruleus,2,243,490
239270490_jpg.rf.e0f05867d532374709e6de142a4767fc.jpg,xenochrophis piscator,14,196,166
39595345_jpg.rf.fb1f8c2035e3ffca039f53a04d8e17b3.jpg,ptyas mucosa,11,500,371
89988702_jpeg.rf.914413cce4c2bef07f45bc7636f54c08.jpg,ptyas korros,10,420,316
AUG129241731_jpeg.rf.e7259da9f9d42889cbf8c1f818bc6ca9.jpg,bungarus caeruleus,2,443,493
42646685_jpg.rf.d46a744ea2c97993d61ed6714b9bdd42.jpg,chrysopelea ornata,4,500,131
7443356_jpg.rf.d66520c78e3ced092c1e532620e768ef.jpg,ahaetulla prasina,0,455,356
239643260_jpeg.rf.97b978687e4277e86d857c0b52d7ad56.jpg,trimeresurus purpureomaculatus,13,500,376
7983806_jpg.rf.4ef5d2b8b13b7f88a50616601c41912c.jpg,trimeresurus purpureomaculatus,13,487,236
92261996_jpeg.rf.b556d1e5b0714f875ce644f91a23e03c.jpg,dendrelaphis pictus,6,426,434
52566415_jpeg.rf.6e431034dfe1203385242b9f1cbbf584.jpg,bungarus fasciatus,3,161,226
98372384_jpeg.rf.f79f1b074380651bddbc05b3874ce5de.jpg,ptyas mucosa,11,500,265
58378451_jpg.rf.617c582c9d0cb8be6f3da96645a118a6.jpg,chrysopelea ornata,4,466,236
56862413_jpg.rf.94b03fcfc3821f1a4dbc0880d1c78c86.jpg,amphiesma stolatum,1,500,194
5779152_jpeg.rf.b81cb54ebb21ce871219a589adcfa706.jpg,trimeresurus albolabris,12,335,192
64796577_jpg.rf.c063d02f248a59d48bf6340266cde47f.jpg,trimeresurus albolabris,12,248,245
193446863_jpg.rf.f0d349ca3d86e3a0e9d2d801c161ef8a.jpg,ophiophagus hannah,8,382,113
96760707_jpeg.rf.e507f02e76776095a0bef6b2e1118bcb.jpg,trimeresurus albolabris,12,500,92
99171886_jpeg.rf.ab7387cba25ffdc740a60dcd16af4918.jpg,amphiesma stolatum,1,500,255
242940569_jpeg.rf.0db1972a45e27cfb9dee135920c7c3d7.jpg,xenochrophis piscator,14,430,326
71471664_jpg.rf.834bb323af5a5deb135550cfd5cb550f.jpg,chrysopelea ornata,4,500,375
AUG34864366_jpeg.rf.47244c22f62e19d61bb297de2292fe1f.jpg,naja naja,7,193,282
57446296_jpeg.rf.4fc57e16bbd401e36ea8339ba2c39883.jpg,dendrelaphis pictus,6,201,247
41735668_jpg.rf.18e845081ce9bfd08ec95137205a83d9.jpg,dendrelaphis pictus,6,144,122
48956371_jpg.rf.96be6e7fc2cfe5a138901fc99f397904.jpg,amphiesma stolatum,1,500,375
239503355_jpeg.rf.6b17295d610e5ae92160df80632922cc.jpg,trimeresurus purpureomaculatus,13,478,324
66628843_jpg.rf.4e1948a31c8bbd63ba0470d7d23db0ce.jpg,amphiesma stolatum,1,500,131
166398949_jpeg.rf.9dd97e1956dd946f7ebd104782b7afad.jpg,daboia russelii,5,500,335
1389567_JPG.rf.df7bd8064ca83b933328b3fa8c757ec1.jpg,ahaetulla prasina,0,327,299
190272595_jpeg.rf.d416fb7572460401657ed206839a2bf4.jpg,ophiophagus hannah,8,500,168
58470967_jpeg.rf.c787a548f3ee896ea8fc77b3ded2e5ec.jpg,chrysopelea ornata,4,437,90
73045955_jpg.rf.0c33ea6275ae418c4bf06f35eb7928dc.jpg,chrysopelea ornata,4,425,151
200882408_jpeg.rf.3f5c5f2fa74df7dab845a3ff6368fd49.jpg,ptyas korros,10,272,500
AUG186382728_jpeg.rf.57fc3d22640f08367d4d04d4a61f77e1.jpg,bungarus caeruleus,2,281,500
59385364_jpeg.rf.78f223b516c3f92bfc6ff90796bc889d.jpg,dendrelaphis pictus,6,496,179
58232170_jpeg.rf.1ff534a23a8533901c65fe05ac07db8b.jpg,trimeresurus albolabris,12,219,287
51346676_jpeg.rf.0819136367a012b7362b051ba9f6e2f5.jpg,ptyas mucosa,11,479,84
200923819_jpeg.rf.9f380153051dc9aee84dee62cfd0c61b.jpg,ptyas korros,10,334,500
224528148_jpeg.rf.0f70e566b65883b34abb8629f6953d70.jpg,naja naja,7,494,177
6227572_jpg.rf.d2d6d418c699446507b7923eeb6172a0.jpg,bungarus fasciatus,3,500,266
51299744_jpg.rf.dfebb0885f524d87294ad3bb7f5ed158.jpg,chrysopelea ornata,4,500,280
76055864_jpg.rf.d83e370b0a5b396cbe3c4926068ff81b.jpg,ptyas mucosa,11,169,132
239817329_jpg.rf.cb0354b6612cdda512923b271fac4b20.jpg,trimeresurus purpureomaculatus,13,177,264
248342370_jpeg.rf.ec2a5b46c312c7a9d537349ed5cb5bba.jpg,xenochrophis piscator,14,445,201
16762055_jpg.rf.172c9ae8433179b6f64faf0226dc6bc6.jpg,ptyas mucosa,11,500,122
AUG212625418_jpeg.rf.de0b487090fb84982ff6ddc42bba5ead.jpg,daboia russelii,5,246,74
72278677_jpeg.rf.03331ec2d9043eb9c770b870a2194a45.jpg,ahaetulla prasina,0,377,335
AUG160489010_jpeg.rf.35fc4a6e2afa1a3743e2d634d5e3b93a.jpg,bungarus caeruleus,2,500,305
239503078_jpeg.rf.883981f761d5c9e84e9d23a9e8e8e184.jpg,trimeresurus purpureomaculatus,13,413,313
190296420_jpeg.rf.ace642e0300dbb31b96dfcc8e499c735.jpg,ophiophagus hannah,8,350,327
84139861_jpg.rf.dc90ad1666f651fa81ae3d447ac17f79.jpg,trimeresurus albolabris,12,358,366
93518922_jpg.rf.249b6bd409cfa9484720a9985a69fcfa.jpg,bungarus fasciatus,3,232,420
60765394_jpg.rf.deb2f4781da9d391af745824e289abc4.jpg,ahaetulla prasina,0,412,227
78443846_jpeg.rf.00c66a5fd5785fc1c83d77c580eea39c.jpg,naja naja,7,314,500
209579294_jpg.rf.c0079cf7162d48f30150d90170860c58.jpg,psammodynastes pulverulentus,9,110,463
248849932_jpg.rf.271fd40c57f1a8da039da52f125cf741.jpg,xenochrophis piscator,14,318,134
250193231_jpeg.rf.b1dcff53e74db906b6be66c8d5f46557.jpg,trimeresurus purpureomaculatus,13,375,437
61668472_jpeg.rf.ed1c95a8ddb3590dabf444c17869fcbd.jpg,dendrelaphis pictus,6,500,234
7487616_jpeg.rf.3de804f101d034a8a2165d0ff37a5c09.jpg,dendrelaphis pictus,6,474,228
AUG21906575341_jpg.rf.9cc1b7f2fdb20eb0aca812dd19117a44.jpg,daboia russelii,5,231,125
67751244_jpg.rf.4acecaa38f3e2a42f3273aa139d5e8ba.jpg,trimeresurus albolabris,12,345,312
193447067_jpg.rf.06482fdb7d43713b6cec9dce201ef19d.jpg,ophiophagus hannah,8,210,168
212015002_jpg.rf.8a6538f56b20ce41d2482f141fb99037.jpg,xenochrophis piscator,14,195,114
57446246_jpeg.rf.3ab35bbdecbbc0223dbf28ada527b093.jpg,dendrelaphis pictus,6,390,170
121968697_jpeg.rf.060d6947c203598b92f038512337306b.jpg,amphiesma stolatum,1,169,500
AUG34951295_jpeg.rf.cbedb630929958c0ff4d6aec46d7f5da.jpg,naja naja,7,500,439
AUG248979582_jpeg.rf.c790e460d3de03aa7ac99afbea81053a.jpg,bungarus caeruleus,2,466,325
112138163_jpeg.rf.639dd68a98b0000036080507d2d33e25.jpg,amphiesma stolatum,1,500,214
243531146_jpeg.rf.48daf7f20b508f4ccb9c4e46c1a8d41d.jpg,xenochrophis piscator,14,375,327
58264933_jpeg.rf.fd2fbad6108b0f2dcddc9d4bdde47a8f.jpg,trimeresurus purpureomaculatus,13,500,203
208610674_jpg.rf.2f7d20405be13b9a6bcde7b2dbd159c8.jpg,ophiophagus hannah,8,375,489
175971051_jpeg.rf.037ee9c63e842b9f4aeceb4b00613681.jpg,daboia russelii,5,482,316
67421417_jpg.rf.5b0a97d9445940e495b6bbf58bed89a8.jpg,ptyas mucosa,11,183,461
12652405_jpg.rf.8c373cb9c68baa57ae2098ccb3faede8.jpg,ahaetulla prasina,0,317,301
117594572_jpeg.rf.3df8fa0c37bd7295e9a879182c71e4f6.jpg,ptyas korros,10,144,179
83517146_jpeg.rf.b698dd65e92a0590f01f756c92be5c48.jpg,ptyas mucosa,11,401,281
85975396_jpg.rf.77ec1ea9102ddbee95e6b666d9fce09b.jpg,trimeresurus albolabris,12,356,148
129827244_jpeg.rf.f15538a9939efac6dc9a3c153d7d3807.jpg,daboia russelii,5,333,386
71834037_jpg.rf.8737d727f3bfadcf988d0cd2101e651d.jpg,trimeresurus albolabris,12,179,74
12696297_jpeg.rf.05139eb7a7d7ef4faad3797c16dd9b28.jpg,ptyas mucosa,11,350,259
130641691_jpeg.rf.157786f3ea2c77047d072227226d2466.jpg,ophiophagus hannah,8,336,82
105234051_jpeg.rf.9dde0a74a76c58a77dde5819bf191a4f.jpg,dendrelaphis pictus,6,500,125
64704132_jpeg.rf.179630c35aeda863e8227fdb2ef7c646.jpg,chrysopelea ornata,4,497,261
115059959_jpeg.rf.513cbef9e9e76c51415cd650c1f28054.jpg,trimeresurus purpureomaculatus,13,419,363
213217560_jpg.rf.2447d2b15fd332c4cd3bde6f94950048.jpg,psammodynastes pulverulentus,9,253,500
AUG54206339_jpeg.rf.d0775e774aad702476cd0265f7b96be0.jpg,daboia russelii,5,223,123
58746682_jpg.rf.52b1fc538f001b3acb5e05edbb6f0ff1.jpg,naja naja,7,357,465
136733660_jpg.rf.29f97223c39bd3f1708933f5491e7bdb.jpg,daboia russelii,5,205,359
69195485_jpeg.rf.5de7d1639fa03b9b199451949b668b71.jpg,dendrelaphis pictus,6,282,262
209579270_jpg.rf.8f95bb9b3eb8639a3b670b3f54e947aa.jpg,psammodynastes pulverulentus,9,409,310
83361856_jpg.rf.fc0397c24689963499ce6f83f6d4f135.jpg,bungarus fasciatus,3,374,92
71792052_jpeg.rf.9f14aa4ca528edb6647fb7b0c65b60d3.jpg,amphiesma stolatum,1,249,500
117758979_jpeg.rf.3da41a51a1793a665357290c4c90de7d.jpg,trimeresurus purpureomaculatus,13,472,332
62861765_jpeg.rf.a11315c77bef14010b0d61f0dc98e3b5.jpg,ahaetulla prasina,0,113,500
207902459_jpg.rf.61f943bc38edf7da4b28dd56c8047ced.jpg,ptyas korros,10,387,287
7455090_jpeg.rf.57bd84af86af384de6c862717582672c.jpg,trimeresurus albolabris,12,498,257
209756428_jpeg.rf.94fa8fbbbc0bd967ce065dfaebc8354d.jpg,ptyas korros,10,282,423
248849942_jpg.rf.b53368f0135817667b01f3c10c343a02.jpg,xenochrophis piscator,14,375,123
31651071_jpg.rf.22a54690703490901d5a7713af503a85.jpg,xenochrophis piscator,14,436,182
151716263_jpeg.rf.f1ce134c9e7004e968b788cc5865925e.jpg,bungarus caeruleus,2,264,429
244263157_jpeg.rf.22c73a1577509bc40ebdc3e76ce82dc3.jpg,xenochrophis piscator,14,222,151
215690434_jpeg.rf.4be538253191cd06602cb75003fd6b13.jpg,psammodynastes pulverulentus,9,168,280
208611580_jpg.rf.ababcf9c23293fd98424b27825649767.jpg,ophiophagus hannah,8,351,500
120235754_jpg.rf.989193e0a2830932ed0466bc6bd9ccc9.jpg,trimeresurus albolabris,12,92,142
67455701_jpg.rf.5045ede8351d8550d8a235eb9c118ac7.jpg,bungarus fasciatus,3,500,254
102016375_jpg.rf.1d3420738fffd365880e974b77f745e3.jpg,chrysopelea ornata,4,500,248
102016366_jpg.rf.69367f5c3cc5964be5a9bfc785d8ff5f.jpg,chrysopelea ornata,4,500,123
110379142_jpg.rf.cd2b57e70f67bc3844010e1388b345f0.jpg,ptyas korros,10,335,269
71102103_jpeg.rf.42feface27fccdd210aaa7de07b0bb06.jpg,ptyas korros,10,115,150
196199242_jpeg.rf.bd47bf7ae2ec757332165454c172977a.jpg,psammodynastes pulverulentus,9,408,194
199555301_jpg.rf.151cd81e6e5cf3f20d078d48a4de8b2b.jpg,psammodynastes pulverulentus,9,281,182
AUG77922855_jpeg.rf.bc4911d6d6d1a0226d21529e68f62ffa.jpg,naja naja,7,175,130
74048830_jpg.rf.48cef7a78779273b21436a6e0c9283ea.jpg,amphiesma stolatum,1,204,80
73038038_jpeg.rf.7f94089992ee085b09692839203a86ca.jpg,amphiesma stolatum,1,313,399
AUG110498917_jpeg.rf.a227d4a513c27f69c69856a88e0b191f.jpg,naja naja,7,332,226
117185658_jpg.rf.4175a1d235f2659f22c2efe3fc67f7d4.jpg,naja naja,7,267,156
130861447_jpg.rf.dfe7f55c7937d12d39c179a4396aebfa.jpg,psammodynastes pulverulentus,9,118,500
114702699_jpeg.rf.2fe2e06dce8c65383699926272d25e76.jpg,trimeresurus albolabris,12,219,145
214318084_jpg.rf.fd1da6f2f112a0be7ba801f37a2e878d.jpg,ophiophagus hannah,8,307,297
61366975_jpeg.rf.e0aabd0fbccf84c69bfc5fdb66d9053e.jpg,ptyas korros,10,375,440
250193220_jpeg.rf.a6ef0369257764e965ed09e3221160c8.jpg,trimeresurus purpureomaculatus,13,500,375
248976264_jpg.rf.f5ecbe6c4d7a2e8cd94a8db668c46cba.jpg,xenochrophis piscator,14,341,322
83977004_jpg.rf.9bc22f7d2d1cff1c97de5b54376d25b9.jpg,bungarus fasciatus,3,231,88
127459515_jpg.rf.dc742ca53ba5706a4cfe4d8d014ede6d.jpg,psammodynastes pulverulentus,9,343,471
AUG218858435_jpeg.rf.52a725e947d293ba6ca654cff7f47eb4.jpg,bungarus caeruleus,2,183,182
109118088_jpeg.rf.fbfe34573837b48ae0bcd80cde226a1c.jpg,amphiesma stolatum,1,500,309
71769494_jpeg.rf.fff15dc292ec3c84e894d385c5b24d32.jpg,dendrelaphis pictus,6,434,318
211918231_jpeg.rf.efed249b0f2a967274f10e3a373e76c4.jpg,psammodynastes pulverulentus,9,356,297
85931474_jpg.rf.fabc4d66b9b9f8bf1a3c17444025ee73.jpg,amphiesma stolatum,1,297,237
5694765_jpg.rf.dec96a33c6ac1f514d70e676976df432.jpg,trimeresurus purpureomaculatus,13,500,284
115041411_jpeg.rf.492d971310c62f7a5caf80c66606f16e.jpg,ophiophagus hannah,8,433,243
AUG20345938546_jpg.rf.0ba9e31a942b4695244ac75b4a7ac86c.jpg,bungarus caeruleus,2,375,261
68202977_jpeg.rf.6fe8b7d33301788dfffc8e814a21e6b1.jpg,bungarus fasciatus,3,212,231
34944854_jpg.rf.6edf015bae61b4d77e5de7c769f13076.jpg,trimeresurus purpureomaculatus,13,401,322
102016356_jpg.rf.bd6991e79716a0d0e659f6f03cbbce2b.jpg,chrysopelea ornata,4,457,332
65594765_jpeg.rf.1e34c3c42bcf774957b93c89a7f5c938.jpg,ophiophagus hannah,8,468,240
75287804_jpg.rf.940e6188f9a9716fb215f1a5f6775187.jpg,trimeresurus albolabris,12,359,212
12696296_jpeg.rf.cd083e97a6f3465e6ec45a1537c69b33.jpg,ptyas mucosa,11,347,295
7443349_jpg.rf.ae68f9075dd36a701c49286a4535cb73.jpg,ahaetulla prasina,0,500,489
86166940_jpg.rf.087dfd2f9c0e0183986e2794910fe3b7.jpg,trimeresurus albolabris,12,474,281
244802942_jpeg.rf.f487456d869fa0c00aa160196c147c5d.jpg,xenochrophis piscator,14,344,348
81952045_jpeg.rf.00cc17f03458fa09c78693ed1f5c3022.jpg,bungarus fasciatus,3,468,333
76854953_jpg.rf.5dac2434e9a0919bbfd9f2d5e9479e3e.jpg,amphiesma stolatum,1,374,104
213307019_jpeg.rf.ca027e4a6e1ddd79c325b7450f5a9798.jpg,ptyas korros,10,282,373
71710115_jpeg.rf.7d5b06953059916c395a2cd3da3127d5.jpg,ophiophagus hannah,8,500,375
78123120_jpeg.rf.859d15d18f28f4b55dfed80b2af2fa89.jpg,bungarus fasciatus,3,332,377
86025333_jpeg.rf.caa2434f91387f556ca8441a9a85ec9f.jpg,naja naja,7,375,175
71440387_jpeg.rf.81fdc8d7bfbe511788c6e15b53e2f905.jpg,ptyas mucosa,11,183,205
81951349_jpg.rf.585fe7ec54acf0889b1e526fa7061020.jpg,ptyas mucosa,11,158,375
250269178_jpg.rf.be1061397d093169009e48b8f404ff02.jpg,xenochrophis piscator,14,401,313
6804592_jpeg.rf.700a43bd90cb97e745e834b3474911c2.jpg,bungarus fasciatus,3,481,375
12403845_jpeg.rf.9bd731ef6f739c588377693ec6c6addb.jpg,ahaetulla prasina,0,500,323
76627246_jpg.rf.53d925414867b58a1ebfd762ab815824.jpg,amphiesma stolatum,1,416,374
250193133_jpeg.rf.2731b6eebe670dcf9576a876e149c1f9.jpg,trimeresurus purpureomaculatus,13,336,401
81790795_jpg.rf.a414c076eab5815a4b08ec8735f99830.jpg,trimeresurus albolabris,12,500,500
105114823_jpeg.rf.b849bca21d8663a6b470fbfeb49aff36.jpg,dendrelaphis pictus,6,284,500
67431210_jpg.rf.9094680824f436e3cebd2849b5d5ce9c.jpg,ptyas korros,10,500,246
211661799_jpeg.rf.0c5162711964be430b1d45fd77b9e531.jpg,ptyas korros,10,400,344
106785043_jpg.rf.0e3a73a87ecf117ccf6bc6196864ae2a.jpg,xenochrophis piscator,14,395,170
7512586_jpeg.rf.358c592434ec4b583977ce49816446da.jpg,bungarus fasciatus,3,338,356
78443834_jpeg.rf.86344c2b9a490060770e49f9c4208a7b.jpg,naja naja,7,357,500
81132632_jpg.rf.cbbf6868a5d56f1251437f8a4fc84a12.jpg,trimeresurus albolabris,12,371,174
7940258_jpeg.rf.c7976ace7a5ca688819532c4b1b5e6ff.jpg,trimeresurus albolabris,12,454,143
86167129_jpg.rf.633ffccdc18484b813198b79b3fcd3c4.jpg,trimeresurus albolabris,12,463,268
215756221_jpg.rf.d9d3ab2d731cbfecb1b6db1ef7e088f3.jpg,ptyas korros,10,373,179
63459037_jpeg.rf.96cabc2f32d04e9cadba484495e418a2.jpg,naja naja,7,500,300
651258_JPG.rf.ad11660b6b150f67d0e10ef3e817ef54.jpg,ahaetulla prasina,0,296,325
73045953_jpg.rf.a77b2b8c6aa39363150f2596b37e3320.jpg,chrysopelea ornata,4,201,279
83542270_jpeg.rf.cc33b7de0b04e92a361063ddfba56eaa.jpg,bungarus fasciatus,3,290,162
83542413_jpeg.rf.d050cf84338488218c2be538299790a8.jpg,bungarus fasciatus,3,500,235
212365769_jpeg.rf.6e2f4e3dac18ac3b49c18d9d068f3aef.jpg,ophiophagus hannah,8,331,208
68881159_jpeg.rf.d3a6c1bb8d1aa288001807cc7ff7251e.jpg,chrysopelea ornata,4,236,393
7461031_jpg.rf.7898c67243f8b04dfc6d4c32ae344acd.jpg,trimeresurus albolabris,12,500,315
63445697_jpeg.rf.f1f7edc7cb2a0cde2fdf0c898ca597e5.jpg,chrysopelea ornata,4,108,145
67390380_jpg.rf.1dad19a6e5394d2e34ae12f3c262d8be.jpg,ahaetulla prasina,0,375,325
AUG23863959756_jpg.rf.627f94e7dc0ed34e3fc5045947f0560d.jpg,daboia russelii,5,240,152
76052744_jpg.rf.14d975698cfc2a0408de2efcfd4ef2df.jpg,ptyas mucosa,11,361,151
73736681_jpeg.rf.6408b8b7a27451d3fee36368cdc6cd25.jpg,dendrelaphis pictus,6,500,192
AUG218858367_jpeg.rf.baad483411c2ed0b685b707fe55d09b9.jpg,bungarus caeruleus,2,247,428
74954221_jpg.rf.29feb4724b619f4c4ddf7a6e156ef052.jpg,chrysopelea ornata,4,500,213
67722408_jpeg.rf.3c46afd00a1b7d14e9e2156bbe63e720.jpg,chrysopelea ornata,4,114,500
215686748_jpeg.rf.112f0ae4307df32462428e8fc197e489.jpg,psammodynastes pulverulentus,9,388,201
83372837_jpg.rf.cc3999794fb354fafd95313e9bd29fd1.jpg,naja naja,7,171,210
215756201_jpg.rf.0afb4c58c2ae6fd3e9fc96b4ebde3fcd.jpg,ptyas korros,10,175,179
209813132_jpeg.rf.8039d9a0b7d909a46803161d6f66dc81.jpg,psammodynastes pulverulentus,9,217,230
252396628_jpeg.rf.364e0ba38d25e8342ddc2107a094bd67.jpg,xenochrophis piscator,14,366,156
85432748_jpeg.rf.9d003eb0ca5061431b06b1a1881ac64a.jpg,amphiesma stolatum,1,494,375
145541819_jpeg.rf.1440149ac9bad70cdb36dc013be3be74.jpg,psammodynastes pulverulentus,9,234,500
142064475_jpg.rf.db13cfa9be6f3348ef46cc8ead4450bf.jpg,xenochrophis piscator,14,90,160
52643706_jpg.rf.60905d05742df2cbb49ec8e049a70aa2.jpg,ptyas mucosa,11,208,269
114294106_jpeg.rf.7d227d00123ebf4408f1040c6051d125.jpg,daboia russelii,5,194,303
22787468_jpeg.rf.9c82cae33bfff291c0c775269d62bd10.jpg,ahaetulla prasina,0,340,264
18807165_jpg.rf.2fba9f2ee2b58d7164d11904814d0b13.jpg,ptyas mucosa,11,330,326
128596103_jpeg.rf.43a7ffa1f938b27d4aff3d34da32c242.jpg,ptyas korros,10,492,331
33181144_jpg.rf.dcf04fe7e8b675b98b47a13b0f4d9438.jpg,amphiesma stolatum,1,448,192
140441711_jpeg.rf.81764669ab054582d68f33a4d6faf9c5.jpg,psammodynastes pulverulentus,9,213,184
239503355_jpeg.rf.89fe421f008bcec03d05da014a3200ae.jpg,trimeresurus purpureomaculatus,13,420,324
146081331_jpeg.rf.3d23db52036e7531a5acd1958e1d2ca8.jpg,psammodynastes pulverulentus,9,182,312
53715917_jpg.rf.00a319f446071f62504a85fdd5c44268.jpg,chrysopelea ornata,4,185,200
147189670_jpeg.rf.4424fc4d579c778f629b77dae6732418.jpg,ptyas korros,10,249,479
45325818_jpg.rf.d72fdd4079f24763acef6f2f39b2614d.jpg,ptyas mucosa,11,260,360
116142377_jpeg.rf.e683ae596e6a866d28c3dbddbec313fe.jpg,xenochrophis piscator,14,234,166
154926145_jpg.rf.aad3c12ddf629a55f67b964b970c9850.jpg,trimeresurus purpureomaculatus,13,134,313
235965242_jpg.rf.46a67d38def5fefb05af0f59ae35df6f.jpg,xenochrophis piscator,14,331,500
127392959_jpeg.rf.f65551ea3cd28c5e043923683b5bdfdf.jpg,trimeresurus albolabris,12,92,319
147434077_jpeg.rf.36c118b371085965356efe753eb2f398.jpg,amphiesma stolatum,1,402,375
161454691_jpg.rf.34df81af18521b1a1da0bfa8efbede8f.jpg,ophiophagus hannah,8,266,238
25873857_jpg.rf.bc5b8e9e2949521cc16e80d4a53e621e.jpg,ahaetulla prasina,0,400,333
120597141_jpg.rf.64c139783acf547bd563e2c9b634ff6e.jpg,ptyas korros,10,231,291
105114817_jpeg.rf.dd49041c58d9066b2946e520187f6a2b.jpg,dendrelaphis pictus,6,500,152
218858590_jpeg.rf.b892113aee4fdb5d66df68f8f34498fd.jpg,bungarus caeruleus,2,170,169
138538990_jpeg.rf.18f4a8a741e3c751a147cca6fbf99df5.jpg,naja naja,7,431,353
20902947_jpg.rf.ef3c69dacf6dc799b4f60a2e0467d0de.jpg,ptyas mucosa,11,227,115
150612388_jpeg.rf.be574dfa8c095a412f3375af1e9e9c05.jpg,xenochrophis piscator,14,208,375
107640151_jpeg.rf.6e240f550c6064ab8e33752204d785b0.jpg,bungarus fasciatus,3,435,234
19795930_jpeg.rf.99839410456d44d7b4a25d8ea635356e.jpg,bungarus caeruleus,2,314,196
145289433_jpg.rf.e9bf0387dbd68c3368192ebacc1a8cb3.jpg,psammodynastes pulverulentus,9,236,271
11957977_jpg.rf.8e929073c97b222cef5b37c12b715b29.jpg,ahaetulla prasina,0,348,351
48044870_jpeg.rf.e2dcb571f12d28d6f46f3cd00024f9b6.jpg,trimeresurus albolabris,12,500,300
143409802_jpeg.rf.9fee94f03925996b1121d69ebb6f4c17.jpg,xenochrophis piscator,14,500,171
5060427_jpeg.rf.21e486008da27ee92ae6bf738e1f2424.jpg,amphiesma stolatum,1,347,203
128755274_jpeg.rf.9868189caab45191820f9a6292f40727.jpg,ptyas korros,10,367,231
104813112_jpeg.rf.ad6702bfccbfa65d51334ba5012a1b51.jpg,ptyas korros,10,209,375
107640151_jpeg.rf.9a989b069e148e64c0a75bdcce4e0e43.jpg,bungarus fasciatus,3,435,234
99557063_jpeg.rf.9f59c575f63541ed7e7d28ca44b179be.jpg,trimeresurus albolabris,12,306,331
127169968_jpeg.rf.c6fb44f94bd7113f622cb98d774079aa.jpg,amphiesma stolatum,1,418,261
25873874_jpg.rf.11ab09cc4ea66a4c7b470f5a49dac41b.jpg,ahaetulla prasina,0,419,333
208471816_jpg.rf.97d2ffba8c4c99f073e33660c6f4df39.jpg,daboia russelii,5,225,143
25527450_jpeg.rf.59a0823e22b27465053b9e16fb7111b8.jpg,ptyas mucosa,11,194,232
149820219_jpeg.rf.b54918a0223594aa57226708e5f804c7.jpg,amphiesma stolatum,1,196,224
154926163_jpg.rf.159f41533bf06972c17274badfb44c32.jpg,trimeresurus purpureomaculatus,13,218,134
147072312_jpeg.rf.39e276154754a8ae37fe09ae7a929079.jpg,xenochrophis piscator,14,476,199
135079902_jpeg.rf.f3b2c94b848e7b53d8cb6d7d4b535f46.jpg,ophiophagus hannah,8,281,252
146305525_jpg.rf.bba8a0438101da67a0c4f8e4ec3db8f4.jpg,xenochrophis piscator,14,264,348
108826490_jpeg.rf.b569d3cd4bc4c0cad6762bb9387545e2.jpg,trimeresurus purpureomaculatus,13,297,280
133939458_jpeg.rf.195c9c00fdb37789750e264dfe23b22c.jpg,psammodynastes pulverulentus,9,359,500
107260083_jpg.rf.9b8088ce172908a25edad9682a2a121b.jpg,chrysopelea ornata,4,185,333
AUG107250194_jpeg.rf.de59737a2136d4369fdfca9ff46ee5b0.jpg,daboia russelii,5,301,500
45982538_jpg.rf.a57afe50313ff712e173eda267e5912a.jpg,trimeresurus albolabris,12,481,203
217740490_jpg.rf.ff857196727645857e8762d64979dc8f.jpg,trimeresurus purpureomaculatus,13,236,196
57394296_jpeg.rf.99d7c02672944618d1ba6737fc0c7645.jpg,ahaetulla prasina,0,133,90
32002919_jpeg.rf.3002f8841795d62316e4df8a24fa00f8.jpg,amphiesma stolatum,1,442,244
224528177_jpeg.rf.d85a21b15877d32fb1dd456db398beb6.jpg,naja naja,7,222,432
54430529_jpeg.rf.5a23190767f9ccfe7f63460c1882695b.jpg,dendrelaphis pictus,6,500,252
45821619_jpeg.rf.04e2b598e4a0ce0e6b34b2529fbc4a70.jpg,amphiesma stolatum,1,127,188
5062182_jpeg.rf.3d8e65ee5a8a648e5b7d6ac97e98bdd8.jpg,trimeresurus albolabris,12,349,333
45980738_jpg.rf.d4e7e8ef7608807f1d8715914b924be4.jpg,trimeresurus albolabris,12,451,355
170712914_jpg.rf.94297b8c0d6c8f9d4272423a4a5ca628.jpg,ophiophagus hannah,8,132,375
224528148_jpeg.rf.11c8ee4baab6c3112f11e9bea97ab059.jpg,naja naja,7,177,494
182834322_jpeg.rf.4a8a26ed2c99933df9f995f62c00ffb3.jpg,ptyas korros,10,500,309
173386510_jpg.rf.2c7617f884271065b36f4b3473b4d1f8.jpg,ophiophagus hannah,8,82,376
226343949_jpeg.rf.d31409035d40bc8cd615c1540c0866c4.jpg,naja naja,7,227,261
AUG128201471_jpeg.rf.2a5e475f690d96882006c5d1bca302f9.jpg,daboia russelii,5,78,64
54430529_jpeg.rf.0261a298845923edb897c2bcdb0e07d3.jpg,dendrelaphis pictus,6,252,379
35825156_jpg.rf.7787c37046fafc624d10f45648036211.jpg,amphiesma stolatum,1,253,473
182834322_jpeg.rf.50eace172a7433c0a9b279d255586332.jpg,ptyas korros,10,500,310
41524347_jpg.rf.46286b119997b93860bee1771a7c83e6.jpg,ptyas mucosa,11,71,370
106762277_jpg.rf.972ca7e8e9c4d5ab3558e35c54ff1693.jpg,amphiesma stolatum,1,256,269
57436678_jpeg.rf.2f8ae1ed45031f03992aee2b001b9196.jpg,ahaetulla prasina,0,450,135
AUG107923524_jpeg.rf.a53f03320383781e213f28a87c4e7d0b.jpg,daboia russelii,5,175,500
167718105_jpeg.rf.0528a866fe0820ad4263b14f1e477ba0.jpg,psammodynastes pulverulentus,9,280,366
AUG121987074_jpeg.rf.533893e35e5a347aec9909352575d939.jpg,bungarus caeruleus,2,218,375
169855438_jpeg.rf.2473fedb04decd8d879719e439eddf3b.jpg,psammodynastes pulverulentus,9,500,412
101702767_jpeg.rf.434c47f2c6b16a041cdeab84b398d467.jpg,amphiesma stolatum,1,301,281
48344239_jpeg.rf.94890f47dbbdb740de2bdd42d4f132e8.jpg,dendrelaphis pictus,6,343,192
214053367_jpeg.rf.64d7c7c7b199dd36b0b5bdc418adecbf.jpg,naja naja,7,378,292
115611706_jpg.rf.2077a59576c893abd194e5481165aced.jpg,psammodynastes pulverulentus,9,333,344
101567232_jpeg.rf.bbd4bdaae96f49cf3f4b326fc0e68e18.jpg,chrysopelea ornata,4,126,401
227224790_jpeg.rf.179815ba75e6edd10b266f58e0f7a181.jpg,xenochrophis piscator,14,375,239
48939557_jpg.rf.0419958ad02968f2f54e0dcbd62a1b1c.jpg,trimeresurus albolabris,12,436,500
45821619_jpeg.rf.a12260e5439102454d8b209db3272b34.jpg,amphiesma stolatum,1,204,127
57436708_jpeg.rf.4883c337921b24a52356128a32bda553.jpg,ahaetulla prasina,0,158,375
101851878_jpeg.rf.83d52085ab13a4c82c77fad231f078d1.jpg,ophiophagus hannah,8,500,359
177328701_jpeg.rf.9a043c30eb8f0eab9be1c3b9e9377b36.jpg,ophiophagus hannah,8,282,218
103433685_jpeg.rf.289a1bd90b98ed2f34a56ab4bfe93f75.jpg,bungarus fasciatus,3,366,296
107330224_jpeg.rf.d2fdf5c61c9cecd53342852d866c8eb3.jpg,naja naja,7,375,488
102866278_jpg.rf.d0209015a325e29e844287f3892148f4.jpg,dendrelaphis pictus,6,399,182
169151453_jpeg.rf.d53544ae80d2724ea0e573641805e485.jpg,psammodynastes pulverulentus,9,150,370
51691838_jpeg.rf.92897b90ddf53c3b5cccf767bc460795.jpg,ptyas mucosa,11,230,305
109360824_jpg.rf.786bd96e8d053fc17e9582f844be9800.jpg,naja naja,7,500,182
11497259_jpg.rf.29922e2f200e6ab5537fec744b0d7881.jpg,ahaetulla prasina,0,331,161
212014979_jpg.rf.cb6ea3f75bd0c6645c7e2bdb118909b1.jpg,xenochrophis piscator,14,386,201
10019777_jpg.rf.5083e029e03108620060ed89b3d28a17.jpg,bungarus fasciatus,3,162,333
226343949_jpeg.rf.c31c9631b5026797cf9e8c89658cce05.jpg,naja naja,7,227,261
109603222_jpeg.rf.a656b618bef5138d0286cf07d0b85b02.jpg,ptyas korros,10,279,201
100346464_jpeg.rf.4614a9c08bc56c3908022f26e4b1f95b.jpg,ptyas mucosa,11,373,300
106662401_jpg.rf.43aa47db933cfc51c9d8a7c6379937aa.jpg,amphiesma stolatum,1,418,160
217641780_jpeg.rf.5cf51df52d5c73d937f9cb7932528691.jpg,xenochrophis piscator,14,288,265
114915060_jpg.rf.8da33d18babd56b49461f10f87360442.jpg,ophiophagus hannah,8,166,339
185501944_jpeg.rf.45a48e2e9cd990a5571c5e8e645eb82c.jpg,ptyas korros,10,188,210
193603925_jpeg.rf.0809ad13cc23ac8ad8c04cedd1c9fb9d.jpg,ptyas korros,10,249,358
114580470_jpeg.rf.5466863e657780c00df81ba8f925dc60.jpg,psammodynastes pulverulentus,9,350,205
103980863_jpg.rf.c815339ce1fb6abfa1add40c574e03ef.jpg,trimeresurus purpureomaculatus,13,471,231
167718111_png.rf.61fc9706b9c3fbe241cdaa1d0c942aeb.jpg,psammodynastes pulverulentus,9,383,352
104695686_jpeg.rf.77ec41370855adeabd20d12b6d59da86.jpg,ptyas korros,10,212,375
AUG107288826_jpeg.rf.e09f742369d055431b8ecc0f1d552bfa.jpg,naja naja,7,286,500
210572636_jpg.rf.0f0883f2072d519e6cf4950986159004.jpg,trimeresurus purpureomaculatus,13,400,333
AUG129241731_jpeg.rf.29cfe83af1b774ba0d3c51457e37fba8.jpg,bungarus caeruleus,2,444,493
209581692_jpeg.rf.62ec5fe963c0384d8f4f5b687f88daf3.jpg,xenochrophis piscator,14,328,279
103723136_jpeg.rf.7d8ecd406088aee3d21179a5b7257108.jpg,trimeresurus albolabris,12,197,246
103321954_jpeg.rf.f9809428eef5dc2a96af8d880afc3dd8.jpg,ptyas mucosa,11,135,419
AUG101572887_jpeg.rf.9afb1af38161a92d7b6cb852ab2ccf42.jpg,bungarus caeruleus,2,236,202
AUG169465348_jpeg.rf.4453dda2865a39474d681f4d498d4e76.jpg,naja naja,7,334,330
178020197_jpg.rf.e5bcbf3be73f558c91c05549582c7fcc.jpg,ptyas korros,10,281,343
33181144_jpg.rf.c36183fddd468f1339a77fe08b794fae.jpg,amphiesma stolatum,1,192,375
41982490_jpg.rf.f2100e53e3265a333e2d8b2f62fae36f.jpg,bungarus fasciatus,3,243,251
102378737_jpg.rf.1b86e48e7e0cae432f78dafbc1994c71.jpg,trimeresurus purpureomaculatus,13,375,375
104934244_jpeg.rf.68c990746724007b6fe35be5aa69baf1.jpg,trimeresurus albolabris,12,472,332
104695686_jpeg.rf.500af8cac1dae71402db7284b9cfc37e.jpg,ptyas korros,10,212,375
42646756_jpg.rf.d19111f23c88d951f45ecc9e86ba779a.jpg,chrysopelea ornata,4,65,263
106662401_jpg.rf.eec264d28e5452c60c2e648451b703fd.jpg,amphiesma stolatum,1,418,160
104695690_jpeg.rf.ed837306b258e61005632e6763fdf9d3.jpg,ptyas korros,10,359,375
44713881_jpeg.rf.b8292b2438589c6bfc8dbd62289e1d6d.jpg,ptyas mucosa,11,391,342
105038224_jpeg.rf.263c700697119167cf2da924f88b1c47.jpg,bungarus fasciatus,3,478,162
105551982_jpeg.rf.5b23fce10e34258d42042c1c9334392b.jpg,bungarus fasciatus,3,281,500
11819449_jpg.rf.bd849d0db3cc38ee3538964f0c94cc9f.jpg,ahaetulla prasina,0,315,309
203459385_jpg.rf.726d308b473ce637caae73aaeea3418e.jpg,bungarus caeruleus,2,244,359
104217956_jpg.rf.2bc10cafb897f02ce7ab2d2ac6618107.jpg,trimeresurus albolabris,12,500,273
122207827_jpeg.rf.19f774c1a811e8acade5714738b420d2.jpg,bungarus fasciatus,3,340,113
106762016_jpg.rf.fd7d34de5b50502219b0f2c135ee07d6.jpg,amphiesma stolatum,1,383,84
104934244_jpeg.rf.690ebaf871c990c0a0713aa5eeffd692.jpg,trimeresurus albolabris,12,472,332
105326076_jpg.rf.9bdf8ecf17806bebced94d5d1d3be4d5.jpg,ptyas mucosa,11,101,500
57693438_jpg.rf.522f92cd86284c084d65e8942202ec08.jpg,ahaetulla prasina,0,205,145
10324730_jpg.rf.3e35ebab3285971c59d37db1dc958357.jpg,bungarus fasciatus,3,236,196
10193964_jpg.rf.9820de62f4536848e07377e53d384168.jpg,amphiesma stolatum,1,347,288
101211794_jpeg.rf.bcfcd8f02fc9da83d40b0e0c2dea5f81.jpg,ptyas mucosa,11,436,375
136456119_jpeg.rf.00e05c40a548a80da3b388486227d430.jpg,trimeresurus albolabris,12,464,333
AUG133965490_jpeg.rf.e5279b55ce3fee12a6a151f51ae7c3fc.jpg,bungarus caeruleus,2,326,297
102012127_jpeg.rf.9d591f86e3858f4452e2444b8e0b2d00.jpg,ophiophagus hannah,8,399,324
106381755_jpeg.rf.a6846f91bf583c1d174a7ae44a9bb965.jpg,xenochrophis piscator,14,466,227
153915272_jpg.rf.b3f0d222f07d2cc9e1387e79fb976642.jpg,ophiophagus hannah,8,350,259
105403381_jpg.rf.b2aa605f97826f2d808659cbcad4d28d.jpg,ptyas mucosa,11,267,340
145541819_jpeg.rf.a4616530abd92cb8f36a7ef52d8068a1.jpg,psammodynastes pulverulentus,9,234,500
11497259_jpg.rf.eabc6f848f6f1a2a82aa5dfa4741b44e.jpg,ahaetulla prasina,0,331,161
24008590_jpg.rf.2a9703ab733a2b27b4d39a9db21b44b1.jpg,ptyas mucosa,11,500,319
169133766_jpeg.rf.50a74d6ee30055bd94519803d18cff9d.jpg,psammodynastes pulverulentus,9,124,222
226339257_jpg.rf.c3f49e06b5831269ca83c75ff4c0193b.jpg,daboia russelii,5,246,142
11497260_jpg.rf.364e6c56084afc9ff3b07ca4152c1011.jpg,ahaetulla prasina,0,283,309
150612372_jpeg.rf.9b74cbf61dbf6d037d96add2699757f9.jpg,xenochrophis piscator,14,166,346
141094399_jpeg.rf.167a3da2d80f06bf85d08d84365fc215.jpg,ptyas korros,10,176,375
106417562_jpeg.rf.942e5c19369511ad3a7f1a416e60203e.jpg,ptyas korros,10,281,500
11697412_jpeg.rf.fed4afe644ed0d6b374b93635787b1d2.jpg,dendrelaphis pictus,6,333,252
42432796_jpeg.rf.7e30f31e815f9704053c9aad22cb7699.jpg,ahaetulla prasina,0,433,93
11497336_jpg.rf.926506d5e750514f9279e19142410d17.jpg,chrysopelea ornata,4,353,358
38394318_jpeg.rf.884e16e2e2fff3ac03132c98a7568baf.jpg,ahaetulla prasina,0,252,333
103433704_jpeg.rf.b631581492a1a54cb5cc41efce98da6d.jpg,bungarus fasciatus,3,389,114
25527443_jpeg.rf.a90038e598655c5ba33cd6b8da2e6f92.jpg,ptyas mucosa,11,297,333
103433692_jpeg.rf.8b2003070e401fa5007bbbc1f164e0df.jpg,bungarus fasciatus,3,487,375
148092508_jpg.rf.8fa89e1ab67691d8fa10c62f8b0b9133.jpg,trimeresurus albolabris,12,348,358
114634134_jpg.rf.8dde2edc22a664dd134ff860b4247e25.jpg,chrysopelea ornata,4,276,115
110498956_jpeg.rf.0da043374d64f7ec49c56649775f97f6.jpg,naja naja,7,149,292
154993106_jpeg.rf.4ee3740b8bc5df5999242cc8606dd7cf.jpg,xenochrophis piscator,14,187,136
102866278_jpg.rf.6ae31a9f8330ff410999887258e7b850.jpg,dendrelaphis pictus,6,182,312
150612372_jpeg.rf.04c44d8d618fca5f7791eb8cd66f22ca.jpg,xenochrophis piscator,14,414,166
234611201_jpeg.rf.751200c67e0a20a48c5d4cbbbc5e9751.jpg,daboia russelii,5,315,333
101567251_jpeg.rf.31c366bc29bcffaeb81b404ddfae2300.jpg,chrysopelea ornata,4,441,202
102866287_jpg.rf.213db05d6c591ceb83267ad7693a7cb0.jpg,dendrelaphis pictus,6,209,322
139695889_jpg.rf.18be95e5cfa1c5b73b5f2f588de785bb.jpg,ptyas korros,10,316,483
179205107_jpeg.rf.45e3d16510a222f85133b4f883478b24.jpg,ptyas korros,10,323,281
12267859_jpeg.rf.ee30b6d49764c74b03ce75983e98cdcc.jpg,ahaetulla prasina,0,386,385
145596180_jpg.rf.9156a31909d467594803f77ad2d96f5c.jpg,trimeresurus albolabris,12,152,226
122207827_jpeg.rf.248807562dcf131a76677628ada984cc.jpg,bungarus fasciatus,3,340,113
144061627_jpg.rf.9993a469e9fbc213e9301640cf39270b.jpg,naja naja,7,240,130
122642168_jpeg.rf.a7d6ed7c7df383e56098764328488ec1.jpg,chrysopelea ornata,4,436,333
149893424_jpeg.rf.2778c3033c7bea38a03226c30e1622e0.jpg,ptyas korros,10,375,265
107639995_jpg.rf.b2d8d99287aeb633392f28ec4ac8b9f0.jpg,amphiesma stolatum,1,305,358
11819449_jpg.rf.16e8ac7f8a9fd5c2fadcbad34351c8f4.jpg,ahaetulla prasina,0,309,315
144061771_jpg.rf.1d018583d96e135fe377482eaca2accb.jpg,naja naja,7,236,269
218858435_jpeg.rf.5b1b5406aafb5b2e2cdbcf1e95336f09.jpg,bungarus caeruleus,2,196,264
132165947_jpeg.rf.36ba543b7e0e6145ea46448a44386696.jpg,ptyas korros,10,292,231
11495605_jpg.rf.06880412e2a6f12694884f334da616f3.jpg,ahaetulla prasina,0,270,326
148031685_jpeg.rf.8587e1b5f1cb029892f958845aa4b7e6.jpg,amphiesma stolatum,1,372,404
140441752_jpeg.rf.bc322c4d0d3d4d5722a0c7d01b251443.jpg,psammodynastes pulverulentus,9,191,192
153635853_jpeg.rf.7fdbf1cbb14145e4544d0e88ae144901.jpg,ophiophagus hannah,8,383,301
105556662_jpeg.rf.f712358077de3df6eb524845d608e94c.jpg,bungarus fasciatus,3,220,256
104808480_jpg.rf.e4029bec3e3c85739f409d39d7183663.jpg,chrysopelea ornata,4,239,500
63450327_jpeg.rf.9ea93c28d39e6ab15680e9aed9187e5d.jpg,chrysopelea ornata,4,441,274
163578331_jpg.rf.2478c19044b6828189575c3cc3187322.jpg,psammodynastes pulverulentus,9,455,497
128782123_jpeg.rf.b3b255dc731b77eac76497dbf085721c.jpg,ophiophagus hannah,8,118,374
42478361_jpeg.rf.b7f9ddd7d8fd08dbbc95fd5a8f023176.jpg,chrysopelea ornata,4,149,125
76052744_jpg.rf.b7e9c6f2b678f9ad669740a3d057e7aa.jpg,ptyas mucosa,11,360,152
201467943_jpg.rf.c4a0fb5ac2552ac29d81535362bd4bcf.jpg,trimeresurus purpureomaculatus,13,166,226
35160963_jpeg.rf.5008a651f98b0a2802b5a7c2982ec8ad.jpg,ptyas mucosa,11,299,323
246561409_jpeg.rf.ccfe3ffd05a088bf8698d4bda3df2910.jpg,xenochrophis piscator,14,252,370
33940986_jpg.rf.f8edee0cb34a65ca3f0437b9d7850c69.jpg,chrysopelea ornata,4,132,260
214318089_jpg.rf.3d157ff791370eaab8fbb285e20df8b7.jpg,ophiophagus hannah,8,176,226
70153692_jpg.rf.cf6f1bdb3033483543bbb9afe0dff621.jpg,amphiesma stolatum,1,293,468
58746682_jpg.rf.c7c4eb847e4e462839d7837af0961821.jpg,naja naja,7,357,431
152704454_jpg.rf.f374e1d12882b693aa898550de0431a4.jpg,bungarus caeruleus,2,272,333
74950190_jpg.rf.dcb2c4729dafa9856acf5d4139b82614.jpg,bungarus fasciatus,3,344,333
88052426_jpg.rf.e404803b98e84d26e249bfc64f2d1f4d.jpg,daboia russelii,5,399,375
170118397_jpeg.rf.185b0db754f6ef4464ad09e8d95f2635.jpg,ptyas korros,10,245,326
41728964_jpg.rf.4c9ab3456d94086caa4ecfa42c59f670.jpg,dendrelaphis pictus,6,314,88
107480890_jpg.rf.2f2f3df65da0acc00685a9e73ef923a9.jpg,bungarus fasciatus,3,200,318
130861346_jpg.rf.d7f7ede43d758c10eeb37d85de83e94e.jpg,psammodynastes pulverulentus,9,375,132
121151007_jpg.rf.7d730d0cd0d9922f633f8f001ca848a9.jpg,trimeresurus albolabris,12,330,149
32723713_jpeg.rf.2ce8712d889b9605c6060739f64b9ab5.jpg,dendrelaphis pictus,6,470,123
128782123_jpeg.rf.9a609bb98f5ef4b1d38173bf051c30d3.jpg,ophiophagus hannah,8,118,374
121131383_jpg.rf.92fa129f7a1756f8330ef1d84e6ac4a8.jpg,trimeresurus albolabris,12,280,349
105552575_jpeg.rf.8817c341aa32ec0185b05be9e92bf720.jpg,dendrelaphis pictus,6,437,236
111182185_jpeg.rf.786cf52154951f0058cdaa7fcdc796cb.jpg,ptyas korros,10,200,281
121968659_jpeg.rf.a89bc8662e5b419c74a36948619f7c89.jpg,amphiesma stolatum,1,375,118
91194502_jpeg.rf.b8e61894f4c3591fb7293d0f6efdd5b9.jpg,dendrelaphis pictus,6,468,223
44718411_jpg.rf.ebbe5cf163ec94b95a7221f2a37322de.jpg,trimeresurus albolabris,12,433,309
106785533_jpg.rf.dea5b013dfac6e6add7e513f694f4dfa.jpg,xenochrophis piscator,14,500,123
199555329_jpg.rf.bb2bcd8e5abd2caef60c060781b6c187.jpg,psammodynastes pulverulentus,9,265,226
70147948_jpeg.rf.c50c0eccb93e9177ac401be1e622bbad.jpg,trimeresurus albolabris,12,443,261
AUG87083111_jpeg.rf.ebee4c1b4d5e68ae5d91046ee735e645.jpg,daboia russelii,5,391,375
21886311_jpeg.rf.fc8db131b780d6703df8125d402c0df7.jpg,amphiesma stolatum,1,178,361
134562_jpg.rf.f2ff25514abb7f8892a1008f97c3efd5.jpg,ahaetulla prasina,0,301,433
110379142_jpg.rf.02ba17823bc8ed401c29e7f0c0a78386.jpg,ptyas korros,10,286,263
106785532_jpg.rf.5facba470cda863c3925406136a0ff2c.jpg,xenochrophis piscator,14,418,130
38320854_jpg.rf.4689f449b0793768149d872bab40b8db.jpg,dendrelaphis pictus,6,159,114
117604360_jpeg.rf.11bc19792424e198759a3d373154fced.jpg,ptyas korros,10,186,194
35677457_jpeg.rf.89d4c219fe606dcae04774580b310612.jpg,chrysopelea ornata,4,500,266
56884552_jpeg.rf.188a7c9fbb87b5cd96edc0fec248781c.jpg,ahaetulla prasina,0,437,134
130861401_jpg.rf.82370c1e95e42bc2d23507e2575227e6.jpg,psammodynastes pulverulentus,9,375,200
117594572_jpeg.rf.8d8d11969e0c668fcc72bd55c44813b7.jpg,ptyas korros,10,202,144
18106444_jpg.rf.1baabb4cb6e5d97d73499bc3eab3a3a4.jpg,ahaetulla prasina,0,447,333
208478912_jpeg.rf.2dc91c1a5b7171100845ee406abc2966.jpg,xenochrophis piscator,14,384,375
38320870_jpg.rf.5afc32adb6e3e4f7cb8411fd3dada165.jpg,dendrelaphis pictus,6,149,124
68698707_jpg.rf.3a32b03ae54328010ec3a3fc8b5cc2fc.jpg,chrysopelea ornata,4,273,82
200408205_jpg.rf.0ec7c30b81c1e24822f8326ee604ce5e.jpg,xenochrophis piscator,14,299,375
56602063_jpg.rf.e3a10e5aac1b8fe954caf2e6fdfc0333.jpg,naja naja,7,266,203
117185695_jpg.rf.df2a1ef67d7dfbfd4fb90de47e8428bd.jpg,naja naja,7,330,134
112138163_jpeg.rf.5dc4c5b11869c734f83388a85037b28d.jpg,amphiesma stolatum,1,214,334
118519200_jpeg.rf.43b351cab864a1c5e4cfb92c03a1d1fb.jpg,ophiophagus hannah,8,363,253
12696297_jpeg.rf.e7958ceee987ed2aa57b6fe43e4a6461.jpg,ptyas mucosa,11,350,259
105234051_jpeg.rf.e94226814b2a502fecc7f04f1f754ca8.jpg,dendrelaphis pictus,6,500,125
12652405_jpg.rf.75e7370ac440a7d1fc94e3cf03ce97c1.jpg,ahaetulla prasina,0,317,301
105556158_jpeg.rf.a13d8fd0f4277a4b078e769081135593.jpg,bungarus fasciatus,3,261,364
107481070_jpg.rf.d2cb8d348ada6a4d23fdf587137b1c4d.jpg,bungarus fasciatus,3,340,315
AUG110498917_jpeg.rf.d69f391e3f42443bb4093ac9431f4814.jpg,naja naja,7,226,306
152704454_jpg.rf.99fe749124c3719db84c44ad5a02d004.jpg,bungarus caeruleus,2,272,333
102016366_jpg.rf.ff19ad458db7e1b11434e243fed2a235.jpg,chrysopelea ornata,4,500,123
129827244_jpeg.rf.aaf971cb628f54d40b723d425deb06a0.jpg,daboia russelii,5,333,386
11948353_jpg.rf.ec4f688a0f6679c4a5eeffefcda110c0.jpg,ptyas mucosa,11,191,304
36562957_jpg.rf.391a8bf07311695e63d52a169b3fbc42.jpg,ptyas mucosa,11,375,265
11957990_jpg.rf.11192c6539cc92235b7b0575600299ab.jpg,ahaetulla prasina,0,361,369
138481199_jpeg.rf.9614ee795cecdc044dbc6e3b581923aa.jpg,bungarus caeruleus,2,300,323
105020888_jpeg.rf.8c3ae0ce24990d1d465b37129e7848e7.jpg,dendrelaphis pictus,6,282,361
105762044_jpeg.rf.ab74818ed5052750b3b5b7b2a70f27f5.jpg,xenochrophis piscator,14,492,101
110498956_jpeg.rf.70716c4c2c2e1cfcad4a13bb356539dc.jpg,naja naja,7,149,292
116143240_jpeg.rf.33abb33943f91543c82ec6279e3c5e37.jpg,daboia russelii,5,253,375
108826509_jpeg.rf.69eea38467e76fe7fb9555b41c80b1db.jpg,trimeresurus purpureomaculatus,13,391,253
104814167_jpeg.rf.c70cfaa7439883fe8144ebb895e8e2ce.jpg,ophiophagus hannah,8,351,375
105114813_jpeg.rf.26fec2de177f4f48a01e15c06d42e7f0.jpg,dendrelaphis pictus,6,353,333
107498144_jpg.rf.0ac4e80710116a21b67c23b721a08415.jpg,amphiesma stolatum,1,419,500
102016340_jpg.rf.caad86f600fb4a8d97dffeb5005ea15d.jpg,chrysopelea ornata,4,436,219
105713545_jpeg.rf.52b8ae12fccdecce86083dbe7f92f8ba.jpg,trimeresurus albolabris,12,324,127
104243718_jpg.rf.83c4300176c1e506e4d87db155afa2d9.jpg,bungarus fasciatus,3,283,116
117185687_jpg.rf.37c4ab95a50d3cbe237ec2e74a028ba2.jpg,naja naja,7,109,104
101837833_jpeg.rf.93067329c955539ef73094022426d54b.jpg,chrysopelea ornata,4,293,61
110498948_jpeg.rf.cb2b415e87e6e74f90f5f83cf3311ce4.jpg,naja naja,7,200,331
219065753_jpg.rf.8f6ab065687823cefe19b53411c177ab.jpg,daboia russelii,5,236,131
142271476_jpeg.rf.84d85bf3c87a7f32927659eec41e23da.jpg,ophiophagus hannah,8,372,319
108156656_jpg.rf.6dd852a446e9a954a043c50c92e48eff.jpg,bungarus fasciatus,3,462,196
138538990_jpeg.rf.deadd0a36fc51de3f9707665db25458f.jpg,naja naja,7,431,353
139471015_jpeg.rf.656030883b7262fd2661b4085b8f8394.jpg,xenochrophis piscator,14,123,201
148092508_jpg.rf.06232c46598336ae903754522130d1f0.jpg,trimeresurus albolabris,12,348,358
127170733_jpeg.rf.552eec0beb3e8f9017cdb1008eaaaeb5.jpg,amphiesma stolatum,1,500,231
134199044_jpeg.rf.bc54ca9795d729918f5c0c07c2b7333d.jpg,psammodynastes pulverulentus,9,394,375
208471816_jpg.rf.9e1c47370473fd284ed6acbe76e001e2.jpg,daboia russelii,5,225,143
139712700_jpeg.rf.2cc211b21da496a53b1fffc69f8d2e7f.jpg,amphiesma stolatum,1,395,89
124180160_jpeg.rf.e4a41326a1410794f4bdeb5e14304cc4.jpg,trimeresurus albolabris,12,422,318
108156656_jpg.rf.15bce86b1433e9ea41991f009d2e21fd.jpg,bungarus fasciatus,3,196,333
110829488_jpeg.rf.fd26fd885349f9ed6c4135ca0850b5d2.jpg,dendrelaphis pictus,6,366,316
155072948_jpeg.rf.e328e79f5fd31802cebd669a90803543.jpg,xenochrophis piscator,14,162,195
108826497_jpeg.rf.b8ef334c16b77945f5aaa6f61ef05fff.jpg,trimeresurus purpureomaculatus,13,402,333
120784888_jpg.rf.624fb1997141efc921d07c2656e8f616.jpg,bungarus fasciatus,3,500,333
170437808_jpeg.rf.cde165e5fa3ac29f1817592724537179.jpg,bungarus caeruleus,2,167,480
138963220_jpg.rf.62608f08b1b3bea46ebc2205db48f1d2.jpg,psammodynastes pulverulentus,9,280,240
170437746_jpeg.rf.37b93f8ef034d055a9db53947eb7be9f.jpg,bungarus caeruleus,2,400,426
128872366_jpg.rf.8f166e41354ff06173a7f8b99b281f13.jpg,trimeresurus albolabris,12,191,214
146382514_jpeg.rf.2c2f23ea8b95870e18df4c600c99cff1.jpg,psammodynastes pulverulentus,9,361,263
127392976_jpeg.rf.9ad19499976b1c4988a07b2fed3fb6b0.jpg,trimeresurus albolabris,12,204,145
102019768_jpg.rf.9520d3fa33f2e2bd5b3a54b9bc51fd94.jpg,amphiesma stolatum,1,212,228
11957977_jpg.rf.122b16eb030da13393d7e167698f3c16.jpg,ahaetulla prasina,0,348,351
243458031_jpeg.rf.19a95c4003bb0c10e2a79fa7789d238d.jpg,daboia russelii,5,191,333
33478402_jpg.rf.6e40cc30eeb4c904c7a132c18b862a62.jpg,chrysopelea ornata,4,161,357
96404881_jpeg.rf.c7529b98d96d7c299ddf0d1c74c4c712.jpg,xenochrophis piscator,14,410,153
AUG146780820_jpeg.rf.cdb95d1edb28b1272c58825e8ccf6471.jpg,bungarus caeruleus,2,110,295
11522546_jpg.rf.974d7fdd1a9d642fe9a5946879c7d43d.jpg,chrysopelea ornata,4,227,270
114634134_jpg.rf.46813618b6f91e45d4aeecf8d84c6f27.jpg,chrysopelea ornata,4,276,115
12763811_jpeg.rf.d88562aed9d5b5a4d3bf232b9aa5eaa2.jpg,chrysopelea ornata,4,331,358
34633153_jpg.rf.6519edb46420b828fef69ffc8e49e53f.jpg,amphiesma stolatum,1,125,202
96404881_jpeg.rf.2a9345c18f81a0c2345b1f755c8efebb.jpg,xenochrophis piscator,14,153,338
99194322_jpeg.rf.96ebd317cb650fa93fb6a0d4a1bb21c0.jpg,amphiesma stolatum,1,280,240
99011762_jpeg.rf.af896915d31eb4e1306292c7b960b91a.jpg,dendrelaphis pictus,6,358,160
173386505_jpg.rf.48e9a3e3817dc55add02bda0f5eb99ea.jpg,ophiophagus hannah,8,500,87
105114793_jpeg.rf.415881b026b46a4afd3ffd6d47d475ed.jpg,dendrelaphis pictus,6,259,500
103433692_jpeg.rf.8e2f439b5eeec42f5c81856554d2c663.jpg,bungarus fasciatus,3,487,375
149893424_jpeg.rf.be9d826853c9ce075bba4ea44c952b4a.jpg,ptyas korros,10,265,500
53041605_jpg.rf.46b68b7dbaa808ed545582bb3aafaf7a.jpg,ahaetulla prasina,0,236,375
217740466_jpg.rf.d7f0906b6f095de6c9e7b67cda7a8694.jpg,trimeresurus purpureomaculatus,13,468,235
10019777_jpg.rf.3fa3e9e51685dbbe4ac0e468b1e18f13.jpg,bungarus fasciatus,3,162,333
AUG105386247_jpeg.rf.46aeedc4401cdc6dd5a04d7d84f5b1ac.jpg,daboia russelii,5,500,257
110498942_jpeg.rf.5666fc3d31ff63e81586f07479502bbb.jpg,naja naja,7,417,299
108826490_jpeg.rf.dd6feabbb155e50ef6437de907eb9f30.jpg,trimeresurus purpureomaculatus,13,297,280
AUG90725608_jpeg.rf.dc807fa33ff87ae88fde4953ca207713.jpg,naja naja,7,281,356
AUG169465365_jpeg.rf.cf206ebb21d0163295c8e73825ec1869.jpg,naja naja,7,143,319
132279520_jpg.rf.89c6c8b6e3c2823761999049db9f9038.jpg,trimeresurus albolabris,12,150,253
93550860_jpeg.rf.306b89ec87337257a8dd664d1a61c735.jpg,naja naja,7,278,213
177532857_jpeg.rf.409f4338c3a0d707dad6d1104383e157.jpg,trimeresurus purpureomaculatus,13,454,500
106762016_jpg.rf.61852ad0e4d85e315cf04f8e38885dbb.jpg,amphiesma stolatum,1,383,84
156879104_jpg.rf.4ab04885e32828c24f89be2edd10be5c.jpg,trimeresurus purpureomaculatus,13,269,256
34825312_jpg.rf.92043ce095a8456324dd1124f110de41.jpg,ahaetulla prasina,0,407,211
43145302_jpg.rf.6f487dbaadc63e41e2ae8a783413dda7.jpg,chrysopelea ornata,4,324,298
169465809_jpeg.rf.9e4416f3f9da6c0bf9834f94ac45158d.jpg,psammodynastes pulverulentus,9,435,233
145541830_jpeg.rf.ae2054ad00e97fba1335ea96e6567670.jpg,psammodynastes pulverulentus,9,374,344
AUG86475309_jpeg.rf.0689f2773f3f0964f8c4425b4bcf5da2.jpg,bungarus caeruleus,2,500,266
150577008_jpeg.rf.063e257ea2af576494ca9b7f502d4664.jpg,ophiophagus hannah,8,260,292
AUG14007192_jpeg.rf.d8716aa2cb9be806dd5ceecfab9c4405.jpg,naja naja,7,240,368
167349784_jpg.rf.f98b3101f6726a43caf13853a56ab2e4.jpg,ptyas korros,10,110,218
12361989_jpg.rf.715f17445572166ef82b4e1f086f5ede.jpg,dendrelaphis pictus,6,500,239
132279456_jpg.rf.f4ae0a67183bc8f2704d3cf5843d8329.jpg,trimeresurus albolabris,12,161,156
113535430_jpeg.rf.d9f60dd2e7b79a2b1ec592649bd02098.jpg,dendrelaphis pictus,6,158,324
98372370_jpeg.rf.221df11d760b3977e98a9771ef0f60dd.jpg,ptyas mucosa,11,500,307
128596103_jpeg.rf.032d62370bdf992ab5e6f78df467d9e3.jpg,ptyas korros,10,492,331
54206364_jpeg.rf.5f2235c40549c4aa1c142e065d596196.jpg,daboia russelii,5,314,161
169151421_jpeg.rf.01dc07f26f65c8247a4d491732be06cd.jpg,psammodynastes pulverulentus,9,271,132
114580470_jpeg.rf.c36b9bd655d93277eac90b4204e2239b.jpg,psammodynastes pulverulentus,9,350,205
227224775_jpeg.rf.b6bb418e0d25ec615e566db1da2d4a22.jpg,xenochrophis piscator,14,375,222
146305553_jpg.rf.6b0daa34bfa577506288a4f309645a74.jpg,xenochrophis piscator,14,182,331
134360630_jpg.rf.36703184acb40ee0a618f968403e1f3e.jpg,trimeresurus albolabris,12,265,134
150880248_jpeg.rf.60526c93034857ed7b6b1acfef808016.jpg,xenochrophis piscator,14,197,279
99171879_jpeg.rf.eba716f17b87d6db07d5d30f26118a55.jpg,amphiesma stolatum,1,368,375
226343937_jpeg.rf.d6dbd2f660ae7d1d0a25222563b12f1c.jpg,naja naja,7,231,187
208478998_jpeg.rf.a6e90e28899a0b894fd63c0b0c9ec190.jpg,xenochrophis piscator,14,500,295
45325841_jpg.rf.c5afe5a2848d8fe3ba05041f43d74e2c.jpg,ptyas mucosa,11,229,117
150577017_jpeg.rf.8482dfb0b5ac7309497991b02caed0d4.jpg,ophiophagus hannah,8,500,160
AUG90940531102_jpg.rf.1d983a33a7d4e5a063df61e297d30237.jpg,daboia russelii,5,175,297
145541830_jpeg.rf.abe497dd2861aa23bfe131e3d1439b58.jpg,psammodynastes pulverulentus,9,374,344
224528148_jpeg.rf.8b53f8d20ae609a55acfe862b2e6b222.jpg,naja naja,7,494,177
103274113_jpg.rf.072df26d210fcee2c3e10b0492addca8.jpg,xenochrophis piscator,14,500,234
99171871_jpeg.rf.73ab15d966eda39c986f920fb03f231b.jpg,amphiesma stolatum,1,333,198
32269410_jpg.rf.3ac59844a8764906cda7ddb04feac57f.jpg,dendrelaphis pictus,6,248,235
177322220_jpg.rf.54235299fc752c9ab79dded3e4ab6f51.jpg,ophiophagus hannah,8,253,88
176247028_jpeg.rf.df763065597ef9dfa2cee53ea1911cd1.jpg,trimeresurus purpureomaculatus,13,188,130
98500429_jpg.rf.1ec1b748af4dd79f4e0b1be914aa3b5c.jpg,chrysopelea ornata,4,379,201
45397769_jpg.rf.c1087aeb0c3dd075d5c4d5fa0affcdd8.jpg,ptyas mucosa,11,150,196
226343937_jpeg.rf.1822f5e93e95401551dbd3690fd73e84.jpg,naja naja,7,231,187
AUG160462325_jpeg.rf.1009e94132cd86c47935941a22604d34.jpg,naja naja,7,404,195
11522546_jpg.rf.fec7198af0ccf93ec3130f0847002820.jpg,chrysopelea ornata,4,227,270
122642168_jpeg.rf.88b04146123121e13e187ada5c432136.jpg,chrysopelea ornata,4,436,333
222464829_jpg.rf.a297cddd2b8d985764eb4f71ec7e13d0.jpg,xenochrophis piscator,14,401,355
98372333_jpeg.rf.c9a4f2425c46b0310eb463a99c848f36.jpg,ptyas mucosa,11,500,156
89988725_jpg.rf.17228f6a45d45e811ae794616371bc23.jpg,ptyas korros,10,388,238
AUG107923524_jpeg.rf.6d46e0fda4e53c4cc4c34c733fc87cca.jpg,daboia russelii,5,175,500
219592999_jpg.rf.b8401b47bb483bdb9892bf59c7803756.jpg,psammodynastes pulverulentus,9,260,187
27935281_jpeg.rf.0411bf5fccb302e7d1bb57e7a65faa70.jpg,ptyas mucosa,11,274,220
219660545_jpg.rf.f1a46a6c12e4ece4a2096ed20d56bd22.jpg,psammodynastes pulverulentus,9,197,213
142577938_jpeg.rf.9ec1cb4e06ccfd56043faca5ecd573e1.jpg,psammodynastes pulverulentus,9,448,359
99441708_jpeg.rf.d10219f8b20cb9464a298e404ed39499.jpg,amphiesma stolatum,1,500,282
46364605_jpeg.rf.36cb9128c0e1dda6f00c7ec6cc87f5a3.jpg,dendrelaphis pictus,6,330,263
116044768_jpeg.rf.037d0390bb109185ce13dafc1442c4f2.jpg,bungarus fasciatus,3,166,378
9286870_jpg.rf.def9bbd5bddf88eefe337857be045235.jpg,ahaetulla prasina,0,375,496
89715220_jpg.rf.e1a4a7899ac591614b7a280b1284eae2.jpg,ptyas korros,10,263,292
AUG138481199_jpeg.rf.690366fdbbb7ec4758e9d46aa89158fa.jpg,bungarus caeruleus,2,274,308
216722634_jpg.rf.60d3c594c7ee972bf7fc20c2ccb9f24e.jpg,bungarus caeruleus,2,230,261
29368502_jpeg.rf.30895127d4e893f13067db2eff751050.jpg,trimeresurus albolabris,12,439,175
16993253_jpg.rf.6a554e8e52ac141542ab93f8ebec4525.jpg,amphiesma stolatum,1,139,402
213512243_jpeg.rf.267618e6f0362ad03b346257e668070a.jpg,naja naja,7,148,187
229368354_jpeg.rf.faacb246736261a79ad11a0edf41f861.jpg,daboia russelii,5,366,248
26142506_jpg.rf.a1df2b25783f644693c25011b2054508.jpg,chrysopelea ornata,4,352,500
58910610_jpeg.rf.cc154869ea4c443f679404a10302fed3.jpg,bungarus fasciatus,3,304,333
AUG129265250_jpeg.rf.f1d60b023a5b3259c3c9cf7781e16215.jpg,daboia russelii,5,110,230
134769333_jpg.rf.505c67f25755354ab9347281b50adf9b.jpg,bungarus fasciatus,3,257,255
54462017_jpeg.rf.b2cb7616179b3b15ce48dae06de8386c.jpg,bungarus fasciatus,3,500,356
148243879_jpg.rf.adb90ee6e715561ad8884eb10feefa4d.jpg,psammodynastes pulverulentus,9,80,195
150669733_jpg.rf.e2eaa24aea1eae24b0ff11bc4cc2f056.jpg,psammodynastes pulverulentus,9,480,212
150880248_jpeg.rf.022661aefb34fc11324a9381e362470f.jpg,xenochrophis piscator,14,197,279
176460911_jpg.rf.bd43082418a962b108095d02ccae41cf.jpg,psammodynastes pulverulentus,9,475,193
51691838_jpeg.rf.a2d8e189491ef75fd3a099e1800f9f1b.jpg,ptyas mucosa,11,230,305
57446243_jpeg.rf.f1fc7b0d33c6010b661cc6c83c4a9684.jpg,dendrelaphis pictus,6,350,203
41890754_jpeg.rf.fc551f73bfcc830534467724a9283881.jpg,amphiesma stolatum,1,119,281
28497185_jpg.rf.dd9debc2593f9f70af3aae69cee4901a.jpg,trimeresurus albolabris,12,500,400
47228018_jpg.rf.1cfa847d2bbbc0b63724b7e8477144ac.jpg,amphiesma stolatum,1,307,149
31886925_jpg.rf.67eb80c903f43960e0d82236caf2b152.jpg,ptyas mucosa,11,170,285
55601317_jpeg.rf.9ce3f647395d786f550990dda00f2832.jpg,bungarus fasciatus,3,333,498
105386240_jpeg.rf.268d7b98799ec42e7c2c97441008cf99.jpg,daboia russelii,5,387,410
101851878_jpeg.rf.7dd8425a4aa1f02aabc847dded3d024c.jpg,ophiophagus hannah,8,500,358
59728679_jpg.rf.7e703dda9354d5a03b05d2cf2e0269d7.jpg,ahaetulla prasina,0,363,243
162022996_jpeg.rf.43bbaa4dcf5a397b403856e7282d3886.jpg,xenochrophis piscator,14,370,316
52400989_jpeg.rf.ac33d59c035c0ff60d6f7b0002321439.jpg,ahaetulla prasina,0,500,211
55353660_jpeg.rf.e6fc599a4828c1557d9213f5bc6de3ac.jpg,trimeresurus albolabris,12,292,151
219660545_jpg.rf.955258ea0d22268bb24f6422436dcc74.jpg,psammodynastes pulverulentus,9,222,175
165964198_jpeg.rf.38f92918f84fc4ac49b5fd492357da34.jpg,trimeresurus purpureomaculatus,13,256,333
116934518_jpeg.rf.123d81f7319ba056bc873e759603bb2c.jpg,bungarus caeruleus,2,491,487
111570928_jpeg.rf.aa2448f3724e8a1ef725e703a927464f.jpg,trimeresurus purpureomaculatus,13,333,280
56859704_jpeg.rf.be23811275ac8f3fff521689e87a136a.jpg,dendrelaphis pictus,6,312,499
102866281_jpg.rf.784fdcea42ecf0d176df8509fd8ec576.jpg,dendrelaphis pictus,6,409,134
96404980_jpeg.rf.7edf2c9066a151cd3cf36d247b31bdbc.jpg,xenochrophis piscator,14,396,229
31374793_jpeg.rf.9371bfc857119d4597b851f7b3ad15e5.jpg,dendrelaphis pictus,6,303,205
178038060_jpeg.rf.e130f39c36926035193f38f2dfb7219c.jpg,trimeresurus purpureomaculatus,13,407,256
174690125_jpg.rf.6a24232a70f24c6e77373d978702bd38.jpg,psammodynastes pulverulentus,9,431,212
97227301_jpeg.rf.b480fe340ab64c7a4cf97894846dcec9.jpg,trimeresurus purpureomaculatus,13,494,333
101458264_jpeg.rf.cf11fa912af358d60c0e23ad4d17d338.jpg,bungarus fasciatus,3,431,280
153899158_jpg.rf.36bdbeeb35e22fa3f6dd7a828d1e3ba3.jpg,naja naja,7,348,313
13407314_jpeg.rf.6af9ebf22de4551d79358f4a8893c877.jpg,bungarus fasciatus,3,315,271
52400989_jpeg.rf.12a0c4c90c03789bb2eab3959cf46b7f.jpg,ahaetulla prasina,0,500,211
58971205_jpeg.rf.2d00a6dbec380763e12791b496d0c623.jpg,ahaetulla prasina,0,231,177
105386839_jpeg.rf.4f179839866ad7d6a42d3b3463dd6287.jpg,daboia russelii,5,404,329
103433685_jpeg.rf.a2aae99d5bae6faa4580c21dba109fc2.jpg,bungarus fasciatus,3,368,296
107267930_jpeg.rf.98539d3f5ef26aa9c0d7b95527b6f17d.jpg,bungarus caeruleus,2,205,197
10347893_jpg.rf.47ba98777c08861f668700cd36bdb8a4.jpg,trimeresurus purpureomaculatus,13,333,418
170292228_jpeg.rf.d265e21318433ab47dfa46f981652ead.jpg,trimeresurus purpureomaculatus,13,182,317
237352784_jpeg.rf.edd2b2e39b6f4341017c969b00db861e.jpg,xenochrophis piscator,14,179,355
84100564_jpeg.rf.2dbf9b806e249ddf902e36f89d8a8c3f.jpg,ahaetulla prasina,0,499,194
103979829_jpeg.rf.d9ca8ea9ef579d8c7067fdbd31376ccc.jpg,ptyas korros,10,281,313
127274592_jpeg.rf.177bf615cc65eb7a4a26e9eed334a129.jpg,psammodynastes pulverulentus,9,195,196
99171871_jpeg.rf.baf8e750ca2735633d956c8daa3b8504.jpg,amphiesma stolatum,1,333,198
102977445_jpeg.rf.e34010732dc880140613af3491ce2daf.jpg,xenochrophis piscator,14,191,500
200882439_jpeg.rf.6c5a4c273c50209b6b7d27f7bca493ab.jpg,ptyas korros,10,375,313
4455172_jpeg.rf.27a382b9d067130b536d04c991915165.jpg,chrysopelea ornata,4,271,325
127259058_jpeg.rf.32c6f3ce3d0e4149c58212b2805733ab.jpg,trimeresurus albolabris,12,227,148
44713881_jpeg.rf.7214c1cf7d5930d5937183e5d5717c9e.jpg,ptyas mucosa,11,391,342
110498904_jpeg.rf.511efa90e91cd19ac8b017a023316a38.jpg,naja naja,7,412,368
134360630_jpg.rf.02c3f01f06ef05c5987dfb3c1e6cb3b9.jpg,trimeresurus albolabris,12,134,265
134303580_jpeg.rf.3eaf5cd445b5f8e8e423424eb88fc5a6.jpg,naja naja,7,78,141
AUG19740312_jpeg.rf.30ef60f6aa913397521c9580156bc391.jpg,daboia russelii,5,285,179
105386858_jpeg.rf.4e74722e73fb3931bdecddc23f6767ad.jpg,daboia russelii,5,309,375
188473055_jpeg.rf.7039b2ca08416a7f33ebb825c089915e.jpg,ophiophagus hannah,8,237,357
54206376_jpeg.rf.0844e3e1c5597eae86d9b9a921a04aea.jpg,daboia russelii,5,280,144
496683_jpg.rf.0e2f7683c352c871421aef1ba6b5b44a.jpg,chrysopelea ornata,4,237,235
45394601_jpeg.rf.9b29251ec1ef05cc58feb45be04e8d70.jpg,amphiesma stolatum,1,234,133
178020213_jpg.rf.b0c1644095aa6ff067ad0e1ee9a672a5.jpg,ptyas korros,10,281,240
102866281_jpg.rf.b88b77bed31cd7b9e5b9323a89104efe.jpg,dendrelaphis pictus,6,409,134
34029293_jpg.rf.8705876094146092bdad7dbef25a7514.jpg,daboia russelii,5,385,288
221392440_jpeg.rf.a927a7bfc1146c80bff39206f76fc2e7.jpg,xenochrophis piscator,14,362,130
190000247_jpeg.rf.d34557d0b239c103956f795528944a04.jpg,ophiophagus hannah,8,281,283
100640627_jpeg.rf.71dd044d94e0d76955e4952cf197434f.jpg,trimeresurus purpureomaculatus,13,314,188
54508123_jpeg.rf.ef5da57d5f36b16497944380d252c77f.jpg,amphiesma stolatum,1,247,330
112866685_jpeg.rf.48ed81e49311f19e7dc93111bcf953c6.jpg,ophiophagus hannah,8,81,375
169855438_jpeg.rf.c7dbfc2be58cb2773a3c1b43eefa2fac.jpg,psammodynastes pulverulentus,9,500,412
57394288_jpeg.rf.986cfbcd7d4aa78885039493c7306ccd.jpg,ahaetulla prasina,0,300,182
131829442_jpg.rf.4d5a056a4aa87324003d56c6e8d63d8d.jpg,ptyas korros,10,314,195
142192662_jpeg.rf.4a1de4e00cce33a6fa98653ef7383558.jpg,naja naja,7,213,274
100681923_jpg.rf.1ba27a2b7fee81c7d930d49615cf092f.jpg,amphiesma stolatum,1,375,221
103599557_jpg.rf.e49d4ad354ac7371ed1787da8f582200.jpg,dendrelaphis pictus,6,492,261
128872366_jpg.rf.95e35defcb532251bbcff0a62e5272bf.jpg,trimeresurus albolabris,12,214,191
131829442_jpg.rf.7583b4e4ab658a85787b92f94724857a.jpg,ptyas korros,10,195,331
5576337_jpeg.rf.d0bda1c14a9d8ac3159a241056c96647.jpg,bungarus fasciatus,3,500,375
133965490_jpeg.rf.a056fb9601e5a2d3e26ae72bd3770c71.jpg,bungarus caeruleus,2,295,282
50572278_jpg.rf.fc25604939302bf011a87f3b0db220cc.jpg,trimeresurus albolabris,12,500,136
101837758_jpeg.rf.f4e65df971124713a2d9ec89bada1fb6.jpg,chrysopelea ornata,4,375,148
14054105_jpg.rf.f646e1459cdc3e1571af80ea1d2864f1.jpg,naja naja,7,427,375
AUG110506117_jpeg.rf.cdf199d2d8ee570058c05968f9759836.jpg,bungarus caeruleus,2,385,160
132601136_jpeg.rf.57a9ff6fa4811380cfc4e1043c851c11.jpg,bungarus fasciatus,3,272,226
102727200_jpeg.rf.306f2ee1a2620d4d34ec6741c2d3525a.jpg,trimeresurus purpureomaculatus,13,413,374
133718851_jpeg.rf.16ea95502558ceb67d9e9b0b1038a6d4.jpg,ophiophagus hannah,8,500,169
107330224_jpeg.rf.ab53d3bf959c42cd3357c8c817704e24.jpg,naja naja,7,375,488
AUG16144984425_jpg.rf.5f9c738027609767e6c086f005eb0017.jpg,bungarus caeruleus,2,250,230
127169968_jpeg.rf.4bc243b11a65fe91bf09a41cbe4e166d.jpg,amphiesma stolatum,1,418,261
13606171_jpeg.rf.615dcfbc7ef0ba68b568c8199b5200f6.jpg,trimeresurus purpureomaculatus,13,369,306
AUG105386240_jpeg.rf.279d7560624076b28e10fae566889f9c.jpg,daboia russelii,5,394,410
219066375_jpg.rf.ac2c3b9ac8b5c13a936f31c5dd0eacc2.jpg,daboia russelii,5,192,97
107636623_jpg.rf.7e4bfab27caf33d60b940862071ae055.jpg,bungarus fasciatus,3,500,295
217641780_jpeg.rf.01855415aa3396ef60e1406d2bdc5e95.jpg,xenochrophis piscator,14,288,265
101567257_jpeg.rf.0309dd7f0e4a387ad8e5605b5e2a0dff.jpg,chrysopelea ornata,4,158,92
140441711_jpeg.rf.bb1f2777e1e98e38e3c70e38ede80a04.jpg,psammodynastes pulverulentus,9,184,286
19796018_jpeg.rf.8bbc3052458e66541c9a47cb826e9c5b.jpg,bungarus caeruleus,2,428,226
49561054_jpg.rf.a54d4002a04522c216d64f7b0757c218.jpg,ptyas mucosa,11,379,317
32005436_jpg.rf.ffb655b18e7a2a6e6f592c92ba2ceadf.jpg,ptyas mucosa,11,405,174
116143240_jpeg.rf.95db866eda3125d6cebaf5cc5c527c59.jpg,daboia russelii,5,253,375
170437773_jpeg.rf.9a6c29d58548dc7504d950421e7776ac.jpg,bungarus caeruleus,2,324,391
134303542_jpeg.rf.df62c2411b9dac0214f90804a5a0ee9e.jpg,naja naja,7,205,283
112130025_jpeg.rf.e3e356a10f7435465f4ec6fe54dcff32.jpg,dendrelaphis pictus,6,500,374
124449202_jpeg.rf.68c3a7d7648311b403123b2904833e16.jpg,xenochrophis piscator,14,413,491
45394601_jpeg.rf.ec69c8fd6821f25b5e752f036d905034.jpg,amphiesma stolatum,1,133,234
166753847_jpg.rf.e8cc0cf14af8bae2927db6797dd88fad.jpg,ptyas korros,10,500,361
171099431_jpeg.rf.821d053f46ad5a46c9d016fb4c8892fb.jpg,psammodynastes pulverulentus,9,160,171
103980863_jpg.rf.12c31d1997a4e93c1e1f48a99f40e208.jpg,trimeresurus purpureomaculatus,13,231,375
57693445_jpg.rf.54c2ebc8842237d9b5d4e1ecfb25dc22.jpg,ahaetulla prasina,0,70,354
185781297_jpg.rf.b07e25ca9319bed2d9ef1285833fdbd3.jpg,naja naja,7,257,319
145289455_jpg.rf.efb9d29e02d3bcca58b7b9584993abad.jpg,psammodynastes pulverulentus,9,330,160
18807156_jpg.rf.86fa017cee726d2d93b648780db2242f.jpg,ptyas mucosa,11,353,379
21593144_jpg.rf.0d25c42783a960d59b516f9663358dfe.jpg,ahaetulla prasina,0,375,203
28751467_jpeg.rf.3232b00876e9a3cc1e9856b973d3f807.jpg,ptyas mucosa,11,317,376
167718054_jpeg.rf.9f6203dd014a7f9ec9d543da24778957.jpg,psammodynastes pulverulentus,9,145,280
56523982_jpg.rf.11aca00aac618a0cac2c044d384686e7.jpg,trimeresurus albolabris,12,295,500
217740490_jpg.rf.a2f153638ded2f008b4cfd81172ed26d.jpg,trimeresurus purpureomaculatus,13,196,236
21593144_jpg.rf.c4437932ac3715fded025e6bfcb8d6c6.jpg,ahaetulla prasina,0,375,203
138315839_jpg.rf.44a15451a6d17de6eea73f891ca34d33.jpg,amphiesma stolatum,1,333,462
71788676_jpeg.rf.4ad1714dcb9e48442feeed0e443d14b6.jpg,bungarus caeruleus,2,500,371
AUG150603641_jpeg.rf.cd530f0367673947c284f4d09c0aa536.jpg,bungarus caeruleus,2,252,287
25527450_jpeg.rf.1390cd59913d18f0f8e21de853575333.jpg,ptyas mucosa,11,194,232
126962106_jpg.rf.2b7d3f5255833b7aca10785a68318ecb.jpg,trimeresurus albolabris,12,445,220
25873867_jpg.rf.34543f9462565966aa162f335343981c.jpg,ahaetulla prasina,0,404,333
106547211_jpeg.rf.21c263f92a45b708818d72f72330b435.jpg,chrysopelea ornata,4,375,392
250193220_jpeg.rf.250cc45cd3a8f13573908fbca9125076.jpg,trimeresurus purpureomaculatus,13,500,375
154197208_jpeg.rf.921087c6c449e567cc9ca24d37a36a2d.jpg,psammodynastes pulverulentus,9,249,260
25525577_jpeg.rf.d4053eb29e94ab20b7b4950e984b9f78.jpg,ptyas mucosa,11,500,338
AUG28201583_jpeg.rf.884c982d7cc689f6c6fae8350a3c405d.jpg,naja naja,7,487,375
100640627_jpeg.rf.66aff124ee4b0f4c62b5515171863ae2.jpg,trimeresurus purpureomaculatus,13,314,188
163408837_jpeg.rf.94c462052ddec1d257cdeed6169db8c6.jpg,naja naja,7,257,282
139756192_jpg.rf.6b19d2f77288d0ea9d39bc5e41b30e49.jpg,ophiophagus hannah,8,176,53
219065627_jpg.rf.4045d7ead68435dc7c109836b087c546.jpg,daboia russelii,5,201,191
71471664_jpg.rf.63a4ec0c1162d5a2f2b3104978baf783.jpg,chrysopelea ornata,4,500,375
169151421_jpeg.rf.34536308a620e757dbcf15ad04763749.jpg,psammodynastes pulverulentus,9,271,132
145596180_jpg.rf.b93ccc852d678fe9fd18ed92d45cb2cc.jpg,trimeresurus albolabris,12,226,152
88348910_jpg.rf.81704aea99cfd0cf6fa462bb5fc2c598.jpg,ptyas korros,10,431,333
52415652_jpg.rf.6cb39c9647efe7e84c9e3fd5910ba19f.jpg,bungarus fasciatus,3,292,334
21048160_jpeg.rf.0bffc53abe14cdcb9a8c818317b303dc.jpg,ahaetulla prasina,0,208,318
45982538_jpg.rf.bd2213375a034ca289fbe20e8dbf9b46.jpg,trimeresurus albolabris,12,203,375
5694765_jpg.rf.4f464cf67399162fc4977a7e15cbff36.jpg,trimeresurus purpureomaculatus,13,321,333
22284109_jpg.rf.647597c281648e9fc984f2dcb5274513.jpg,ahaetulla prasina,0,404,333
102365551_jpeg.rf.838b5e0c421325c2269229ef00c9a947.jpg,ophiophagus hannah,8,320,500
170437773_jpeg.rf.e25544193afb3b980d0728a7e9594599.jpg,bungarus caeruleus,2,324,391
154993106_jpeg.rf.9b3bb78624763de8b4af6729f7f2e9d6.jpg,xenochrophis piscator,14,187,136
AUG133965490_jpeg.rf.afed9c58196a59a555b014a3547040f2.jpg,bungarus caeruleus,2,326,297
51601000_jpg.rf.ac7acca6f9bfc9f6d1bc814efb9f4a3c.jpg,amphiesma stolatum,1,222,256
52643706_jpg.rf.cf8bb9b324b8be19ad1f1f50d3e394c1.jpg,ptyas mucosa,11,208,269
126443305_jpeg.rf.ff41a78f2717d3fd26bcd27dd36f098c.jpg,naja naja,7,375,383
176460911_jpg.rf.3f5fe3ba61fc53a8798de6539634e195.jpg,psammodynastes pulverulentus,9,475,193
153465525_jpg.rf.1820cfafcf4532cde354049f0f852056.jpg,trimeresurus purpureomaculatus,13,304,287
139712636_jpeg.rf.3ac31e11d0e2deb8254df50cfccd2f12.jpg,amphiesma stolatum,1,158,225
22284109_jpg.rf.e6942a98a6a186051f547ac43834696b.jpg,ahaetulla prasina,0,500,333
105762044_jpeg.rf.29a6f283ae12aeea89565cb9213fc66a.jpg,xenochrophis piscator,14,101,333
171099441_jpeg.rf.6c09fe893e206262d165996f8b88df3b.jpg,psammodynastes pulverulentus,9,318,196
49588371_jpg.rf.09f8d41846e897aa493d96c006faa916.jpg,chrysopelea ornata,4,210,313
105386858_jpeg.rf.09258e673896cb91fa1d610293b9a4c0.jpg,daboia russelii,5,463,274
21957875_jpg.rf.da40b16478d97e91d44e4d325921debd.jpg,trimeresurus albolabris,12,418,262
88122392_jpg.rf.b6b2196c5755a73b4a99dd08fcd62da7.jpg,amphiesma stolatum,1,301,240
96590049_jpg.rf.bc1c9d79cb5b2addc6ddf461d0e9f289.jpg,chrysopelea ornata,4,261,254
52566415_jpeg.rf.bfffb3e07e773697467124c5ecf34d26.jpg,bungarus fasciatus,3,161,226
254291264_jpeg.rf.e2dc1a1f3c048b3d4dfab3a681868d20.jpg,trimeresurus purpureomaculatus,13,191,251
44713862_jpeg.rf.a96d240c6bd4ccbc469a76651e108132.jpg,ptyas mucosa,11,486,355
56859704_jpeg.rf.67ee455e7c60f96a7660014e8abaa068.jpg,dendrelaphis pictus,6,312,499
104813104_jpeg.rf.e529d8efda754f0f29fcd1bbbe03ca8d.jpg,ptyas korros,10,487,371
AUG160489068_jpeg.rf.b6a451c6b9056f08d276b34c331ac3c5.jpg,bungarus caeruleus,2,264,500
11948353_jpg.rf.4fba8dd269eb4ac4045b5419d5ed7d91.jpg,ptyas mucosa,11,410,191
108885211_jpeg.rf.6759e181bfaf850c72a8ab6765bec637.jpg,bungarus fasciatus,3,427,375
78095324_jpeg.rf.e3d48c8715b3b50841663df0a4103cb1.jpg,naja naja,7,264,382
110567174_jpg.rf.5d2a59b4e91145530d780f103677004c.jpg,dendrelaphis pictus,6,484,266
48351677_jpg.rf.3826632c19064305e861cfa932b6c9a2.jpg,chrysopelea ornata,4,487,357
AUG175971051_jpeg.rf.5c18ab459d4a6e836760ebd1df9d78a7.jpg,daboia russelii,5,307,351
58971197_jpeg.rf.d586a0d934ab3f02937c3208da47acce.jpg,ahaetulla prasina,0,175,376
18807097_jpg.rf.ad4bc01f5fde510afd462bb636288282.jpg,ptyas mucosa,11,485,500
57376201_jpeg.rf.7de00778793c2066b7802a0b98d492b5.jpg,trimeresurus albolabris,12,153,274
53715917_jpg.rf.2b610fbaf153a6d73ef0f599fee496a9.jpg,chrysopelea ornata,4,185,200
141914963_jpg.rf.dfb63afc7526c139d48cda5c71c3cf94.jpg,trimeresurus purpureomaculatus,13,115,326
179205107_jpeg.rf.ac08b2fcd94000ca5f0d7354e6a3bed5.jpg,ptyas korros,10,351,281
AUG16144983624_jpg.rf.d2dd4066bc63417e108f43c7b3e053a0.jpg,bungarus caeruleus,2,314,221
AUG94338248_jpeg.rf.e49fdf8fa50eb6de875d64015d9ee8ec.jpg,naja naja,7,244,228
138515425_jpeg.rf.a98bda9c20526b352f91764ed42eaf46.jpg,ophiophagus hannah,8,300,333
28066531_jpeg.rf.9c5b795aa92e4b604e20ca9f7651abca.jpg,ahaetulla prasina,0,145,334
69102395_jpg.rf.8fbf3d79bc12ada03d233a0c54caf68f.jpg,bungarus caeruleus,2,282,473
125907670_jpg.rf.f6fbc2b64eaab26d97d784a8b950e0ff.jpg,trimeresurus albolabris,12,261,342
107253497_jpeg.rf.4a24a0be0d0284d1b0658649b9734b14.jpg,naja naja,7,375,221
235718699_jpeg.rf.11f1bdb38ef22ed3481da517bd927ee0.jpg,daboia russelii,5,151,182
110567174_jpg.rf.981ac070d15670c104aca6ba420fbbac.jpg,dendrelaphis pictus,6,300,281
86166940_jpg.rf.0ee7bad7b2cfd01b59d749aff7ac2d9b.jpg,trimeresurus albolabris,12,474,281
101567257_jpeg.rf.e20739bda8720754f03ede8e870b247d.jpg,chrysopelea ornata,4,158,92
139712603_jpeg.rf.d9dc1b58f3ad976d20d7921b52bba8ca.jpg,amphiesma stolatum,1,118,225
177328701_jpeg.rf.2a30b3e5029c8f34a1ea4a174e3afc91.jpg,ophiophagus hannah,8,282,218
27645332_jpg.rf.94193f8670ee5e82bf050b9115aa0f48.jpg,daboia russelii,5,366,167
104077983_jpeg.rf.2be633a7b9fed0666040cc3202dd19f4.jpg,bungarus fasciatus,3,327,143
AUG105386247_jpeg.rf.1f0dc21c9f675fb6d00eac2d8cdf4ae3.jpg,daboia russelii,5,500,257
59728677_jpg.rf.c200edb69c4b85de8a4240b33ea68b9a.jpg,ahaetulla prasina,0,280,87
226339257_jpg.rf.3f7d0b37a86bf88a982b013055af0101.jpg,daboia russelii,5,142,246
189999016_jpeg.rf.e0193a5b9d80599dc02af619bc2b91cf.jpg,ptyas korros,10,500,317
AUG54206339_jpeg.rf.21d14906a2883b5299a4facf712e6287.jpg,daboia russelii,5,123,223
127392992_jpeg.rf.4c21efacae45ae8b14712ce7d776bbbc.jpg,trimeresurus albolabris,12,186,360
237352891_jpeg.rf.062de3892ecabfe526b752c5569e2a34.jpg,xenochrophis piscator,14,458,122
54462017_jpeg.rf.e6640931e9f4ecb14d5fc324de5750e3.jpg,bungarus fasciatus,3,500,356
7443357_jpg.rf.a2c218e60b6a395a6b7b814187328183.jpg,ahaetulla prasina,0,454,500
121987074_jpeg.rf.b81adece1057bb5a37eaa76e4c3f6498.jpg,bungarus caeruleus,2,466,204
12361989_jpg.rf.790052364a1591ecdb09bb71ff35eebc.jpg,dendrelaphis pictus,6,500,239
45982217_jpg.rf.1cdcdf12c865a0dd057ac201356aef93.jpg,trimeresurus albolabris,12,143,362
112129984_jpeg.rf.5e1de872547dca781b74a0abcc2dff42.jpg,dendrelaphis pictus,6,425,374
107640095_jpg.rf.1e734f70b2a6238d84ca64825e113db6.jpg,bungarus fasciatus,3,323,375
47119174_jpg.rf.43e70534d5e44df87c29b526f7c66b2f.jpg,trimeresurus albolabris,12,176,126
12763811_jpeg.rf.48f620d60857823c53e7af6e9ddbd3cc.jpg,chrysopelea ornata,4,430,307
144061679_jpg.rf.e41432ca9502f1b608081abe7a47955c.jpg,naja naja,7,113,142
106547211_jpeg.rf.04fb753588f0e492dbc222d2c7ee2480.jpg,chrysopelea ornata,4,375,392
221392480_jpeg.rf.75f0bc347b11c3a028aa6fad67ca8ba2.jpg,xenochrophis piscator,14,419,153
110829490_jpeg.rf.13b54eb0c00489f5cfa8afef2bdd1a35.jpg,dendrelaphis pictus,6,307,418
12237388_jpg.rf.8c9593f2e2b36040dff6ba2ef8fcccd5.jpg,chrysopelea ornata,4,500,96
219066375_jpg.rf.32b4fe62d76e5855b1ca20827c92fd25.jpg,daboia russelii,5,97,192
85952090_jpg.rf.4b409837fdf585d4f31aa88106de731c.jpg,dendrelaphis pictus,6,451,72
81757346_jpg.rf.742597f77dbc4d7bcbad007db729d78d.jpg,trimeresurus albolabris,12,366,320
221533556_jpg.rf.d852a3973b9729994548a0ba7c5c6f47.jpg,psammodynastes pulverulentus,9,361,333
139712742_jpeg.rf.1eddd2175b08b7e9f0af694967a77bbd.jpg,amphiesma stolatum,1,64,225
11391063_jpg.rf.406c5deaa3d7e25e8a072cb4c3c4e09b.jpg,dendrelaphis pictus,6,214,223
31651071_jpg.rf.5518870380b4feecdc270b349b3dbffd.jpg,xenochrophis piscator,14,179,250
AUG122518070_jpeg.rf.830e4f17c999a029492a9b52ce558596.jpg,naja naja,7,363,384
11497336_jpg.rf.8bdad93e35c8d9ce04c7a45e91f56384.jpg,chrysopelea ornata,4,354,358
20870691_jpg.rf.34e155e43521fbf497fcf87b0ea11b3b.jpg,ptyas mucosa,11,267,165
157730067_jpeg.rf.bb3b6f8febf750fb0427d65b0a89f851.jpg,trimeresurus purpureomaculatus,13,378,269
AUG47415196_jpeg.rf.f89bafdcf3ae68afc4f9417f6d50fcc6.jpg,daboia russelii,5,465,265
190272610_jpeg.rf.6130b23224160e3a4d21c2456429ec7f.jpg,ophiophagus hannah,8,289,149
234611201_jpeg.rf.38065599881670a502109a707dd677cd.jpg,daboia russelii,5,448,314
19796062_jpeg.rf.270fbd30349f2bf7d6aafc54f0891a90.jpg,bungarus caeruleus,2,365,257
141963639_jpeg.rf.23f3e11b785b659773f7e7fdedc7dba1.jpg,ophiophagus hannah,8,331,270
77192836_jpeg.rf.97e385cf6106abd4bbda6a6544f334e2.jpg,ptyas mucosa,11,87,375
83542413_jpeg.rf.3e590c07ad46354df2207c804717492e.jpg,bungarus fasciatus,3,236,375
112129018_jpeg.rf.eae65c75036119dbe466160d750d3aba.jpg,chrysopelea ornata,4,489,374
139756192_jpg.rf.068db6564652e609bbd39692826818a0.jpg,ophiophagus hannah,8,176,53
116142377_jpeg.rf.47863f356cac1b0ec597894d9b5274c8.jpg,xenochrophis piscator,14,234,166
186365157_jpeg.rf.6199f45de33ac0fcd181e144b19f057b.jpg,ophiophagus hannah,8,477,315
72696078_jpg.rf.7c1103c9a9805b9ad01216022d8ce419.jpg,ptyas korros,10,326,500
18807097_jpg.rf.644c21b44715760fc034d3ece84b972f.jpg,ptyas mucosa,11,485,500
112130026_jpeg.rf.75747efb76c30796be823d3d1828e180.jpg,dendrelaphis pictus,6,455,344
51278056_jpg.rf.0884f940a4eb9a10e0034366f272558c.jpg,ahaetulla prasina,0,450,500
138481199_jpeg.rf.ada49c642d365a595b6bb160d9c321a4.jpg,bungarus caeruleus,2,323,300
71471579_jpg.rf.79939d28b63280d40bbd74357702e58a.jpg,chrysopelea ornata,4,500,375
5694765_jpg.rf.506cb693a530397193f745807c053d49.jpg,trimeresurus purpureomaculatus,13,321,333
27521299_jpeg.rf.4400ddc95a0db6d63e1fb730bfdbe4d9.jpg,dendrelaphis pictus,6,500,326
97264478_jpg.rf.9ba33b570548109755b1a00e363441e3.jpg,chrysopelea ornata,4,196,410
48044876_jpeg.rf.0f7e1ceb9f0ac938c246228f72b27b4a.jpg,trimeresurus albolabris,12,292,231
143808487_jpg.rf.246a1e1e264d41752a500c0e8c79e013.jpg,ophiophagus hannah,8,375,376
156245276_jpg.rf.de9cea83f2ba3512b46c100d6ee85fe4.jpg,psammodynastes pulverulentus,9,160,66
128755239_jpeg.rf.88d8d1799d74240090522c8cb8e16192.jpg,ptyas korros,10,248,237
89210471_jpeg.rf.d5042db1b24bf439ac360614fc7e5f99.jpg,xenochrophis piscator,14,400,500
126816301_jpeg.rf.5177ad3f28ae16c46256dcb80f9fb88a.jpg,dendrelaphis pictus,6,500,196
216116076_jpeg.rf.5b80a990032d1b5fce370534effefd08.jpg,ptyas korros,10,293,261
89988702_jpeg.rf.e6906bd5c524a356248d2c23d698049a.jpg,ptyas korros,10,420,316
95836841_jpeg.rf.e339f830c86c124b145410d8e444f8a3.jpg,trimeresurus purpureomaculatus,13,281,318
AUG95568180_jpeg.rf.ffd103f7aed19a02c22e72b189411114.jpg,bungarus caeruleus,2,385,153
250239507_jpeg.rf.c4f46c6d69135fbf582b73f3a5f73fbe.jpg,naja naja,7,351,359
70913341_jpeg.rf.352c15a055a334e6f56f2accb5f6f70f.jpg,ahaetulla prasina,0,282,333
53460783_jpeg.rf.5dd217d2734ab08e6c57fe28a8f12a1b.jpg,ptyas mucosa,11,264,63
29059921_jpg.rf.87ab8a789b27f753c1a372d897b22b85.jpg,ptyas mucosa,11,202,400
575475_JPG.rf.f09cf8192ff9c9216d17890d42518343.jpg,bungarus caeruleus,2,247,294
78876217_jpeg.rf.7022fa10ea33e7933d49badd426f7aec.jpg,bungarus caeruleus,2,114,336
146305525_jpg.rf.7842d12dfd8408d6e0ed096e092dc247.jpg,xenochrophis piscator,14,500,264
94328843_jpeg.rf.e46724ee32090c6d535893fbcfbb94ec.jpg,bungarus fasciatus,3,153,375
7443349_jpg.rf.a6d3ed4aa648e6385d533544328a2508.jpg,ahaetulla prasina,0,490,500
148092535_jpg.rf.1fbfe1f4e4961f22fa48edcdda7206c6.jpg,trimeresurus albolabris,12,428,357
25527446_jpeg.rf.a2530604e85c4a7e0bb07f30f17e32c4.jpg,ptyas mucosa,11,208,333
86727880_jpg.rf.c474efb3d15fffe309bc796fa44e3a4d.jpg,daboia russelii,5,488,364
107481105_jpg.rf.0c42549ec04f0987235ab55ea10b8265.jpg,bungarus fasciatus,3,193,264
92262041_jpeg.rf.e3c669b52d67e7f3421242eea9f1b2d2.jpg,dendrelaphis pictus,6,441,374
19916849_jpeg.rf.77e20003bf7035c2e5de083b7742cb07.jpg,bungarus fasciatus,3,500,117
29285243_jpeg.rf.fc5e3a0316fdff53565980ed29683564.jpg,chrysopelea ornata,4,453,375
155867184_jpg.rf.d25362d9184f38908c9353df973de903.jpg,ptyas korros,10,261,158
213217602_jpg.rf.3da7b076f82a0573f2c048e211aac8d5.jpg,psammodynastes pulverulentus,9,126,425
83517146_jpeg.rf.569f4f03430af044ca7e420bd3646128.jpg,ptyas mucosa,11,401,281
AUG170437795_jpeg.rf.3037238a34d0b7be0adaa4b4a041aa7e.jpg,bungarus caeruleus,2,315,377
AUG203755030_jpeg.rf.50ef2553873295a243410c3f4ae6956b.jpg,daboia russelii,5,157,142
95002905_jpg.rf.86d65bbbf11aef7cba7629890af63d5e.jpg,ptyas mucosa,11,160,265
181191757_jpeg.rf.d4869f55e3aace957ae73c03b7c8b47e.jpg,trimeresurus purpureomaculatus,13,360,269
81952045_jpeg.rf.a817b6ceebac82a35a31170bb26e4799.jpg,bungarus fasciatus,3,392,333
AUG38837604_jpeg.rf.320469e6c5afe606e9cba3995fcd71f6.jpg,bungarus caeruleus,2,372,283
113361511_jpg.rf.e1f7a1d4217e8c788dc6a30393a32db7.jpg,bungarus fasciatus,3,278,281
8976412_jpeg.rf.449cd98ef1ecbdea3540634a47670323.jpg,trimeresurus albolabris,12,253,307
178038244_jpeg.rf.c93bf5e306a666e2b396c63411ea4064.jpg,trimeresurus purpureomaculatus,13,191,260
237539207_jpg.rf.481443610b1b3e74f1cfe53588e5a082.jpg,daboia russelii,5,397,184
AUG248979582_jpeg.rf.9d708c271af1490b6a76646bbce568fd.jpg,bungarus caeruleus,2,365,375
20902947_jpg.rf.2faea7dceef6576869084092d406bf0f.jpg,ptyas mucosa,11,227,115
140441752_jpeg.rf.54833ea821415e870983ee2499202490.jpg,psammodynastes pulverulentus,9,191,192
56365552_jpeg.rf.b47a58e4ee00fa35d649e2611c9135a9.jpg,bungarus caeruleus,2,279,375
32002452_jpeg.rf.04f9494586caeb9b47a858f6ee20eaca.jpg,trimeresurus albolabris,12,393,299
138885569_jpeg.rf.7499e39c327a871ec0c81b1d7c3c0610.jpg,dendrelaphis pictus,6,126,364
49707947_jpeg.rf.6568a5c914f6fa247b59406c5700e3a1.jpg,trimeresurus albolabris,12,385,285
31651071_jpg.rf.a4ba8cb334513cf506128528222e8eb4.jpg,xenochrophis piscator,14,436,179
65594753_jpg.rf.867f97d151a85232d30c16f6f4b6822f.jpg,ophiophagus hannah,8,342,333
222461316_jpeg.rf.7e30ca67201043d6e6482f045f65a410.jpg,bungarus caeruleus,2,462,187
AUG168987290_jpeg.rf.097ca820c8508b0c38ae385794ffd9b9.jpg,bungarus caeruleus,2,168,500
64796577_jpg.rf.1941430f8ef836f009293af5ec71d1d9.jpg,trimeresurus albolabris,12,245,248
83163754_jpg.rf.6a50d6e8a8477ed540d3d80ddaa17788.jpg,bungarus fasciatus,3,160,301
29059921_jpg.rf.7d089852a7489ea6107a907f356282b6.jpg,ptyas mucosa,11,463,202
156245276_jpg.rf.5ccd2fbb227c3853812a6a90b3874c7a.jpg,psammodynastes pulverulentus,9,66,160
84099608_jpeg.rf.aa86c7d23328764e5a2d8b0bf3d3f9ed.jpg,ahaetulla prasina,0,171,365
60581189_jpeg.rf.d081e9482569f8de7d01dd35140ce538.jpg,ahaetulla prasina,0,210,375
186364160_jpg.rf.c39479732274f98b7f97af00017c4df5.jpg,psammodynastes pulverulentus,9,344,338
88214648_jpeg.rf.16000d4d6bb594f3828e9fe3714aa0aa.jpg,chrysopelea ornata,4,196,500
215690446_jpg.rf.778c21e135f497c1590e655c47d20623.jpg,psammodynastes pulverulentus,9,239,327
240556046_jpeg.rf.970bf01e28996b5124b7ee8f57137800.jpg,xenochrophis piscator,14,323,250
32003950_jpeg.rf.cf5f6ad144bf839446ee9b44f20dcdc7.jpg,trimeresurus albolabris,12,326,295
59145438_jpeg.rf.d727a0f93ffbbfd5823def8376d0a5d1.jpg,trimeresurus albolabris,12,209,210
AUG202796830_jpg.rf.dc5b5cacbfc350b27098c6fa1192cb87.jpg,daboia russelii,5,385,207
248849942_jpg.rf.2980bea33ea533b7efacf06ae2f52fed.jpg,xenochrophis piscator,14,124,253
162056358_jpeg.rf.a711b20de4f8aa787f05656c4f7b6c24.jpg,psammodynastes pulverulentus,9,288,364
51278056_jpg.rf.a5a1bc0ac54798a78460231c6c27b04b.jpg,ahaetulla prasina,0,450,500
160008649_jpeg.rf.e6a96ddf8537d7218f1ebbe136d18aa5.jpg,amphiesma stolatum,1,405,334
22290507_jpeg.rf.77d193b22870f1b0f6fcc8c8c62f0f04.jpg,bungarus caeruleus,2,375,209
145796391_jpg.rf.d54dbb1904238f4b285039f150cc0614.jpg,trimeresurus purpureomaculatus,13,491,295
185020512_jpeg.rf.8979337cc10e7f9fe74a716a71d7f090.jpg,amphiesma stolatum,1,375,174
179817486_jpg.rf.8203a59b5a8002650050f63db90ffb23.jpg,trimeresurus purpureomaculatus,13,149,282
57531842_jpeg.rf.ee6b7fae2eaba2a87d23b5d86e8751b4.jpg,bungarus caeruleus,2,249,347
173452634_jpg.rf.6ac0a64e946fe65d25eab17994aef169.jpg,naja naja,7,463,500
85023507_jpeg.rf.673809837a537094afffc0ade8d4533c.jpg,trimeresurus albolabris,12,411,278
19916840_jpeg.rf.176db5591cb3bd1f8c548493a3e61df3.jpg,bungarus fasciatus,3,75,374
153066894_jpeg.rf.d0d85d3adfa585e4090ce5749c9cc710.jpg,ptyas korros,10,500,285
89988702_jpeg.rf.f3738311daf442fe378d5ca391fa494b.jpg,ptyas korros,10,420,316
87754147_jpeg.rf.e3670634e70f289a8b367960e9cfc0d4.jpg,daboia russelii,5,422,332
88052461_jpg.rf.20d1372fe21f749254233dbe78a3cd00.jpg,daboia russelii,5,460,439
83361868_jpg.rf.aee740085f84be8e5d9e6c866b0b2bab.jpg,bungarus fasciatus,3,347,65
32004094_jpeg.rf.c14e2792ec429f9a2bbfdabe83cc8e04.jpg,bungarus fasciatus,3,469,247
AUG8672792585_jpg.rf.5cbf2b410e621904cead48da49902b95.jpg,daboia russelii,5,261,342
170118778_jpeg.rf.f4a365162239e9a82b5309ec75a6a25b.jpg,psammodynastes pulverulentus,9,342,347
70913341_jpeg.rf.3dd63a27040a289782455bc3de784236.jpg,ahaetulla prasina,0,483,282
7978270_jpg.rf.5fa03a687d975074740f0b770c46fa4f.jpg,amphiesma stolatum,1,500,400
190296420_jpeg.rf.5e75dd9639db0ffa51f1ccc98662e515.jpg,ophiophagus hannah,8,350,327
90940531_jpg.rf.b8220816fc29e7f3ece0c4a5d821a834.jpg,daboia russelii,5,265,200
61556315_jpeg.rf.989419875d3eeb35939660f2c5bc9ab7.jpg,ahaetulla prasina,0,101,202
88156197_jpg.rf.558a98b9de37b83ad75fcb26ae540aa3.jpg,daboia russelii,5,375,270
204688156_jpeg.rf.eab98116f36e1eeb8287b9c15e14ea18.jpg,ptyas korros,10,262,281
156260488_jpeg.rf.4590fb3d66d856149f84c2ee9fbe4df1.jpg,psammodynastes pulverulentus,9,269,304
57637310_jpeg.rf.2ab2b31fb369ec91d5f7cef8380e2f65.jpg,dendrelaphis pictus,6,404,217
AUG88033891_jpeg.rf.7cf77fd125d02331c00d4bc605bb967f.jpg,naja naja,7,200,281
59728700_jpg.rf.0112f83b4f9f7b1d0ca7225297102906.jpg,ahaetulla prasina,0,200,333
210745299_jpeg.rf.b1a8d07477e0468a95355ced46929614.jpg,ptyas korros,10,218,307
7512586_jpeg.rf.3f90194511d998f888fb8971f94d767c.jpg,bungarus fasciatus,3,338,356
AUG13673366018_jpg.rf.639b23c84454ffb0cc3f0c68273f1b29.jpg,daboia russelii,5,379,197
166743882_jpg.rf.756f6eae7ba42d6bf148793fa5636602.jpg,psammodynastes pulverulentus,9,322,375
601170_jpg.rf.57d3f51a0058dc0bf646fd52e2ee2dcf.jpg,bungarus fasciatus,3,373,333
207902459_jpg.rf.1716164d285f6815143dadea5f0e6678.jpg,ptyas korros,10,325,292
250189768_jpeg.rf.447c15b41f523f5ca65110c38db5d19c.jpg,trimeresurus purpureomaculatus,13,270,223
127686235_jpg.rf.02886587ffa89af6298b6c809e56a04a.jpg,psammodynastes pulverulentus,9,327,273
6503584_jpeg.rf.8e733f7a43c7a515454dc5f6f9d698ed.jpg,bungarus fasciatus,3,365,351
65798703_jpg.rf.4c2707b7c7dda852dbffaf5fe5554495.jpg,ahaetulla prasina,0,299,357
78876203_jpeg.rf.60b5a8406d7680cbdcbbd9d6822e52b0.jpg,bungarus caeruleus,2,150,375
176247018_jpeg.rf.d0eeafbd456668195ecb18dfd581ecdc.jpg,trimeresurus purpureomaculatus,13,239,234
83361856_jpg.rf.db4afd78c8f3db9ccd2bee8e76536de0.jpg,bungarus fasciatus,3,374,92
7476056_jpeg.rf.eaccab7b11f3534c1992d1a75f66d9fe.jpg,ahaetulla prasina,0,436,373
200255089_jpg.rf.45b81ffabfab1569f485419930c56e2c.jpg,trimeresurus purpureomaculatus,13,375,160
1969219_JPG.rf.a5ee38c8789c001ce779f37b1982d585.jpg,ahaetulla prasina,0,479,333
59107260_jpg.rf.ba3dd8cb4d6fb527775e953935f55325.jpg,trimeresurus albolabris,12,500,375
47317582_jpg.rf.3d5436ad3174ef210e3c958599f48e5e.jpg,amphiesma stolatum,1,269,375
84187584_jpeg.rf.5a3c18464229df96355b9d0c013c3d50.jpg,chrysopelea ornata,4,241,462
75870055_jpg.rf.8b9601ebbed9ca0c906eb559450049b1.jpg,ptyas korros,10,500,254
193446863_jpg.rf.0a3c899a21a58429beb3a31f5d4b6771.jpg,ophiophagus hannah,8,113,231
AUG38837613_jpeg.rf.f353769d4d1a28261044e59e8d97a039.jpg,bungarus caeruleus,2,375,244
84202355_jpeg.rf.49c9bab7a10aae52aa93be935ad52b50.jpg,dendrelaphis pictus,6,390,375
AUG19796076_jpeg.rf.8965eec5d905d29fe2e364a7a1c483e0.jpg,bungarus caeruleus,2,145,274
60423180_jpeg.rf.8b404166cd9dc8f265753e58c5ad77cd.jpg,ahaetulla prasina,0,355,98
AUG231149082_jpeg.rf.d281c4bbe8c8a0457772a6490ac4d21b.jpg,bungarus caeruleus,2,243,490
200255044_jpg.rf.d9ec7f0dbdd7fc009d62970af1bca1e7.jpg,trimeresurus purpureomaculatus,13,343,413
111937254_jpeg.rf.ea6634db29f1ffa0b789bdb9474cccd6.jpg,amphiesma stolatum,1,394,200
81757346_jpg.rf.3095d6539fc9094ac6ba5d814f7b954a.jpg,trimeresurus albolabris,12,331,360
58266031_jpg.rf.ae676b221827bffa5be3615240cda9d0.jpg,dendrelaphis pictus,6,393,305
66628843_jpg.rf.09f3c28f1c71c5d76c3daaf1d40b8391.jpg,amphiesma stolatum,1,132,281
16177146_jpg.rf.6cc5f6e824551bdce8cc109c4b8b4b79.jpg,chrysopelea ornata,4,347,451
63459037_jpeg.rf.360989fb8d26405d8e8045a772b5c804.jpg,naja naja,7,299,333
AUG129265250_jpeg.rf.9d0ce5aea00bd3e38224e9b8ae2304ea.jpg,daboia russelii,5,110,230
167748972_jpg.rf.043c74cf1de50ca96d82d2eabffdb0c2.jpg,ophiophagus hannah,8,210,269
60765394_jpg.rf.b9ea1bca5877d17f4802f2bb6437f8b6.jpg,ahaetulla prasina,0,412,227
248976272_jpg.rf.b193ff76b040e0d61e077a316b0c6b72.jpg,xenochrophis piscator,14,500,333
175721883_jpeg.rf.f7109ed14633213b67ca0cefc2c431ef.jpg,ptyas korros,10,171,435
28363758_jpg.rf.60990440971dab7d02420c65f743a708.jpg,bungarus fasciatus,3,108,334
169855752_jpeg.rf.f6becf2df04349fadf512e8eb5b672ec.jpg,trimeresurus purpureomaculatus,13,356,500
AUG175971051_jpeg.rf.77eb8d44f708493b74d65acf59861842.jpg,daboia russelii,5,489,307
170712909_jpg.rf.7863e39c10995741e5214cf3b9e6a70b.jpg,ophiophagus hannah,8,344,295
138527161_jpg.rf.851b8bf92b3d443664f4e6a0efbf41d8.jpg,bungarus fasciatus,3,231,220
174247446_jpeg.rf.5d527f9f67ae6a38bb3d103bd7fe31cb.jpg,naja naja,7,318,395
84129574_png.rf.41c6422c69f48d448c786e4ebc9f3f63.jpg,bungarus fasciatus,3,500,272
231149082_jpeg.rf.705cebbcd1162be327a3fc2406e872bf.jpg,bungarus caeruleus,2,235,485
87754146_jpeg.rf.31cc59d0a0e21d0852b24534ef6933b9.jpg,daboia russelii,5,500,332
28534487_jpeg.rf.717f272d19a8cfeb82f3303a540353ab.jpg,ptyas mucosa,11,414,185
70147825_jpeg.rf.238c03d59d96c9e7dadde2c0cf7b42ec.jpg,trimeresurus albolabris,12,162,372
176247022_jpeg.rf.b997de56891566cba1e707bd7e9903f5.jpg,trimeresurus purpureomaculatus,13,318,304
78664217_jpg.rf.b31f397cb931a0cec40cddcd5a30e001.jpg,amphiesma stolatum,1,126,316
105555577_jpeg.rf.245df62757cb374ca6046013123366cb.jpg,bungarus fasciatus,3,208,457
209579294_jpg.rf.2e1ec7e58a22b99d75ac30ae7ad4bfb2.jpg,psammodynastes pulverulentus,9,375,110
127686235_jpg.rf.2a5e661f20051f3113cb5f1fcec8ca0d.jpg,psammodynastes pulverulentus,9,273,279
199555365_jpg.rf.23e2831794b439c8da52d40a4176d191.jpg,psammodynastes pulverulentus,9,331,410
63382033_jpg.rf.e05a8993cb6a50f0b7a6d837ddb3c36b.jpg,trimeresurus purpureomaculatus,13,390,321
38830052_jpeg.rf.7823056b3ab13add0c8d840b8dd05af6.jpg,daboia russelii,5,500,368
88052568_jpg.rf.d608354bb601af5f26aaa7ae978be94f.jpg,daboia russelii,5,323,179
79766907_jpeg.rf.f448053c1977b470b2abea3e07270338.jpg,ahaetulla prasina,0,330,500
237352784_jpeg.rf.1e662603dcde58f5c3ea24002b4658e6.jpg,xenochrophis piscator,14,426,179
78664452_jpg.rf.8ed8b172a85e2e6edce341e76be58953.jpg,amphiesma stolatum,1,265,100
60117115_jpg.rf.8fa2d9c4e4150afa24242e0c7e972f70.jpg,ptyas mucosa,11,479,210
AUG151716263_jpeg.rf.cfa01ba28707db9107b8493d583c6636.jpg,bungarus caeruleus,2,356,265
AUG162027189_jpeg.rf.7265d01a0c2e42d90f4f420e7fc90729.jpg,bungarus caeruleus,2,316,217
71773489_jpeg.rf.af04214892970b3608c8ef0dbe7a3482.jpg,dendrelaphis pictus,6,452,443
169599287_jpeg.rf.a6da3ddadfc676ee0295b581d43754d7.jpg,ptyas korros,10,500,445
71471579_jpg.rf.d801d97e50230237b37546d72b01abfe.jpg,chrysopelea ornata,4,500,375
7461030_jpg.rf.12bbb5f2064fe71564cd7aea478d2b59.jpg,trimeresurus albolabris,12,234,358
252396628_jpeg.rf.c8bb18aaa20d86fcd0accc69da413fca.jpg,xenochrophis piscator,14,366,156
57446273_jpeg.rf.bba372cf99e52795cf2dad0364649650.jpg,dendrelaphis pictus,6,297,333
216121365_jpeg.rf.dfb4fe7420d84db58b58a3890efca01d.jpg,psammodynastes pulverulentus,9,341,222
AUG238438630_jpeg.rf.c7f10112ce4e06bb509280ad9fc4d52c.jpg,daboia russelii,5,275,358
244263176_jpeg.rf.62dfcd0cf2a3cc6445a90033a0db1217.jpg,xenochrophis piscator,14,248,493
63382033_jpg.rf.9070646e749edcea7eab56d1604d9ba1.jpg,trimeresurus purpureomaculatus,13,390,321
250269178_jpg.rf.932380961426659e2772943bbfd184cf.jpg,xenochrophis piscator,14,400,313
AUG78443846_jpeg.rf.8927c69b8181b55f629653bdebbb1768.jpg,naja naja,7,375,312
79614203_jpeg.rf.b065ffed5789b533253d2b4a8a9984b0.jpg,bungarus fasciatus,3,500,375
AUG168987290_jpeg.rf.abbf197c8ba335d9909d8041915da402.jpg,bungarus caeruleus,2,168,500
88121024_jpg.rf.8461f017d4d8e1157492ab6791048f62.jpg,chrysopelea ornata,4,233,357
85529595_jpeg.rf.da22444cd7132260c113beab030f4b0b.jpg,ptyas mucosa,11,144,272
5576337_jpeg.rf.bdd3dbf8c79af2c7a8e04c78ee60b6b9.jpg,bungarus fasciatus,3,500,375
217286069_jpg.rf.2cfaf775b0c303e0b14662da355ff375.jpg,ptyas korros,10,281,397
238792111_jpg.rf.f1816f9d83d97e1e012bd8bcc18a5e72.jpg,xenochrophis piscator,14,226,317
78443846_jpeg.rf.41e96bbaf85dfe4d51debf4762fed7b4.jpg,naja naja,7,314,500
105970728_jpeg.rf.fe06f0d6e014873a9299ac729faa4130.jpg,dendrelaphis pictus,6,375,149
190000247_jpeg.rf.c38228ca50156df22b05127f32a5c531.jpg,ophiophagus hannah,8,290,281
40007470_jpg.rf.5a73e52019f6872bff11f42d8c99bd29.jpg,chrysopelea ornata,4,375,213
AUG8672794986_jpg.rf.8fb6b9d1d401a97707a05479f0979274.jpg,daboia russelii,5,500,359
79271516_jpeg.rf.94a40a59bb48c6b386351425ed1e9f34.jpg,ahaetulla prasina,0,356,126
76983766_jpeg.rf.c1abcef8c8a25fd647e93f08518e1991.jpg,ahaetulla prasina,0,412,256
146382610_jpeg.rf.80e3a1d1f88e147b5f0f42871dc667f4.jpg,psammodynastes pulverulentus,9,306,219
85529595_jpeg.rf.d8a85fb1fc0a57d90b8f7e06246e91ab.jpg,ptyas mucosa,11,144,272
81124273_jpg.rf.38c6afdbbb0edfb4274d35c45c76b635.jpg,bungarus fasciatus,3,211,391
4187012_jpg.rf.0de49ef94714a1cac16986c450209c2e.jpg,chrysopelea ornata,4,266,237
61366975_jpeg.rf.91ecc2e488e14aa7bb1358c3bb2ab969.jpg,ptyas korros,10,368,430
AUG21918748943_jpg.rf.08694bcf7bf482d79c254559184ed1b3.jpg,daboia russelii,5,292,308
186624960_jpeg.rf.daf8495b87ffc18c0031f218446a148f.jpg,amphiesma stolatum,1,342,273
91394870_jpg.rf.967cf23978fab67edf072bbee45a5e54.jpg,naja naja,7,443,354
60117113_jpg.rf.9a26f5f1c948c32993db7437edcfe59d.jpg,ptyas mucosa,11,413,277
58098602_jpg.rf.098c4d593ec96c41cfded646339d8fea.jpg,bungarus caeruleus,2,261,330
166398949_jpeg.rf.8264a699972325309e0f50ca519f92b3.jpg,daboia russelii,5,358,335
65705545_jpeg.rf.15b16de8d0337b0cedab2b1488e49344.jpg,ophiophagus hannah,8,368,348
AUG19796076_jpeg.rf.73b7391e8231d0963fda8f2da623cefb.jpg,bungarus caeruleus,2,145,274
88816793_jpg.rf.c303babc1290972ce3696da73780a840.jpg,amphiesma stolatum,1,368,126
252396628_jpeg.rf.f8fed5c02160482f4bfcfed6be5ba7ef.jpg,xenochrophis piscator,14,366,156
AUG78443857_jpeg.rf.a9de3898f31e8dc9ff2b87c029788591.jpg,naja naja,7,266,478
AUG38837613_jpeg.rf.4fe36624698d6ff64ffda384bb8df935.jpg,bungarus caeruleus,2,244,462
74048816_jpg.rf.fea43322cc1f7e39499f7495217760b5.jpg,amphiesma stolatum,1,365,210
217391324_jpg.rf.43107ac1e3cee4baf0370522bd4af03b.jpg,psammodynastes pulverulentus,9,149,277
7476056_jpeg.rf.b32eb5b769f424c1db6a34b5fa455f99.jpg,ahaetulla prasina,0,451,373
78664470_jpg.rf.417f9d0be5182b22fbed82347e4e95d8.jpg,amphiesma stolatum,1,382,282
181191757_jpeg.rf.05d1d6d133ddd8ac8072e8d90bc15b88.jpg,trimeresurus purpureomaculatus,13,360,269
199555329_jpg.rf.df3a40dfb3f26dd3698fbff4fd5d3702.jpg,psammodynastes pulverulentus,9,200,265
AUG180548494_jpeg.rf.6918d5855322183a555f0cef07735f93.jpg,bungarus caeruleus,2,459,166
77822664_jpeg.rf.6c316d24e988390481f972fbe7317ce4.jpg,ptyas mucosa,11,340,169
106785581_jpg.rf.b99ae134e3798415a6f08e8e621c6ca1.jpg,xenochrophis piscator,14,485,176
55159493_jpg.rf.6597b086d7d975b4a1f83998d9cc50ce.jpg,chrysopelea ornata,4,183,235
86906408_jpg.rf.6e912d7580eefc83c32879f80e7172eb.jpg,amphiesma stolatum,1,169,262
82448455_jpeg.rf.40ff4a999fe1bae1119875660647f531.jpg,trimeresurus purpureomaculatus,13,322,333
67751244_jpg.rf.b1458617b5a8a769ffe9fb5157a7bd2b.jpg,trimeresurus albolabris,12,345,312
71710155_jpeg.rf.56a12effedb4d5fe6292b97bbaa61b23.jpg,ophiophagus hannah,8,500,357
174247446_jpeg.rf.2dab190563de5c285ec17a9e57054e36.jpg,naja naja,7,318,395
38319241_jpg.rf.1a16aa86535e000754f2785283d652a2.jpg,ptyas mucosa,11,257,370
63169777_jpg.rf.28adbcb72ecdfce9e312fad651f685a4.jpg,ahaetulla prasina,0,229,355
65594741_jpg.rf.33f5f76de12cda2bc9b426820c552510.jpg,ophiophagus hannah,8,500,280
105555577_jpeg.rf.180cb909a3c9e322efba8db858b76e17.jpg,bungarus fasciatus,3,208,456
82448497_jpeg.rf.da0edbabdec388909353b1435101a5da.jpg,trimeresurus purpureomaculatus,13,126,97
204688289_jpeg.rf.f356420b298cd96d74825fa19fc52e3d.jpg,ptyas korros,10,281,365
1389567_JPG.rf.c52c36fa661a0b0c33923e30e4486001.jpg,ahaetulla prasina,0,327,299
169465378_jpeg.rf.cf734405ce86e69a71081bace69dd7c9.jpg,naja naja,7,370,195
200923856_jpeg.rf.2551ab2ecd21fb65bdebdf78dcd1462f.jpg,ptyas korros,10,273,500
117604360_jpeg.rf.665cdec093921d54f3076511cbd97247.jpg,ptyas korros,10,186,194
205381466_jpeg.rf.fa89e39d02d0f1885c37fba9ef32a4ff.jpg,trimeresurus purpureomaculatus,13,453,186
68181641_jpg.rf.810f899c348c86317e6edf5774b32d57.jpg,ptyas mucosa,11,304,324
186364164_jpg.rf.98447d54d45e99e5c1de9c3fb0dd17b2.jpg,psammodynastes pulverulentus,9,256,308
118252609_jpeg.rf.16bb61767da85b9068c989e0637e655e.jpg,amphiesma stolatum,1,500,463
83163742_jpg.rf.35b48d19d9f5b767a85459eba5c2f2aa.jpg,bungarus fasciatus,3,321,101
70173251_jpg.rf.1aa0697cbf9ca8fa713a37580f42346a.jpg,trimeresurus albolabris,12,292,253
88354123_jpeg.rf.39ab562add6f76d71230f9c52ab6326f.jpg,bungarus fasciatus,3,500,312
193446863_jpg.rf.fd1b094b0bd771bb4f73fe45d8791398.jpg,ophiophagus hannah,8,113,231
33479808_jpg.rf.d2481584b054baae436e04698d5c556d.jpg,dendrelaphis pictus,6,424,211
81730979_jpg.rf.d4041d6eb6a86698dceb0dd0b1d7e8f8.jpg,ophiophagus hannah,8,453,443
71734486_jpeg.rf.57b3e1e25b455466a2c96c1698cfc45d.jpg,ophiophagus hannah,8,384,500
75869874_jpg.rf.8b4c69e16b25bad860e894257bd49175.jpg,ptyas korros,10,375,282
91194490_jpeg.rf.7a73a5a8005b4854d622a0b859e5adb2.jpg,dendrelaphis pictus,6,500,281
20662246_jpg.rf.16cb790a2fc4115b21681a092a2ba920.jpg,amphiesma stolatum,1,89,375
190858082_jpeg.rf.094c63f6b4e11fea64fd696dc45e919b.jpg,ophiophagus hannah,8,338,500
90585126_jpg.rf.b6a27353a28121f74709ea724e731917.jpg,trimeresurus albolabris,12,253,277
65594774_jpeg.rf.eb74d6fc9a3afa7010cf82194d943c7b.jpg,ophiophagus hannah,8,81,333
106785557_jpg.rf.e01510dfb75740e6568940cb0f9e4d30.jpg,xenochrophis piscator,14,274,209
127459546_jpg.rf.19e4a9ba768fb192db2e79dcf1e6e95b.jpg,psammodynastes pulverulentus,9,309,414
AUG63459037_jpeg.rf.8b3a49e19f73a9d23119a49cc8e2a4b8.jpg,naja naja,7,500,289
57637310_jpeg.rf.4043d9605005deb7968b239555b9cce4.jpg,dendrelaphis pictus,6,245,278
67455701_jpg.rf.8ffc3881ab73f644d96780df30190b6f.jpg,bungarus fasciatus,3,254,360
84175922_jpeg.rf.bfb50ed516ed25135c29780169dd85ce.jpg,ptyas korros,10,375,384
239503599_jpeg.rf.c438cd015573feac0f218038978eea61.jpg,trimeresurus purpureomaculatus,13,500,375
90046075_jpg.rf.1e74a5bfec6253b3d048762a09f1aa07.jpg,ptyas mucosa,11,218,281
61668472_jpeg.rf.277f286eea0023cf014dfd463c6d3105.jpg,dendrelaphis pictus,6,500,234
185792498_jpeg.rf.1abfb7266f2b0efaa2df17892dbab930.jpg,trimeresurus purpureomaculatus,13,373,334
250189726_jpeg.rf.6c3d2a7232ff2391430d8fc59b6a1c1d.jpg,trimeresurus purpureomaculatus,13,483,253
118519200_jpeg.rf.8249429e9161f8fcd5771a29dbb23ca9.jpg,ophiophagus hannah,8,363,253
18106444_jpg.rf.555d9e78676e0cb126b370cef8792745.jpg,ahaetulla prasina,0,375,333
207031708_jpeg.rf.0837001cad8b61db1343131d8d5d37d8.jpg,xenochrophis piscator,14,116,122
84139861_jpg.rf.5c2491da8d72f3f38b3cb4026fe9d479.jpg,trimeresurus albolabris,12,358,366
1866362_jpg.rf.8a54e3785adec4dd9fe148af2c943cf9.jpg,amphiesma stolatum,1,265,247
AUG54206319_jpeg.rf.939999717fa1acc18cf013ba4b98b9e7.jpg,daboia russelii,5,179,281
71440387_jpeg.rf.652597f8bc1946b347b218e5c1ee2617.jpg,ptyas mucosa,11,205,183
16761726_jpg.rf.adf8d6e7c9193c7dcf14e8a2bf742e29.jpg,ptyas mucosa,11,254,221
176460933_jpg.rf.ba11809df08a1da140b73f03081d50ce.jpg,psammodynastes pulverulentus,9,482,388
7461031_jpg.rf.b1dc8ac570d86b91f10a64ae9921aa6c.jpg,trimeresurus albolabris,12,356,375
169465419_jpeg.rf.374d072a97718cd14f0d5fe6acee03fe.jpg,naja naja,7,202,329
250189768_jpeg.rf.49479d11fc4fea031e2e73a6d52c17e7.jpg,trimeresurus purpureomaculatus,13,223,305
120167790_jpg.rf.c3a20f8100f8c1ffdf13b48aa5edc701.jpg,trimeresurus albolabris,12,500,150
33478404_jpg.rf.8b23ee24e79eccf7eed69762c87c790d.jpg,chrysopelea ornata,4,218,362
37688081_jpg.rf.06e532ce176bee9bc5f7726d97f822d4.jpg,trimeresurus albolabris,12,399,208
105852302_jpeg.rf.f37b18aaf7cfadf54c72cc34086a4a9a.jpg,dendrelaphis pictus,6,221,383
87754146_jpeg.rf.ca21a9569932c5a685b9550dc6c5b2be.jpg,daboia russelii,5,425,332
68881159_jpeg.rf.54b88118bef02e1d511f671a0b5b10be.jpg,chrysopelea ornata,4,375,236
154699448_jpeg.rf.c69c6f49df77898fd706ce9fc5ba9366.jpg,bungarus caeruleus,2,461,98
158630740_jpeg.rf.770f4144109e6e5083cd27685789842c.jpg,psammodynastes pulverulentus,9,145,373
62101734_jpeg.rf.da8f938b3ccc9168a4114738d50dcc54.jpg,bungarus fasciatus,3,101,194
1529610_jpg.rf.100c79a447789d7e55d640cc00783b04.jpg,ptyas mucosa,11,373,456
AUG19795980_jpeg.rf.9b1830e2befb0c172004407eebe6216d.jpg,bungarus caeruleus,2,278,461
239817329_jpg.rf.e886d8a970c0e2252f06c8436caaa51d.jpg,trimeresurus purpureomaculatus,13,177,264
AUG218858435_jpeg.rf.1081c85c22a8b6630c766f5495ace440.jpg,bungarus caeruleus,2,182,183
209756428_jpeg.rf.a938886039888c89df559347edb1d76d.jpg,ptyas korros,10,282,423
41735668_jpg.rf.2adeccb5a3d75b1f8f79c8f1d6a7af66.jpg,dendrelaphis pictus,6,144,122
86505253_jpeg.rf.71747a4a98bf725e8a66c84df4715129.jpg,dendrelaphis pictus,6,281,244
AUG160282611_jpeg.rf.dd03457c10377402c2aff576f1087421.jpg,naja naja,7,400,333
84139861_jpg.rf.02442234865906a74f1ac3b94a4c0078.jpg,trimeresurus albolabris,12,387,343
209813132_jpeg.rf.666f4bdd9337d781ca76d72861409d04.jpg,psammodynastes pulverulentus,9,217,230
239503373_jpeg.rf.22b317a83d3599a78f05c585126096c6.jpg,trimeresurus purpureomaculatus,13,343,313
75766248_jpeg.rf.6f076fa10a2466a6277b64061fcb9ad6.jpg,ophiophagus hannah,8,334,366
190858082_jpeg.rf.ca4381d3b992fbd466a40c02ce1aa1e9.jpg,ophiophagus hannah,8,495,338
81951349_jpg.rf.a4a593fc8fa7d0f25c6291149173fa64.jpg,ptyas mucosa,11,158,374
239643260_jpeg.rf.331b7855ebbf9baf5b01e4612cb3f2ec.jpg,trimeresurus purpureomaculatus,13,446,376
AUG57893813_jpeg.rf.874760c4a405514c6de63c3d58520375.jpg,daboia russelii,5,281,209
193447047_jpg.rf.bb248dffe70d2cd46f3f3db1edaa51ea.jpg,ophiophagus hannah,8,195,194
88348910_jpg.rf.2f9696814d4f893a3e7f34d21ff135ba.jpg,ptyas korros,10,500,333
90938942_jpeg.rf.235eb80f3b16f28cd43d683f551cc872.jpg,naja naja,7,288,130
173694311_jpg.rf.a085d925ca61d1eb26f707ec27fd6aa2.jpg,ptyas korros,10,375,226
83977004_jpg.rf.8ff99d2e75bd336fa53d38e7d1eb658b.jpg,bungarus fasciatus,3,231,88
71788708_jpeg.rf.63eef098147a716e09432e7f779fbe3a.jpg,bungarus caeruleus,2,361,236
157289117_jpeg.rf.1f9ff199e30efe821a71fdcfcf6fcadb.jpg,daboia russelii,5,141,375
199865632_jpeg.rf.205796f2a1a4257961587ca020f1a81a.jpg,ophiophagus hannah,8,187,261
216443850_jpeg.rf.af2c1dd8c8354e1e2a480e239ff0ebe8.jpg,psammodynastes pulverulentus,9,280,333
4976852_jpg.rf.e110f0c3321153cf07082b968f2b885c.jpg,ahaetulla prasina,0,223,315
63824891_jpeg.rf.98fa105a68ca1208f1759605500d3cca.jpg,dendrelaphis pictus,6,316,306
248342370_jpeg.rf.b84a55c3f596399bc82d078e9b926180.jpg,xenochrophis piscator,14,201,333
71471603_jpg.rf.04ba8d158bd0711e3b6c761ca4dde323.jpg,chrysopelea ornata,4,425,375
88691760_jpeg.rf.97cf682e16551c6fb70180737b27bef2.jpg,trimeresurus albolabris,12,156,271
188120425_jpg.rf.a53fe120de691a8bf14ef8f9d26f2c7c.jpg,psammodynastes pulverulentus,9,265,259
79621934_jpeg.rf.579c3a27a8689d746ad1649f5627c876.jpg,naja naja,7,451,204
66628873_jpg.rf.4820a3129ab2982aa54976655ed420c5.jpg,amphiesma stolatum,1,88,281
194714255_jpg.rf.2da7b6ef407cbb1b397ccc9df44d54a8.jpg,psammodynastes pulverulentus,9,461,254
AUG78443834_jpeg.rf.fe0af2ad6d5f01b7d2a10d2cded648bf.jpg,naja naja,7,371,500
7443349_jpg.rf.c4e293ea8809061d18a368781c066834.jpg,ahaetulla prasina,0,500,490
76055864_jpg.rf.e4af378e466f647baf780a63a92767b6.jpg,ptyas mucosa,11,133,169
176460947_jpg.rf.bce25a61da135c0a05c75ea5c3170039.jpg,psammodynastes pulverulentus,9,244,500
32723699_jpeg.rf.0dc408616ed7c422d59792470fdb96e2.jpg,dendrelaphis pictus,6,212,281
AUG233761343_jpeg.rf.f3c8cd2dea196bb2792dedf9323317ae.jpg,bungarus caeruleus,2,130,281
62460384_jpeg.rf.f0dacebf1c98b7d4008da437533c7883.jpg,bungarus fasciatus,3,338,438
62921830_jpeg.rf.3dadceefc9428ab196f6d770cc67b375.jpg,ahaetulla prasina,0,88,158
239817329_jpg.rf.c7182fc9aae697dd6591a5ba0e0b8f70.jpg,trimeresurus purpureomaculatus,13,264,177
31332275_jpeg.rf.f0ec0a6c957dbcb353a85220936a3cad.jpg,bungarus fasciatus,3,136,375
85975396_jpg.rf.e62258488a9cf46a3cf2166f8e62c5d3.jpg,trimeresurus albolabris,12,148,237
6804593_jpeg.rf.6de74a61be1a30c5360aa855bb7bcd1d.jpg,bungarus fasciatus,3,375,297
86906408_jpg.rf.efe91cf7c05637ec0ac5c43a2157f303.jpg,amphiesma stolatum,1,333,169
32004023_jpeg.rf.10136b4ac88b22ea9e6644bd71106527.jpg,bungarus fasciatus,3,344,334
92220478_jpg.rf.dd5e9c1dbdb23deed4681b6ce2a5eb5a.jpg,trimeresurus albolabris,12,167,358
61366950_jpeg.rf.42573e0cf19d7d62a597f3a4928112a2.jpg,ptyas korros,10,375,500
66105515_jpg.rf.44abb662d77e3230c00aa49c0cbf244c.jpg,amphiesma stolatum,1,281,159
126443278_jpeg.rf.41f2e707df5349da9ac4b20b63402ed7.jpg,naja naja,7,365,234
188502351_jpg.rf.37eb73f20f926d6bdb51a4d4da4157b9.jpg,xenochrophis piscator,14,500,171
AUG22633925745_jpg.rf.325d44fdbc25e7f72c79a00aa0fde4d6.jpg,daboia russelii,5,254,165
115060011_jpeg.rf.9330c6d711e68a0a7acdce25ef473791.jpg,trimeresurus purpureomaculatus,13,425,375
75869874_jpg.rf.5abfb8fb2b4c972f4792e5eb9cc74648.jpg,ptyas korros,10,282,481
AUG34951302_jpeg.rf.6cac99ba8ab400b463c1072da937a10d.jpg,naja naja,7,184,296
208610674_jpg.rf.c44532195189cbce8b2f0cf8f0dfa83c.jpg,ophiophagus hannah,8,375,477
193446836_jpg.rf.35d0eef99b94f9ef8b4c086ab5f788b0.jpg,ophiophagus hannah,8,287,52
74830911_jpg.rf.926543720342c9ca35cf55d7a7ca7d09.jpg,trimeresurus albolabris,12,282,292
601170_jpg.rf.2008c977398c73fbd78e1507d7b3f36d.jpg,bungarus fasciatus,3,373,333
239817750_jpg.rf.aeacfde53fe2ddbd3caec4f5e33d4195.jpg,trimeresurus purpureomaculatus,13,297,343
160489010_jpeg.rf.f5208b8600f0d874b7acfb69c585a262.jpg,bungarus caeruleus,2,500,305
1866362_jpg.rf.fb26ac08fc209271b1fdae6d849d5dbd.jpg,amphiesma stolatum,1,265,247
169599279_jpeg.rf.5fb55c769a32be65dac3b77cdc17cc9e.jpg,ptyas korros,10,500,437
73736681_jpeg.rf.8150d189747133a47a69bf448e125276.jpg,dendrelaphis pictus,6,500,192
55599575_jpeg.rf.9319772af2896b4dc2e76417c4c209e1.jpg,naja naja,7,399,375
60425348_jpg.rf.c8a8b69d88bee64a9d06834bdc024ea5.jpg,ahaetulla prasina,0,287,169
128635762_jpg.rf.8c93304c1cdc0dcbb8b937d15c50ee3a.jpg,psammodynastes pulverulentus,9,301,309
78443846_jpeg.rf.cffc5be9ca9a353ca846a90e871420f5.jpg,naja naja,7,314,500
244802921_jpeg.rf.7539c249a633ce12e88e35d9ccfbbc6e.jpg,xenochrophis piscator,14,130,325
41735668_jpg.rf.0da40063bd885846b51573d9655fb7f2.jpg,dendrelaphis pictus,6,122,144
88156189_jpg.rf.0cdf5bc1d3b1594f23894ee96c112cef.jpg,daboia russelii,5,375,202
67550708_jpg.rf.65c640f14885d59d4a33e03545256400.jpg,dendrelaphis pictus,6,457,166
88354126_jpeg.rf.cc3dab396611163d84b28707bd98b7da.jpg,bungarus fasciatus,3,428,333
62482710_jpeg.rf.5a8236e76433165b73718515909258b4.jpg,trimeresurus albolabris,12,165,237
81132632_jpg.rf.be8d630878284a2b65a35e5ca3f11296.jpg,trimeresurus albolabris,12,371,171
AUG164832575_jpeg.rf.977b023ee5eceeb632248fd0e80f3f13.jpg,naja naja,7,500,136
AUG218858367_jpeg.rf.b6753d168d03a89043dd2fcf18ffa356.jpg,bungarus caeruleus,2,357,247
62460384_jpeg.rf.c43c7e4bc7cbae7111f6174c20514a40.jpg,bungarus fasciatus,3,373,338
21886306_jpeg.rf.8cfc413731d25fe431ebf09007422d84.jpg,amphiesma stolatum,1,136,318
245297588_jpeg.rf.3074338bd335fccd312a0364625d2f11.jpg,xenochrophis piscator,14,225,175
71734486_jpeg.rf.aa4347691db641e8667bdb3493b93fd6.jpg,ophiophagus hannah,8,500,384
71734478_jpeg.rf.cea3fdd73b389275da62691833c849a5.jpg,ophiophagus hannah,8,500,438
204688122_jpeg.rf.3147b89ef147a17cb5bd13e2b2435995.jpg,ptyas korros,10,500,270
20662239_jpg.rf.20f2925fe655fa99de6c713bdfe2333e.jpg,amphiesma stolatum,1,375,321
86131295_jpeg.rf.197b5336c2161a9d83f2ba3264710761.jpg,amphiesma stolatum,1,184,282
AUG203755003_jpeg.rf.c489f362539e54639d1cc7e262cb4421.jpg,daboia russelii,5,123,143
78369557_jpg.rf.45294ac4eb1028f7838599bc613a8190.jpg,bungarus fasciatus,3,500,375
33940981_jpg.rf.fb990011c61af44f4688702e17cf5c1d.jpg,chrysopelea ornata,4,447,81
90901395_jpg.rf.e17e96dc5b00d67a4b1b2c59ee7acdbf.jpg,naja naja,7,266,263
78664452_jpg.rf.04a5e3d7ef68cdb20e154737e7c27d3d.jpg,amphiesma stolatum,1,265,100
168615028_jpg.rf.a52672028e97147dcd4237ab2a09bd60.jpg,ophiophagus hannah,8,273,149
63748759_jpg.rf.9a85b3769e4bcfab1c82d44cd8f0c35e.jpg,xenochrophis piscator,14,471,205
239515205_jpeg.rf.1b8e42d5622b0eeae887bdd438919e26.jpg,xenochrophis piscator,14,296,56
7461031_jpg.rf.a8abff44b0782aed0f0e0667dde0c8fd.jpg,trimeresurus albolabris,12,356,375
AUG54206307_jpeg.rf.6632cf411456a8c7917977d1c7ffbc46.jpg,daboia russelii,5,239,235
204688289_jpeg.rf.90e3b7a2600d06d6d26881453fae86c3.jpg,ptyas korros,10,281,365
81759064_jpg.rf.2c15ab55a28042439fd08f468d868866.jpg,trimeresurus albolabris,12,410,357
66628867_jpg.rf.38c598ffc3addcc3772d397bf134a9f2.jpg,amphiesma stolatum,1,500,130
AUG234396470_jpeg.rf.4e391798508ef6d5ae0c301834335bb2.jpg,daboia russelii,5,235,319
58746682_jpg.rf.173b1c645ff108174fd9c185286be943.jpg,naja naja,7,357,431
33478404_jpg.rf.23b8aeee0c49b06b7a6a04eb58393926.jpg,chrysopelea ornata,4,218,362
194714205_jpg.rf.2a0c6d27161374bb034bdcf06a0afc57.jpg,psammodynastes pulverulentus,9,306,235
12696296_jpeg.rf.c4964b037daeefd50497e3f9b24eabcf.jpg,ptyas mucosa,11,333,276
58264933_jpeg.rf.01727185f61b1835a36ac3877ad58e10.jpg,trimeresurus purpureomaculatus,13,500,204
250193231_jpeg.rf.931da84c7a1d468077f8d0deecc21300.jpg,trimeresurus purpureomaculatus,13,375,436
651293_JPG.rf.7ec6d11d77e211d0d0ce29d019205a39.jpg,ahaetulla prasina,0,166,136
122368174_jpeg.rf.d220d02341a7a901b0a9edaf8f5f0ce6.jpg,trimeresurus purpureomaculatus,13,272,305
65150909_jpeg.rf.be1ce5ee4ce22262fa36b2c757ae1325.jpg,trimeresurus albolabris,12,422,282
87754147_jpeg.rf.2b1230da1e7c7aae3280f513e81d0c56.jpg,daboia russelii,5,500,332
7461030_jpg.rf.f6c9cfcb8525925fa1b9b32f4a2af6d6.jpg,trimeresurus albolabris,12,234,358
117604370_jpeg.rf.36a5e88bd935dbcf1d18da537d7c1963.jpg,ptyas korros,10,500,282
12403845_jpeg.rf.88c742c58568980766d146900ba556ca.jpg,ahaetulla prasina,0,323,373
90938942_jpeg.rf.b591685431e420b531913a1201317ccf.jpg,naja naja,7,288,130
106785043_jpg.rf.6732eea9e5faec2d3632f43f59f9f197.jpg,xenochrophis piscator,14,170,273
193447047_jpg.rf.114b5934e7f14baebe01c40560a2dfee.jpg,ophiophagus hannah,8,112,195
190296420_jpeg.rf.345f7d4ba08c118cb4d5fb4441b49c8e.jpg,ophiophagus hannah,8,365,279
AUG170437808_jpeg.rf.e8188e4313012e73663e9f36970e8acc.jpg,bungarus caeruleus,2,400,177
33079681_jpeg.rf.08bf70e4aa0a6a5e36f648947d44c3a9.jpg,dendrelaphis pictus,6,383,192
215756201_jpg.rf.76b7c97ae33d88354218586321000eee.jpg,ptyas korros,10,175,179
AUG110498956_jpeg.rf.60352559fce3118a964f5da4b6a130fe.jpg,naja naja,7,375,134
AUG218858435_jpeg.rf.dd4f44cb53d589ffde182d73528ed846.jpg,bungarus caeruleus,2,183,182
12403845_jpeg.rf.56cf926c135a4f624ba9698e2d855c66.jpg,ahaetulla prasina,0,323,373
215690446_jpg.rf.1e0dafc1fa85b38c16b1f21a4e4e7f27.jpg,psammodynastes pulverulentus,9,239,327
75370695_jpg.rf.578ae3a405034fac620722e0641ba537.jpg,trimeresurus albolabris,12,272,297
AUG57531842_jpeg.rf.3fa143793165f683ddae6c0f6050c77a.jpg,bungarus caeruleus,2,500,244
104590227_jpeg.rf.43249e02ddd97158d0d8f16c35cec004.jpg,chrysopelea ornata,4,243,331
80818505_jpg.rf.8ee07dfe574cec277a3b38c13921c18d.jpg,chrysopelea ornata,4,333,212
76626807_jpg.rf.71c0d0b7d7d30a43b5cc1a45b3bd51fc.jpg,amphiesma stolatum,1,394,451
162234579_jpeg.rf.1fb11c1a3dc2133b248e3cb0fcf1913c.jpg,psammodynastes pulverulentus,9,244,309
102016340_jpg.rf.a78c5d9060bd07b6936b2ccdd4cfe811.jpg,chrysopelea ornata,4,219,375
157573350_jpeg.rf.c2335be2fccac4255e503cd89688f4c1.jpg,ophiophagus hannah,8,213,271
25527446_jpeg.rf.0604d8ef86090ea0c763bc747779ea9c.jpg,ptyas mucosa,11,500,208
113361511_jpg.rf.e4f5dff41a64ca847d6d6e7a4f6552e8.jpg,bungarus fasciatus,3,500,260
13407314_jpeg.rf.39582432e9a45554460730551904a7e5.jpg,bungarus fasciatus,3,342,315
108826509_jpeg.rf.7ff1005bf65801b0124160cb6ff074bc.jpg,trimeresurus purpureomaculatus,13,346,333
153855468_jpeg.rf.083b9c092b1e20468e0dd9d71f5044e5.jpg,xenochrophis piscator,14,150,290
162023009_jpeg.rf.adde745832b5d10ae921c586f79f46d7.jpg,xenochrophis piscator,14,226,165
128755239_jpeg.rf.ed40dc7aff4e4e02f93b9fb23b4c44d7.jpg,ptyas korros,10,400,237
47415196_jpeg.rf.5c7a5528989c2d99700805e94e1209c1.jpg,daboia russelii,5,427,229
146305580_jpg.rf.7119de24481352e8450afa8ee4613324.jpg,xenochrophis piscator,14,500,298
233761657_jpeg.rf.88f5e41c8032783a9551d6e340d92af7.jpg,bungarus caeruleus,2,500,96
25525577_jpeg.rf.a1b6cbfdc2c79c1b1bcc4242340d8a44.jpg,ptyas mucosa,11,500,336
147073951_jpg.rf.c12993e89221f0d593ae7b51e0dc3b53.jpg,amphiesma stolatum,1,458,219
154491218_jpeg.rf.f3b233b9f3874241084825f3ed0a0fc3.jpg,ophiophagus hannah,8,395,215
145796409_jpg.rf.05fb25c5cde6a29a994ac7c82ba49a7f.jpg,trimeresurus purpureomaculatus,13,467,320
38830052_jpeg.rf.1ec575e3fc5ff54b1fd5a582a978f3d4.jpg,daboia russelii,5,500,368
22573146_jpg.rf.d886c2ea7338b402b29d962b31956c7f.jpg,trimeresurus albolabris,12,500,318
171057829_jpeg.rf.3185c42e454dc648e759d758aa6e50f7.jpg,amphiesma stolatum,1,239,282
155867184_jpg.rf.9bc152fdf9f28e06b2b3e0b89949f7a8.jpg,ptyas korros,10,158,261
145289455_jpg.rf.45d62149940aff4dccaf45d98e508522.jpg,psammodynastes pulverulentus,9,331,161
28286656_jpg.rf.c81cd0efc2e780b7f1261a4d08b91ff2.jpg,ahaetulla prasina,0,409,293
131829442_jpg.rf.b2799c82a25401dda8d74e5673c88a12.jpg,ptyas korros,10,314,195
134303542_jpeg.rf.242d67e7d0275b2660167071a10b2868.jpg,naja naja,7,269,221
122642168_jpeg.rf.f7b892aa06b52adec820d89849cf2c53.jpg,chrysopelea ornata,4,436,333
575474_JPG.rf.2a2b753c9098cb6635d9ef4cb5c3dd8b.jpg,bungarus caeruleus,2,261,156
44246569_png.rf.4611c5b022cd3c683de0687f525f3c7b.jpg,ahaetulla prasina,0,246,78
167349784_jpg.rf.001a2a3ad5a73c46143bc22b24b57dfb.jpg,ptyas korros,10,217,110
52400930_jpeg.rf.4902800e331b3c4b25aa7b81c8357014.jpg,ahaetulla prasina,0,500,341
127170733_jpeg.rf.d6b4618cf9453ce5aa3bfa916afbd2af.jpg,amphiesma stolatum,1,500,233
178666_jpg.rf.499cfe1f9122bc1ee5542960f0b01a39.jpg,bungarus fasciatus,3,333,500
119996475_jpeg.rf.e49ea2eac824f6db9b06344b5a39bc1e.jpg,dendrelaphis pictus,6,402,245
34825312_jpg.rf.2b7ae0e878c595d8474b7d0f26002669.jpg,ahaetulla prasina,0,407,211
117604398_jpeg.rf.bad5cb500fbaca3e62f9cba26a7f3ace.jpg,ptyas korros,10,500,272
12179257_jpg.rf.a393779c4cde5c55b998e3b33d077103.jpg,trimeresurus albolabris,12,432,234
116143240_jpeg.rf.e894146eece023e476db99e2ab8a2c25.jpg,daboia russelii,5,495,253
22400018_jpeg.rf.2bbed516bb1f0436b4d8064fdad50bd2.jpg,chrysopelea ornata,4,375,186
107260069_jpg.rf.0247b2aa869b9e72c571eec33d902455.jpg,chrysopelea ornata,4,474,311
237539207_jpg.rf.d615d95a7352e39a1a7c417b0ea9d55b.jpg,daboia russelii,5,185,480
24350805_jpeg.rf.0b9137c1c8f44516acb744952fbecc8f.jpg,dendrelaphis pictus,6,500,269
154534247_jpeg.rf.3a8a6f2b5c33c0e5434de8384e20c994.jpg,naja naja,7,354,412
21048160_jpeg.rf.179aeb0681d1386aec4a709f6865f2cf.jpg,ahaetulla prasina,0,318,208
30921912_jpeg.rf.7de46d41e3a3929fdcaf6b6d7c629805.jpg,ptyas mucosa,11,141,498
141867635_jpg.rf.69bc1bf894cdc17d433398b55f009cf3.jpg,naja naja,7,476,427
150577013_jpeg.rf.196c58ffc389fb199b94d96c3f9c482c.jpg,ophiophagus hannah,8,500,222
28816997_jpg.rf.c27e15bbb7968676f0a7219146b9bfb7.jpg,ptyas mucosa,11,500,227
29285243_jpeg.rf.56b89d9ce01afa97e115173b42222cca.jpg,chrysopelea ornata,4,453,375
116142377_jpeg.rf.0a8c40b5e694b1741a63c9b880b48625.jpg,xenochrophis piscator,14,165,382
162027106_jpeg.rf.a20e7bb7ce3e53cccaa68eebc0e9160f.jpg,xenochrophis piscator,14,263,188
110829490_jpeg.rf.51e5402290158d645ce0740dd4d6b52f.jpg,dendrelaphis pictus,6,307,417
28751469_jpeg.rf.7f0bd249a5b7e0dcac93286253eefe88.jpg,ptyas mucosa,11,237,75
18280896_jpeg.rf.30413295715d83bc3c75f059f06636e5.jpg,dendrelaphis pictus,6,500,245
138481199_jpeg.rf.96cecf612580e761acb966532ee468f7.jpg,bungarus caeruleus,2,300,323
110567174_jpg.rf.507ccd231c2770c46958a3fcc58701be.jpg,dendrelaphis pictus,6,484,266
18807097_jpg.rf.c3e9bfcd98851e67ed0b6765fa9308ab.jpg,ptyas mucosa,11,485,500
16177471_jpg.rf.aa2725aec1cf24082c693043f16143f6.jpg,chrysopelea ornata,4,390,270
124180160_jpeg.rf.30980fb4974ace61dfb5fd24211cd37b.jpg,trimeresurus albolabris,12,422,318
203755003_jpeg.rf.fadb2d46a5f6ab28dbca7b27685021df.jpg,daboia russelii,5,127,106
218858367_jpeg.rf.4a3c414b44f39d1f73e8878ef7d21a20.jpg,bungarus caeruleus,2,243,437
145541852_jpeg.rf.93b28bda14540b2ad4c5711239015c71.jpg,psammodynastes pulverulentus,9,363,334
154926163_jpg.rf.06cce28d56854ec2c60b4fcb2c40a7c2.jpg,trimeresurus purpureomaculatus,13,218,134
170292232_jpeg.rf.56fc641b0ae04b070ceb91f668d40a98.jpg,trimeresurus purpureomaculatus,13,211,338
56365552_jpeg.rf.4570e4a6c83c3022ee089fbf109be960.jpg,bungarus caeruleus,2,447,271
27521299_jpeg.rf.271c562d69956483c34bdfe9172d695d.jpg,dendrelaphis pictus,6,500,326
106547211_jpeg.rf.e01b171351e522b2b8cda6fd9e6e0260.jpg,chrysopelea ornata,4,347,500
117604437_jpeg.rf.ebf4c218d032e35497ba27665c91c50e.jpg,ptyas korros,10,324,223
176247007_jpeg.rf.0ef663b5d2998a4534b84e7a2d0ae0b5.jpg,trimeresurus purpureomaculatus,13,375,437
31886866_jpg.rf.39ab27a9e60bdfbb2121fdb26fa07d8d.jpg,ptyas mucosa,11,479,279
AUG122518070_jpeg.rf.2d699517d7b4ee1061990ccc8a8fb4f2.jpg,naja naja,7,351,410
168931155_jpg.rf.0f2121b40266f5eefe905f42be4daee3.jpg,xenochrophis piscator,14,256,462
153465525_jpg.rf.7aac12afc23c798577d0ef7bd19f7c35.jpg,trimeresurus purpureomaculatus,13,287,304
26142506_jpg.rf.a2abca8c7629f60324e28826a29c5fc5.jpg,chrysopelea ornata,4,500,352
144061754_jpg.rf.28dac47410d014db30d130f56d286033.jpg,naja naja,7,287,272
162027197_jpeg.rf.743dafec394a5249c74bb9de188fdc45.jpg,bungarus caeruleus,2,461,162
141094399_jpeg.rf.1595bd27e6f8b40587bed1470373e0aa.jpg,ptyas korros,10,500,176
135071772_jpg.rf.eb733022cc235eeb3b44131b5009ec83.jpg,ophiophagus hannah,8,375,442
126443305_jpeg.rf.422d14ae4242f64fcebda9623d0663a7.jpg,naja naja,7,339,430
148092508_jpg.rf.f8d4f6c3d8ff680ce3713db1a999429b.jpg,trimeresurus albolabris,12,500,347
148441401_jpg.rf.121b0f508d208ca2714496fa73c13102.jpg,amphiesma stolatum,1,500,41
133939539_jpeg.rf.65cbd5800d791246a234d823a3f77cc6.jpg,psammodynastes pulverulentus,9,365,483
136456119_jpeg.rf.ea2284605c1d05eb5f3656c04f6f1fae.jpg,trimeresurus albolabris,12,464,333
20493897_jpeg.rf.4e1d94610b96d5daa3aa28b6baf4ec20.jpg,bungarus fasciatus,3,500,187
22284109_jpg.rf.4a760ac18608f36d333b2c44a234d389.jpg,ahaetulla prasina,0,500,333
235718699_jpeg.rf.360f97e2f2ba4ba8ec12a79b1042442c.jpg,daboia russelii,5,152,182
144061771_jpg.rf.ad4cee3712839fc3d2049e492d90aecc.jpg,naja naja,7,236,269
146382514_jpeg.rf.d8e7e579969872c94f6586e97c4839c1.jpg,psammodynastes pulverulentus,9,361,263
107605498_jpeg.rf.dacecec9e2f43275159e82f1f6d77f13.jpg,bungarus fasciatus,3,377,247
248983629_jpeg.rf.0dd243e4ee2f74827d5317e7d88028d1.jpg,bungarus caeruleus,2,332,125
32003950_jpeg.rf.9bf51c46a40e9a4f51eb51d651a787b1.jpg,trimeresurus albolabris,12,313,289
4600859_jpg.rf.7377a30034ade75ac66ec124970816a1.jpg,ahaetulla prasina,0,472,248
12361989_jpg.rf.f23d582a434042db352fd1c6d0c8990b.jpg,dendrelaphis pictus,6,500,240
133780398_jpg.rf.e6f528c5fa0d65710cfd276e85c7bfd7.jpg,naja naja,7,500,192
176247018_jpeg.rf.81cec8570d99b392478cab7c8db4e6ae.jpg,trimeresurus purpureomaculatus,13,239,234
148031685_jpeg.rf.8872845e78b3337674d3d0ab06897a97.jpg,amphiesma stolatum,1,369,449
127259058_jpeg.rf.8b4aa8fa49f7c57e4d200ba5ea5da93d.jpg,trimeresurus albolabris,12,148,255
134303580_jpeg.rf.09479339480916f718c65db33e2058c3.jpg,naja naja,7,141,75
29059912_jpg.rf.ade3682325b8b1425d71e6c7e7fb4765.jpg,ptyas mucosa,11,492,214
24574025_jpeg.rf.9284bd9664b8f4c000118ef33ac2ea6c.jpg,dendrelaphis pictus,6,281,500
139471015_jpeg.rf.12d0315604c9c8315b6c349511ff2397.jpg,xenochrophis piscator,14,123,201
166588189_jpeg.rf.dca5ea9ddcf262af9e2ad26fe871acdf.jpg,amphiesma stolatum,1,500,145
22981213_jpg.rf.4a7db89759a58d8daa463c00a3b237ac.jpg,chrysopelea ornata,4,142,365
AUG170437773_jpeg.rf.60bc3c12e7fe1463372818f67f2e6ebd.jpg,bungarus caeruleus,2,409,318
AUG16144984425_jpg.rf.fa4f48f12f2a1b8df529d60eae99dc2e.jpg,bungarus caeruleus,2,230,430
31147992_jpeg.rf.d9535d5dde51989cfac18a68dfe1231a.jpg,dendrelaphis pictus,6,222,263
133939458_jpeg.rf.c7bf29d67f315c2961884200635837a5.jpg,psammodynastes pulverulentus,9,359,500
201467943_jpg.rf.3c25da1e871a5220c070bdc50f8c3a5e.jpg,trimeresurus purpureomaculatus,13,200,167
42571110_jpeg.rf.3dcfe28c9dc04c9ab13ae62d359e5f3f.jpg,ahaetulla prasina,0,238,231
65589168_jpg.rf.3b5f02ceead9a368c6fe9b7b832f713c.jpg,ptyas mucosa,11,252,475
170807753_jpeg.rf.4f93e0e861c4bb5f742d7e02020ea21b.jpg,psammodynastes pulverulentus,9,500,231
122207827_jpeg.rf.e65bc995e7f52c1aac3179c30b4b501b.jpg,bungarus fasciatus,3,340,113
61556996_jpeg.rf.d2c2cdfa8767db45731f47e617962b60.jpg,ahaetulla prasina,0,500,193
107260083_jpg.rf.9a1a76cbeb0d5a03df35d876ea82b2ff.jpg,chrysopelea ornata,4,468,185
228879817_jpeg.rf.dc0f01c9985695872018dd77c0e348ec.jpg,xenochrophis piscator,14,405,202
55353660_jpeg.rf.d4ce930b73873723c39e63e10e07582c.jpg,trimeresurus albolabris,12,292,151
22787468_jpeg.rf.74f1df5d5b6de0edd74669544e5d23bd.jpg,ahaetulla prasina,0,300,281
58971197_jpeg.rf.8a5a32033dc4f1216b7e0a59c3c89ef7.jpg,ahaetulla prasina,0,333,247
143409802_jpeg.rf.5a7210050b8bc5cdb28c6a2b624f398e.jpg,xenochrophis piscator,14,500,171
AUG166398949_jpeg.rf.1a6b98ffb9d65d9c1ac2bb9e7b865c51.jpg,daboia russelii,5,490,335
139695889_jpg.rf.89e4aadc027a568b7f687a772d4746d7.jpg,ptyas korros,10,317,483
55747543_jpeg.rf.c1375340f2ac53cf62e7c48e78f7ddde.jpg,ahaetulla prasina,0,407,177
31886925_jpg.rf.09c8308ed8bd90f6c8835fbb4a823b93.jpg,ptyas mucosa,11,361,170
117604373_jpeg.rf.693b2331401f117ca078b5c9effaf6df.jpg,ptyas korros,10,330,251
139712636_jpeg.rf.89e2ad04bea4e2ed3fcd167468bd768f.jpg,amphiesma stolatum,1,500,157
168931176_jpg.rf.5d19bcdd1572693704512188b41bb778.jpg,xenochrophis piscator,14,362,427
6581098_jpeg.rf.7ab1f6b903180cc87c6eaf42901fd207.jpg,trimeresurus albolabris,12,377,321
31962426_jpeg.rf.c1949a5285dae746f54fb9fad65b9f0a.jpg,chrysopelea ornata,4,427,214
127393001_jpeg.rf.c5b07cec617ae763b5e40c5ef42f320e.jpg,trimeresurus albolabris,12,196,136
29059914_jpg.rf.d23cdf75ecbe48aeb96fd3555f4eab62.jpg,ptyas mucosa,11,227,414
248983710_jpeg.rf.22313fc6a0ce3833e02d4085e26802cb.jpg,bungarus caeruleus,2,500,227
5883601_jpg.rf.63d406fdc5c5d9f3781b8769932d4da0.jpg,ptyas mucosa,11,287,500
13771962_jpeg.rf.3d09f2265f450a230252be29e7ec2020.jpg,chrysopelea ornata,4,142,204
56859664_jpeg.rf.ca7fee1ece8dbb32396b7277dcacea3c.jpg,dendrelaphis pictus,6,272,456
57168243_jpg.rf.f48ee4e9c87a7b5d8404fe55bc24a57e.jpg,bungarus fasciatus,3,249,130
71788708_jpeg.rf.e373e992e76d8379fd0b81a7442c5029.jpg,bungarus caeruleus,2,360,236
126816301_jpeg.rf.a5dd753b2ea9bc2a49dc7f2ce9a309e0.jpg,dendrelaphis pictus,6,500,196
161454691_jpg.rf.3aaa396a31aed0f0b2963acac27af2c4.jpg,ophiophagus hannah,8,247,266
66105515_jpg.rf.9c32a9fc135befdc70a5946caf35f35c.jpg,amphiesma stolatum,1,159,473
53041509_jpg.rf.244e12f9e042c94a8d044cd31c486bbd.jpg,ahaetulla prasina,0,372,114
22290518_jpeg.rf.8eaf68f32e10a93fd0c4e3e259d33097.jpg,bungarus caeruleus,2,375,500
218858590_jpeg.rf.d7b6814dba5d2a10e17f1ab20883b338.jpg,bungarus caeruleus,2,170,169
138515425_jpeg.rf.acc6aab61017ce0063cfe8382df83ebd.jpg,ophiophagus hannah,8,445,292
170437808_jpeg.rf.cae6d0896a5a01f08c904c8edcc38d6a.jpg,bungarus caeruleus,2,167,480
155408628_jpeg.rf.21737a202715701ac9720996c72d46be.jpg,xenochrophis piscator,14,375,479
62101734_jpeg.rf.288aac466313361ce4493ca57ecd45b0.jpg,bungarus fasciatus,3,101,194
126962106_jpg.rf.fb5cc4a2a4888aef5f0d06c379242ddd.jpg,trimeresurus albolabris,12,445,220
49588371_jpg.rf.70863e95e9a9be22af84355832706de6.jpg,chrysopelea ornata,4,277,210
181538882_jpg.rf.52cb0b2ec88937c88ab3dcd1d460021a.jpg,xenochrophis piscator,14,279,136
178029281_jpeg.rf.c735977dea89fd295d3854a4da06cb38.jpg,amphiesma stolatum,1,376,170
75869874_jpg.rf.53c358d9b4993b277131bf95c2286c6e.jpg,ptyas korros,10,283,481
147189670_jpeg.rf.e0e3a4a55a68498ef2e6793757978256.jpg,ptyas korros,10,249,479
149820219_jpeg.rf.922d0e49717e7612231bf18c61e5defb.jpg,amphiesma stolatum,1,349,196
172225472_jpeg.rf.35e259b705c99d90d05e3b2b66f0e284.jpg,psammodynastes pulverulentus,9,500,334
239807884_jpeg.rf.c60818fd16a9a374a213f534c2942248.jpg,naja naja,7,183,402
193446836_jpg.rf.afde78c4875c61b87f9d2ed86f0dcfee.jpg,ophiophagus hannah,8,287,52
27935281_jpeg.rf.b40635a29dbca4aec890f605f468bb08.jpg,ptyas mucosa,11,220,274
148092535_jpg.rf.a302769ba62272e39263d866405a9df3.jpg,trimeresurus albolabris,12,428,357
57159665_jpeg.rf.52d6e1a7b4a6a828a9872610dd51b14f.jpg,dendrelaphis pictus,6,63,145
250239507_jpeg.rf.5074c6d8f17e6145d6112897fb409627.jpg,naja naja,7,393,351
112083916_jpg.rf.36f88545d02100948d3f1887bda56308.jpg,chrysopelea ornata,4,288,436
86727910_jpg.rf.fffd5c870f1c0088a2da665e2db7debd.jpg,daboia russelii,5,500,326
212625418_jpeg.rf.b327b25396a3c5e88846987cf4feb8fc.jpg,daboia russelii,5,351,176
7931751_jpg.rf.ce189aebe328cfdd6d25764b6c902b60.jpg,ahaetulla prasina,0,500,202
110819603_jpg.rf.760a104e55ec65515bc49af60c0fd0de.jpg,chrysopelea ornata,4,261,115
32723713_jpeg.rf.c4fb0112c726c676ccfa2b33b3d0d240.jpg,dendrelaphis pictus,6,470,123
10861600_jpeg.rf.0b951e752929d662ef6c1f030ebdb456.jpg,bungarus fasciatus,3,500,136
138315839_jpg.rf.e8c5ef70e0d8da19802dff65163f70ad.jpg,amphiesma stolatum,1,333,462
58910599_jpeg.rf.5ff5745f0855621b24e8bc9d0386e32b.jpg,bungarus fasciatus,3,424,284
85529595_jpeg.rf.d7f02a23f2a9a2e547ed15662bc0aaea.jpg,ptyas mucosa,11,269,255
12763811_jpeg.rf.52b83e8386320f5a02a3aa4bdbd04635.jpg,chrysopelea ornata,4,430,307
84099608_jpeg.rf.7fab4a55c37857c7b91655aa1268cfac.jpg,ahaetulla prasina,0,437,171
166864658_jpg.rf.83724993d35a0fd3b1076b0a696bab6e.jpg,psammodynastes pulverulentus,9,424,488
60117115_jpg.rf.13f1505eccb0a3717858fe52f4064851.jpg,ptyas mucosa,11,479,210
138538990_jpeg.rf.8677ef44921e844901ab5dbd46a7bede.jpg,naja naja,7,431,353
19795930_jpeg.rf.8e1d515d1cd584fbc63ccfa65b9c7114.jpg,bungarus caeruleus,2,314,196
239503373_jpeg.rf.d114aba9b01066ee18cf03d926b57eec.jpg,trimeresurus purpureomaculatus,13,500,310
4187012_jpg.rf.6033a167a9115f6f36cb7e6578a4dab9.jpg,chrysopelea ornata,4,266,237
36562957_jpg.rf.0adff5390a8131e42695fcb8f238612a.jpg,ptyas mucosa,11,264,468
112130004_jpeg.rf.e2451c9cb6b14262e36149a3dcf49c95.jpg,dendrelaphis pictus,6,500,374
138960474_jpeg.rf.235d6d2cc2c47a066d694562e092e327.jpg,trimeresurus purpureomaculatus,13,500,228
AUG154699448_jpeg.rf.4993a24af5cf714794ada85a2e047e4e.jpg,bungarus caeruleus,2,467,139
60423180_jpeg.rf.07c247415baa26c6badf84e525e513b2.jpg,ahaetulla prasina,0,355,98
58098602_jpg.rf.854217b8ac92dbdab2fab36ec992660a.jpg,bungarus caeruleus,2,261,330
170712909_jpg.rf.113c0237732ce01002fbdb5ca29e0ead.jpg,ophiophagus hannah,8,366,305
AUG203755003_jpeg.rf.cff74f0e021b168902af8ce331b6225d.jpg,daboia russelii,5,144,123
230630717_jpeg.rf.7d0aa49ebf0e255a48189b463fe0cb6d.jpg,trimeresurus purpureomaculatus,13,500,271
AUG8815619798_jpg.rf.309ee1b5632972a3dad84e37f4fc0473.jpg,daboia russelii,5,291,500
179008122_jpeg.rf.c4919364dc60d1625adc3a3c1464c27d.jpg,xenochrophis piscator,14,256,170
33940979_jpg.rf.0e181fa47933ccca150e7c47a344c396.jpg,chrysopelea ornata,4,131,117
198454_JPG.rf.1c469227f10e514be2b328395a7eee68.jpg,ptyas mucosa,11,369,500
58388173_jpeg.rf.b7a01701f94e1f3a6db584d0f2d97079.jpg,amphiesma stolatum,1,500,279
601170_jpg.rf.e9b54316b0626da617ccda32ee2b530e.jpg,bungarus fasciatus,3,500,333
58971205_jpeg.rf.faac6e251d30b6f84bb912c99e8f63af.jpg,ahaetulla prasina,0,231,177
112129994_jpeg.rf.bb1cc4416a07c4dd0b7a4207bb34e14b.jpg,dendrelaphis pictus,6,481,320
111644561_jpg.rf.82de76dee6770f48cea612c583e221cd.jpg,chrysopelea ornata,4,136,179
AUG8672792585_jpg.rf.256db3547a250aafbd791b603027186c.jpg,daboia russelii,5,474,261
88329934_jpeg.rf.0352001f0cd82cf5138fdb70e7532523.jpg,ptyas mucosa,11,287,65
AUG8815620499_jpg.rf.3511d3f196661ebe44fd1541dfa3b08c.jpg,daboia russelii,5,402,257
88156197_jpg.rf.c1a76a382cf356909c5c08db64bdaac9.jpg,daboia russelii,5,270,500
AUG156593769_jpeg.rf.93ec9fd6fe6474781fd2733e2db896fc.jpg,bungarus caeruleus,2,249,281
180548494_jpeg.rf.261fe3462c53e50984f20b6793a1a61e.jpg,bungarus caeruleus,2,468,175
AUG225780483_jpeg.rf.ef63f1194de5d2176df052a1c42a6fdc.jpg,bungarus caeruleus,2,431,500
170186245_jpeg.rf.3fba83dd1281de1f7d9ff709a78d984d.jpg,ophiophagus hannah,8,231,336
76054777_jpeg.rf.2ece64e7361226140ebaa61147e5aa81.jpg,ptyas mucosa,11,335,196
219287981_jpeg.rf.980a2cbf3fbe35ca48507f9f35506166.jpg,psammodynastes pulverulentus,9,385,369
42796768_jpeg.rf.c9308574cfcbdb11376c6b7819bb4cbd.jpg,trimeresurus albolabris,12,337,500
137842115_jpeg.rf.2aebcd8b210a0a88d21103279107403d.jpg,trimeresurus purpureomaculatus,13,438,210
AUG163408837_jpeg.rf.4982dda64b296072f81fc2b2a244b744.jpg,naja naja,7,257,282
AUG251255679_jpeg.rf.0b6d0a3ea4ab608b7551b0fb279a77ba.jpg,daboia russelii,5,313,257
194209144_jpg.rf.0002b123c171c4055ba2bc4e4fdb6c6b.jpg,psammodynastes pulverulentus,9,264,363
84100561_jpeg.rf.ccb51e3a263688629af8cef3d092bd8c.jpg,ahaetulla prasina,0,443,217
188473055_jpeg.rf.466d7b0f63343cfd34824576ed89f03b.jpg,ophiophagus hannah,8,237,357
207031708_jpeg.rf.9c05d4b079bee296a93ac6f8a7c42e08.jpg,xenochrophis piscator,14,116,122
84175922_jpeg.rf.36cb474fc3996b13a2a23e534baa0353.jpg,ptyas korros,10,359,500
171099431_jpeg.rf.60e9664b375d6b5ee1f1fc4bc63bd3ba.jpg,psammodynastes pulverulentus,9,174,159
AUG87754146_jpeg.rf.03288f4a604560f6adcbd47151ae00dd.jpg,daboia russelii,5,500,332
92290664_jpeg.rf.8d1f55f35fe0d6a62850b5ba85a1603c.jpg,trimeresurus purpureomaculatus,13,444,356
62460363_jpeg.rf.dcebaa16aede691d9de86a1863d5e304.jpg,bungarus fasciatus,3,340,218
216443850_jpeg.rf.0b7a197466a4acd731a1dcbc9b104334.jpg,psammodynastes pulverulentus,9,434,280
81730979_jpg.rf.29eadc0a20ea1a66258c6b1b864bb9ae.jpg,ophiophagus hannah,8,435,453
82448497_jpeg.rf.561cc79787d1ebea3ed5e4a5ce27472f.jpg,trimeresurus purpureomaculatus,13,193,127
41728964_jpg.rf.c15fce4d502a9df25a9353e1d037852c.jpg,dendrelaphis pictus,6,314,88
97397483_jpg.rf.2a743741a9bb05c868fa40b960cd842f.jpg,ptyas mucosa,11,310,500
171394180_jpeg.rf.da65ff75604a8dc3f8aae4d036d182ba.jpg,naja naja,7,200,355
33940986_jpg.rf.5c15e19c883a44f5edfbc3129ca2cfa3.jpg,chrysopelea ornata,4,260,133
89222492_jpeg.rf.6eaf6984ac1964878dd2c719def92a8a.jpg,ptyas korros,10,448,289
82448473_jpeg.rf.6c8ef1163e59b4b6d6e7a16e700f6180.jpg,trimeresurus purpureomaculatus,13,474,299
AUG575474_JPG.rf.6700d3520d4321b2d102f4300f4f9c36.jpg,bungarus caeruleus,2,246,161
71471634_jpg.rf.ca07d0cd935ff45b9aa6feb5193ee267.jpg,chrysopelea ornata,4,227,165
166743557_jpg.rf.f798ba0010a596c4c74ced29bc04295e.jpg,psammodynastes pulverulentus,9,500,352
84100559_jpeg.rf.933c8d9ea4fc32c0b27be3c4fbf68a22.jpg,ahaetulla prasina,0,500,278
88214639_jpeg.rf.64099d70618f1ff277a780a59c5ff786.jpg,chrysopelea ornata,4,405,333
79766909_jpeg.rf.f4f4796454ddf7616557fb72cca8c5a1.jpg,ahaetulla prasina,0,256,313
86909921_jpg.rf.cd0f15141e6391579bfd85acb9cf994b.jpg,chrysopelea ornata,4,440,192
34633156_jpg.rf.4ff22942dfa8b76c285df147b48d3118.jpg,amphiesma stolatum,1,261,306
21886311_jpeg.rf.abd4b4e8ce3471d64231397169b479f9.jpg,amphiesma stolatum,1,178,364
90940531_jpg.rf.8c9fc45b58942b1fab918198dfbd549c.jpg,daboia russelii,5,265,197
90460318_jpg.rf.3a4d39513e42e5c7ef01845dfd256326.jpg,xenochrophis piscator,14,203,72
174690125_jpg.rf.ccb47ff7f23ad35c8e820679c81b6600.jpg,psammodynastes pulverulentus,9,432,212
42478361_jpeg.rf.3c69d27981f028c239f158ce4f69c218.jpg,chrysopelea ornata,4,500,125
91286656_jpeg.rf.59e7007bd86ea75fcadcd6032be190f4.jpg,bungarus fasciatus,3,500,125
99194234_jpeg.rf.7c666a307420ea3c930898ae535d2988.jpg,amphiesma stolatum,1,399,250
244293423_jpeg.rf.4ba2920b15dec45f05eae2aaeb3dde50.jpg,naja naja,7,351,431
95836831_jpeg.rf.c05c7fa0dea2e6cf42133cfae6a3a751.jpg,trimeresurus purpureomaculatus,13,408,300
86904197_jpeg.rf.f4891f17dc20c9ad773c00d8ffc430e5.jpg,dendrelaphis pictus,6,384,177
AUG121987074_jpeg.rf.9003a37f529fa384afb597b9ba03f115.jpg,bungarus caeruleus,2,463,218
496683_jpg.rf.64644051c07770cc51189fb5c8e31beb.jpg,chrysopelea ornata,4,235,237
248342002_jpeg.rf.22b7d86530d34175081c64052f92476a.jpg,xenochrophis piscator,14,441,202
99171871_jpeg.rf.6309096e3eb627e754ed90430534fb1d.jpg,amphiesma stolatum,1,270,295
571178_JPG.rf.e74f2f28299e6c26297c249643782a8f.jpg,ptyas mucosa,11,500,244
175721883_jpeg.rf.2493c621763d20fb63183e722e9eb0af.jpg,ptyas korros,10,171,435
51119887_jpg.rf.e32df656e6bceaaf7e42229d585abdee.jpg,chrysopelea ornata,4,356,325
200882439_jpeg.rf.5c7f884707197758acf5555011ee352c.jpg,ptyas korros,10,313,500
65594719_jpg.rf.ec1eb3a8663bd401207a98f281f9cce9.jpg,ophiophagus hannah,8,433,255
88354114_jpeg.rf.9d579b7fdcbee8813ddbdc9f032036ea.jpg,bungarus fasciatus,3,416,333
54508089_jpeg.rf.e3152153e3525c649a553db009c90ef2.jpg,amphiesma stolatum,1,416,289
55601317_jpeg.rf.d8421b68a31634b5a5265ab13c958dce.jpg,bungarus fasciatus,3,333,498
239503097_jpeg.rf.380d0d292e61551e7dd4cc37df569ff6.jpg,trimeresurus purpureomaculatus,13,500,355
190272610_jpeg.rf.76bdd0106ae11ef76436738aac393019.jpg,ophiophagus hannah,8,150,289
59145400_jpeg.rf.4fccf28bbba003a1c1d2ab9c96d5739c.jpg,trimeresurus albolabris,12,320,273
237352784_jpeg.rf.6c081f5e5cf3018a5e0479de74154ce9.jpg,xenochrophis piscator,14,426,179
90046075_jpg.rf.e6c8afae4ae3e2084716e30cd065c367.jpg,ptyas mucosa,11,500,218
213343917_jpeg.rf.de9494b4ceaaf24cd6322d26da43b23d.jpg,trimeresurus purpureomaculatus,13,334,264
81730990_jpg.rf.87ea002d04aae7bbca17ba849d5a783e.jpg,ophiophagus hannah,8,500,394
89988725_jpg.rf.8a5f9fa6988c481f2735b36b14524593.jpg,ptyas korros,10,388,238
56884552_jpeg.rf.f03ce223681b6fa776c98205386ad38d.jpg,ahaetulla prasina,0,437,134
AUG78876217_jpeg.rf.26e288b29830984838ec27a42a569ddb.jpg,bungarus caeruleus,2,389,78
97477726_jpeg.rf.93ac8e27266c697ea906ec5fcac3ee51.jpg,ptyas mucosa,11,261,240
217740490_jpg.rf.f4045cfa9b57f36a88c40d56e1e5820c.jpg,trimeresurus purpureomaculatus,13,196,237
213343978_jpeg.rf.2edb6ba8cf76951aad7572a00df4e60d.jpg,trimeresurus purpureomaculatus,13,355,246
190000247_jpeg.rf.6b28ccad0ce9f9f528758f42af88ee03.jpg,ophiophagus hannah,8,281,283
244293460_jpeg.rf.25e4e50b0b34a4bef6997ed3cc2fb873.jpg,naja naja,7,360,220
54508123_jpeg.rf.1f744906a675ccfb9addf5c701543c4a.jpg,amphiesma stolatum,1,393,248
AUG239022689_jpeg.rf.cee1c099bf53e72c1953a44d4db55195.jpg,bungarus caeruleus,2,424,302
186364168_jpg.rf.920c9393e8af6325a8522ad1aaf23caf.jpg,psammodynastes pulverulentus,9,383,196
AUG19740312_jpeg.rf.ff9e7ff66e43c4a5a6265d3773100cfb.jpg,daboia russelii,5,179,330
211367156_jpg.rf.d2032941e7fd6c68d7cbd607f57e394a.jpg,psammodynastes pulverulentus,9,460,159
71471579_jpg.rf.f1a0563419a9f506eef7ed867d8415f6.jpg,chrysopelea ornata,4,500,375
59728700_jpg.rf.094008940b2e643d706beb278f352cb4.jpg,ahaetulla prasina,0,453,200
123562752_jpeg.rf.593f4c76770adae6e79bf1d1bd1c3b32.jpg,ophiophagus hannah,8,205,500
AUG85104258_jpeg.rf.a77d4e909b03ae0df2a43d1655fc4946.jpg,bungarus caeruleus,2,149,500
192160325_jpeg.rf.eef11f8dd33750a4f6c553cae61242fd.jpg,psammodynastes pulverulentus,9,271,500
176460911_jpg.rf.88f8628b67aa7a53b826f73bd648e8c6.jpg,psammodynastes pulverulentus,9,193,500
77822664_jpeg.rf.a5f9e59c40e58deba7a149ddd6ebe406.jpg,ptyas mucosa,11,340,168
214318089_jpg.rf.3aa1e4b57758baad7c8bf1c5776fc647.jpg,ophiophagus hannah,8,226,175
74950190_jpg.rf.ce22bc4dff7e8e06c0da19a05f1b5ffe.jpg,bungarus fasciatus,3,500,333
57637310_jpeg.rf.4d24d35cca943d9ce2717d82f3d3a015.jpg,dendrelaphis pictus,6,404,217
117460408_jpeg.rf.f680499f45951f92cdfe89821aa78daf.jpg,ptyas korros,10,500,313
213307038_jpeg.rf.a38a92c3f04458a65c8b526f30b3de4c.jpg,ptyas korros,10,282,477
70147948_jpeg.rf.2449b5284db4e5205c3c97c6e9e96ce6.jpg,trimeresurus albolabris,12,443,261
78664458_jpg.rf.1240c8fa8d1a35d6e8ede6fc281974a0.jpg,amphiesma stolatum,1,363,84
117185717_jpg.rf.bef70ed4584cbcd2dd40ebc1f045ebc5.jpg,naja naja,7,253,110
238792072_jpg.rf.511a5159e1f008d046049f3042a68d84.jpg,xenochrophis piscator,14,305,447
AUG110498956_jpeg.rf.186e3254018e576992414ba8f04315a5.jpg,naja naja,7,134,338
106285837_jpeg.rf.967efe832e240a9a6c9d7fb36ab1dc0e.jpg,bungarus fasciatus,3,109,83
120167790_jpg.rf.cb85cfee24c10465a00a1daa1dc12bfb.jpg,trimeresurus albolabris,12,500,150
84100564_jpeg.rf.5d8df9a70bfde302133084a13c0ed81a.jpg,ahaetulla prasina,0,499,194
AUG3402929964_jpg.rf.07966b81939137e55db5a53b59180d96.jpg,daboia russelii,5,245,335
5576337_jpeg.rf.040112a40af52adb6fb0d1da0b89949a.jpg,bungarus fasciatus,3,500,375
73045957_jpg.rf.ac8ba090ba5bbec9f962992ec73ab871.jpg,chrysopelea ornata,4,345,165
81539251_jpeg.rf.85f29860b77d98ec5da76f4adee5b12a.jpg,dendrelaphis pictus,6,500,226
213217516_jpg.rf.80caaae75b5eadce1086d79c6804b320.jpg,psammodynastes pulverulentus,9,210,473
42646756_jpg.rf.864a8e978d0bb95e3b250d0c1c9afafd.jpg,chrysopelea ornata,4,262,66
205712562_jpg.rf.c2888772ae59732674dbc1f23a923251.jpg,ptyas korros,10,500,375
106785597_jpg.rf.128e9ec9c9159c0a369e228685423d2e.jpg,xenochrophis piscator,14,223,307
32002951_jpeg.rf.f173833b128596999d921009faeae5f8.jpg,amphiesma stolatum,1,493,183
239515205_jpeg.rf.bd8544d501587c6ba4bbdccbb45aa0d3.jpg,xenochrophis piscator,14,295,56
59100633_jpg.rf.d9f15b2cb0836a57a803430ca5ce45e1.jpg,naja naja,7,445,276
178020213_jpg.rf.4587a68a9c1fc507bd56c95d579432a5.jpg,ptyas korros,10,240,395
AUG7178873785_jpg.rf.17088f90aae6ee66c4c235a20b0c1e5a.jpg,bungarus caeruleus,2,500,166
66628873_jpg.rf.6ea47d68be0049ab17f4b71bc304512f.jpg,amphiesma stolatum,1,500,87
106285845_jpeg.rf.0bfbb1de5ac5462ec2f0304fc397e8b9.jpg,bungarus fasciatus,3,40,28
59321430_jpg.rf.2695b58eaee3cae39af1f35c1070f07f.jpg,ptyas mucosa,11,439,208
239503336_jpeg.rf.2a5441a082b31237f9f761e5f89f251c.jpg,trimeresurus purpureomaculatus,13,487,438
243779057_jpeg.rf.43f9e3210c2a09511f8954dcf20793fd.jpg,trimeresurus purpureomaculatus,13,274,364
200882468_jpeg.rf.c546f2d49ae18ec47d07d130686fbb1e.jpg,ptyas korros,10,500,143
105997072_jpeg.rf.1d6a6c4010ac037ced65ba6f3e28b3b5.jpg,dendrelaphis pictus,6,247,252
95922900_jpg.rf.6996835cd602e668abbd2ba93934e741.jpg,xenochrophis piscator,14,500,119
250193119_jpeg.rf.b4a3b6efecf33bcaf07ba69a60822935.jpg,trimeresurus purpureomaculatus,13,500,384
AUG19796018_jpeg.rf.8bcb166c27a47270eccc9a2516879304.jpg,bungarus caeruleus,2,442,236
47604921_jpg.rf.ca4f09e4ad9a72f4ddd17e5fd5609579.jpg,dendrelaphis pictus,6,449,279
59145438_jpeg.rf.fff30ef8d103b9b781ebe4e0c719656e.jpg,trimeresurus albolabris,12,210,209
68029710_jpg.rf.19282e1f0ecbf0a124a2bfe8009200f2.jpg,amphiesma stolatum,1,231,450
AUG87754147_jpeg.rf.c2a140d49b574a39319c12d97fc3e531.jpg,daboia russelii,5,500,332
59728697_jpg.rf.ae026e4fe8a92b0225283774bf20c27c.jpg,ahaetulla prasina,0,169,366
58266031_jpg.rf.ba0d6214a04b34f9b9c7a3c2e7b60028.jpg,dendrelaphis pictus,6,393,305
185501944_jpeg.rf.a908fb471ffa14e6482bbeb362e2773f.jpg,ptyas korros,10,500,167
244293443_jpeg.rf.e79db433c417ad6d64811551884f745b.jpg,naja naja,7,375,315
186364160_jpg.rf.6e053d8c62876306399fa87622c17364.jpg,psammodynastes pulverulentus,9,409,313
66628882_jpg.rf.24ea8debca7c953c00f25d8ab40c965e.jpg,amphiesma stolatum,1,167,500
176460901_jpg.rf.92f17675d5224125b34177c6a03141c9.jpg,psammodynastes pulverulentus,9,160,500
AUG22633925745_jpg.rf.c0411d33ef8547e6f17c171dd33ceb0c.jpg,daboia russelii,5,165,254
61366960_jpeg.rf.9c663c285551d099fd08fc63f3eecd27.jpg,ptyas korros,10,315,500
AUG54206307_jpeg.rf.407d06ff0eecb4e1f73a9a736f629725.jpg,daboia russelii,5,357,239
62314321_jpg.rf.c4ee0307c148426d42fb9d5edfb37eab.jpg,ahaetulla prasina,0,407,273
69919193_jpeg.rf.2dd77366fe5a5741afdecf569c3f5c3d.jpg,ptyas korros,10,278,177
55599575_jpeg.rf.243006f750b768c2f97d2ee8a37397b2.jpg,naja naja,7,500,371
64317727_jpeg.rf.3c6235c3ebc6ee628befbd5f90d132c7.jpg,ahaetulla prasina,0,394,209
AUG78443857_jpeg.rf.cb0b4bbbccaa44cb2ef0ab44436e53ce.jpg,naja naja,7,266,478
74830911_jpg.rf.33fd0a2dbc292c4a87fd228289150552.jpg,trimeresurus albolabris,12,385,271
86167132_jpg.rf.ecc4d177a0f58030633d2e76f9ceb492.jpg,trimeresurus albolabris,12,496,217
AUG248983629_jpeg.rf.ef9a1850d8669dcd57f2463fa2d0b499.jpg,bungarus caeruleus,2,342,156
69117746_jpg.rf.8ca69c7a14133cc744cc6768bb885adc.jpg,dendrelaphis pictus,6,453,375
244802876_jpeg.rf.4c0cf8dc09b8ee6a51ba2ed43d34daad.jpg,xenochrophis piscator,14,500,133
71471603_jpg.rf.5c95ccdc236e48028ec1201867ef5bf8.jpg,chrysopelea ornata,4,425,375
67421384_jpg.rf.29263b18ea142ca4d527566e6cf4857d.jpg,ptyas mucosa,11,152,500
71050003_jpeg.rf.7d3a7373204c3ee0da7280f9bd19498d.jpg,trimeresurus albolabris,12,375,357
68181641_jpg.rf.b69f87777c0f5fc4264c5da89c38e4d4.jpg,ptyas mucosa,11,304,324
AUG233761657_jpeg.rf.ddfbcde1b7d5d320817fdf9d573c09e7.jpg,bungarus caeruleus,2,500,106
215686732_jpeg.rf.5b7d134aa75eaa346e5b632264ee7614.jpg,psammodynastes pulverulentus,9,141,500
250189768_jpeg.rf.3325db49483bf1e0bc7507f8038af28b.jpg,trimeresurus purpureomaculatus,13,270,223
AUG63459037_jpeg.rf.3fe799840c4ae96bad963c7a3944ba09.jpg,naja naja,7,500,289
AUG19796076_jpeg.rf.0d79a288cc126d8ae13f9a72288387a6.jpg,bungarus caeruleus,2,347,148
73690558_jpeg.rf.1f5264c392ecb7ba6920b0deedbad0c1.jpg,amphiesma stolatum,1,500,269
246561409_jpeg.rf.e1b9a17a2017f0cdcc17b9d20e5c830e.jpg,xenochrophis piscator,14,479,252
243079014_jpg.rf.8cb0855d030c9273a2ef9bbcfd771441.jpg,xenochrophis piscator,14,364,191
70153688_jpg.rf.8787b95dede9689e2081f3dd5f76d37c.jpg,amphiesma stolatum,1,269,339
208923771_jpg.rf.243d7efbdc49ab2e0e327749fb655274.jpg,ophiophagus hannah,8,287,328
79621934_jpeg.rf.8eecd586b3aba3ed2b7a06cc993ff155.jpg,naja naja,7,451,204
68068498_jpeg.rf.7cb336b7e25971e99d2853206e119246.jpg,bungarus fasciatus,3,307,266
AUG235718718_jpeg.rf.5b693b2402b41ae6995f57ec87e9d901.jpg,daboia russelii,5,231,379
210745299_jpeg.rf.e050978cb62bb20999ff00271bd71199.jpg,ptyas korros,10,309,201
7476056_jpeg.rf.265bb48aa1995d06dc71123ab85b7d87.jpg,ahaetulla prasina,0,451,373
194714255_jpg.rf.1c20a6f74fcf0c729ac7622a629332c4.jpg,psammodynastes pulverulentus,9,461,254
62921830_jpeg.rf.738dd9d9229734c8558d13dbed87ba58.jpg,ahaetulla prasina,0,157,87
244802899_jpeg.rf.bf658fd701219901690c4eb3be441e6a.jpg,xenochrophis piscator,14,494,72
73679970_jpg.rf.e01312b9c7ee7bc663d1f9075559c895.jpg,amphiesma stolatum,1,467,98
68181633_jpg.rf.b51fbe4a53d21989a12954eacc99ec35.jpg,ptyas mucosa,11,203,480
7461030_jpg.rf.86125408ca71aa85309bcd1e9fdecf96.jpg,trimeresurus albolabris,12,416,234
74048816_jpg.rf.8915ebe5984010b8a7adda34173098fc.jpg,amphiesma stolatum,1,366,211
70153692_jpg.rf.00c482da40f8b2be0f35106b436d0f87.jpg,amphiesma stolatum,1,293,468
71775105_jpeg.rf.e4b064b3bddaf2aabbdc14dcd86739b5.jpg,dendrelaphis pictus,6,450,156
208923739_jpg.rf.349daa5c2789edf485563eeac4e2df02.jpg,ophiophagus hannah,8,302,341
67454525_jpg.rf.20bac1d6e991514dec25e3f1ee54e959.jpg,ptyas mucosa,11,231,247
AUG235854514_jpeg.rf.7feb52c0bed6dedae887990a88e4e6ab.jpg,daboia russelii,5,375,500
244263176_jpeg.rf.70debc061ce17b6e1c04060d07ab4001.jpg,xenochrophis piscator,14,248,493
199555329_jpg.rf.9b750dea3fb6b802bc563d54d7e27948.jpg,psammodynastes pulverulentus,9,200,265
AUG21672263447_jpg.rf.25cf7754c3c971605db82cb7f60be920.jpg,bungarus caeruleus,2,230,219
73679962_jpg.rf.891d6688d8dcedb1f4ab7f9f8f96e290.jpg,amphiesma stolatum,1,195,293
199555365_jpg.rf.18514e3d39e290dc05260a6b10589c32.jpg,psammodynastes pulverulentus,9,331,409
63169777_jpg.rf.a04bcb260d05296878409b67e9d82e08.jpg,ahaetulla prasina,0,423,229
208611597_jpg.rf.19774be54385cc863631ee7b7c3dd2e2.jpg,ophiophagus hannah,8,295,500
7455091_jpeg.rf.7a8f6311d897b63de233c5bdbffe69d7.jpg,trimeresurus albolabris,12,500,310
67722425_jpeg.rf.f67a93f7dafc86c05d074a86bdde1f01.jpg,chrysopelea ornata,4,289,216
71773489_jpeg.rf.b6f91cefd953ea7d9c55d58a10f723d8.jpg,dendrelaphis pictus,6,452,443
50323823_jpeg.rf.ed9e9921e3b7e5025f49daecc8f6181c.jpg,naja naja,7,238,500
6804593_jpeg.rf.299170ef0037afabe94fdc9766b84fb9.jpg,bungarus fasciatus,3,297,500
107639995_jpg.rf.9f435c44eb7593d526c663f77511bccb.jpg,amphiesma stolatum,1,317,356
110498948_jpeg.rf.d33611a883f7b277d61bd5ce72ccca95.jpg,naja naja,7,200,330
34029307_jpg.rf.2fa485ab387fa79a87c1df531820e6cb.jpg,daboia russelii,5,280,500
104814173_jpeg.rf.c5424ab8e680236b252f5364f82b920a.jpg,ophiophagus hannah,8,194,201
51346676_jpeg.rf.e5bf16cdb29f4b1335381b309cc20c66.jpg,ptyas mucosa,11,478,84
144061754_jpg.rf.8b5d507da2433f85d5262b5b128c3bf2.jpg,naja naja,7,216,287
49588371_jpg.rf.a9ccf88133beabecb6d0ed98564c83c8.jpg,chrysopelea ornata,4,210,313
154705184_jpeg.rf.5a35ab0229bfdc478e3bf43437272fe3.jpg,trimeresurus purpureomaculatus,13,235,343
133939499_jpeg.rf.fe1e11d627187a6c9f7fc6501f754b6e.jpg,psammodynastes pulverulentus,9,213,425
24057386_jpg.rf.d497b1787ef16bc0c64f03c305569ed8.jpg,ptyas mucosa,11,231,366
150577017_jpeg.rf.d54a80adb237ed9668eb3259a75820cd.jpg,ophiophagus hannah,8,160,249
107260148_jpg.rf.ab5aec671668977db4f5791094798369.jpg,chrysopelea ornata,4,375,296
103139424_jpg.rf.7825df52396edbb27b384af7b33f2ceb.jpg,trimeresurus albolabris,12,353,214
50572278_jpg.rf.a534361cec26044c3a05a22298aa0a39.jpg,trimeresurus albolabris,12,500,136
124449202_jpeg.rf.0f8c42527c2b7acd4d1342ac3601fe57.jpg,xenochrophis piscator,14,413,491
170712917_jpg.rf.769cb358ee84832dcc5f0ded0f783469.jpg,ophiophagus hannah,8,500,122
57436688_jpeg.rf.d3499a0ed9c017175add7f9fad082b46.jpg,ahaetulla prasina,0,500,201
103433687_jpeg.rf.99b62045ae4122fc7cf85cb8a616001f.jpg,bungarus fasciatus,3,408,124
170437746_jpeg.rf.e4269c6c98a4c12dd7f6d72dedd2a705.jpg,bungarus caeruleus,2,400,438
AUG128201471_jpeg.rf.b8c144ce3a67ed0ce94f5514a8e271f1.jpg,daboia russelii,5,64,78
53460783_jpeg.rf.89ba4afd6190da8b93bb3c6ea3963761.jpg,ptyas mucosa,11,63,264
145289433_jpg.rf.09c7aa43b518981a0b57aeaf661487f7.jpg,psammodynastes pulverulentus,9,236,271
117343423_jpeg.rf.d5ed9d1f08a86ac6b9dcdb14a66c5381.jpg,xenochrophis piscator,14,79,54
106417562_jpeg.rf.0a27ce1f947e614302f3b54fc5918c02.jpg,ptyas korros,10,281,500
24970702_jpg.rf.a99301b9767e743f64900cc386973827.jpg,ahaetulla prasina,0,308,325
54508089_jpeg.rf.df9bed98c2b90b828a21cd1367976ab6.jpg,amphiesma stolatum,1,299,326
104813097_jpeg.rf.c4f08bb2970d6277173c1289fbc54c38.jpg,ptyas korros,10,478,353
117343423_jpeg.rf.50040dd8d872bb2b484afdee19174e5e.jpg,xenochrophis piscator,14,79,54
54419572_jpeg.rf.6fa8aff95ea8aa149772e76f37466c32.jpg,dendrelaphis pictus,6,273,375
103414658_jpeg.rf.d206aeba1bafec91236b8b8118fa4198.jpg,ophiophagus hannah,8,338,432
116934518_jpeg.rf.e387b66d4cf53c60a0ebbd3bbe38819b.jpg,bungarus caeruleus,2,487,491
145289455_jpg.rf.06fd93392b7678ee4a4580727519e944.jpg,psammodynastes pulverulentus,9,330,160
34825312_jpg.rf.c1160632ada1bdf247c1cbbf113b81d1.jpg,ahaetulla prasina,0,407,211
109607376_jpeg.rf.7bbab1e42e9207c53452c65c8e6b41b1.jpg,ptyas korros,10,330,179
111644561_jpg.rf.0a0bcbbb74d3f094d99b4e8db5a26b49.jpg,chrysopelea ornata,4,136,179
185500775_jpeg.rf.20e5fe79f41166a460f87e81d5b8d476.jpg,ptyas korros,10,158,178
125118063_jpg.rf.073eb3401552f025d999c73549ebfe24.jpg,trimeresurus purpureomaculatus,13,318,333
54423877_jpg.rf.94f1a91b904eabc85bb6d36c39522fe5.jpg,ahaetulla prasina,0,152,333
133718851_jpeg.rf.6cd0afb405c963e0064eb336cb5d74e7.jpg,ophiophagus hannah,8,169,333
145796409_jpg.rf.b4bc9b129a67a222c6ac49f3055e41bb.jpg,trimeresurus purpureomaculatus,13,467,319
112129334_jpeg.rf.056d27d9267825dd1b859613d7561c4f.jpg,dendrelaphis pictus,6,391,297
180548472_jpeg.rf.9750e8b07b6ed99a82321791aad79456.jpg,bungarus caeruleus,2,143,350
147073951_jpg.rf.d9f847c9dc0d1aa3908e70325e3a37d9.jpg,amphiesma stolatum,1,458,219
22787454_jpeg.rf.68e8658204e48324517d6a596b12d349.jpg,ahaetulla prasina,0,255,261
249089384_jpeg.rf.9c5ff31ee63a30700e371eb0443a1f98.jpg,xenochrophis piscator,14,313,274
99171886_jpeg.rf.802d0f21ef8a264d0938845eba06d223.jpg,amphiesma stolatum,1,500,255
93233461_jpeg.rf.c9fb26c60406f8308f5602f88e0bf826.jpg,xenochrophis piscator,14,108,157
22400018_jpeg.rf.eca65b65dd3e93d7b47daeac284bda3c.jpg,chrysopelea ornata,4,186,456
84099608_jpeg.rf.3d3a23c0097eb2a6f32843395bf47262.jpg,ahaetulla prasina,0,437,171
96044791_jpg.rf.5983ca60e47829278fc1248ebe19a397.jpg,trimeresurus albolabris,12,184,278
231149151_jpeg.rf.366b66dfebdbd527faa9ff19069c6013.jpg,bungarus caeruleus,2,225,278
28391524_jpeg.rf.4f4c2094a9ff2f5fde2ebd8c798663a7.jpg,ptyas mucosa,11,201,257
32002390_jpeg.rf.3cc7e906a2f68b90908e7244bc6180d4.jpg,trimeresurus albolabris,12,409,301
156659092_jpg.rf.f867d7d4e672e5a409278001e3516590.jpg,ophiophagus hannah,8,108,333
244802876_jpeg.rf.2242161e2c4ac811e66af867d0d058a3.jpg,xenochrophis piscator,14,133,321
156659092_jpg.rf.4538c47714a3b56e6f31f5f48a8bf5a9.jpg,ophiophagus hannah,8,500,108
14554822_jpg.rf.a20fb560d90f3786796778e432b6a7a9.jpg,chrysopelea ornata,4,229,404
39029577_jpeg.rf.f5f843af4e1f38a6e46b6dbcf752ddcb.jpg,ptyas mucosa,11,221,277
71788737_jpg.rf.d33c0079eececd2dd26411d1f337c02e.jpg,bungarus caeruleus,2,500,201
24574021_jpeg.rf.0b1506f5c41e25da5189fe6c058e0d2f.jpg,dendrelaphis pictus,6,223,332
99008593_jpeg.rf.5b193e515f75dbb51c338ee71d90ce93.jpg,ptyas mucosa,11,448,202
65594719_jpg.rf.7d99515fa5adb9a152a177157a748065.jpg,ophiophagus hannah,8,288,333
65594774_jpeg.rf.6a5ec3c1084a3433ead6866adba43d81.jpg,ophiophagus hannah,8,81,333
88734834_jpg.rf.e62f68e5762487c8cb3fb87439e18421.jpg,bungarus caeruleus,2,492,282
AUG20345938546_jpg.rf.68b6620ae614dcf07aef0376790f86d2.jpg,bungarus caeruleus,2,375,261
86727925_jpg.rf.f62aa46ed7a088abf5d7cf4efe914078.jpg,daboia russelii,5,474,263
44189092_jpg.rf.ec3c7922c502368d5681e24ff89ba684.jpg,ahaetulla prasina,0,296,402
33477554_jpg.rf.efd1110412845dbf2bb44e33c335f289.jpg,chrysopelea ornata,4,445,153
248342370_jpeg.rf.505a5c3243d2c37ee2fb7d1a32759865.jpg,xenochrophis piscator,14,201,333
28751469_jpeg.rf.58681b7548c5f44152a2fd0b8c0cb464.jpg,ptyas mucosa,11,75,237
32004963_jpeg.rf.daf3d83df9c63b9c3bf6e6bec63f1fd8.jpg,trimeresurus albolabris,12,299,375
11391061_jpg.rf.e9a0342cd253e5404e5c1c721b7bb873.jpg,dendrelaphis pictus,6,296,124
27645332_jpg.rf.dee551ee21990be47a1be353eadb7359.jpg,daboia russelii,5,366,167
58266031_jpg.rf.2803dcb84f3d4d952357b4ed27e07fe7.jpg,dendrelaphis pictus,6,344,322
76055864_jpg.rf.c664b8145b3f7546a6ab7c6c8572a557.jpg,ptyas mucosa,11,133,169
19740312_jpeg.rf.966c0000fb033fe77dfdb7cfb19783f8.jpg,daboia russelii,5,290,170
125118019_jpg.rf.0aac617018624d5b98038e9fb1f8641b.jpg,trimeresurus purpureomaculatus,13,460,451
216116076_jpeg.rf.625bff3e500d260baa45e63300e80337.jpg,ptyas korros,10,293,261
26454783_jpeg.rf.e92291b207e759ae542d5f0faf3b0805.jpg,bungarus fasciatus,3,87,444
55747430_jpeg.rf.c0b06213aabbee37fd813a8b48a35464.jpg,ahaetulla prasina,0,176,162
170118397_jpeg.rf.bacb8d7c28435c53bdc2ffa786201280.jpg,ptyas korros,10,245,325
86505231_jpeg.rf.ef90504e0882d8e738232a688874cea8.jpg,dendrelaphis pictus,6,249,281
61933643_jpg.rf.1df37809e1fbb7bd68c49e1682066a1b.jpg,ptyas mucosa,11,364,375
28194969_jpeg.rf.f4142e4e8ec83da564cb8dadc75da9b1.jpg,ptyas mucosa,11,308,148
186365157_jpeg.rf.ccd4953d57c42dc5cf1b437b70dcfa95.jpg,ophiophagus hannah,8,477,315
71775212_jpeg.rf.2722e6a54f85ae4bb8c5c1d93168c49a.jpg,dendrelaphis pictus,6,500,348
AUG166398949_jpeg.rf.80203f42d1fbecc40df2ddef0a26af8d.jpg,daboia russelii,5,490,335
175721898_jpeg.rf.18940e2bb55c813fbbf599660b7142b1.jpg,ptyas korros,10,375,395
62314321_jpg.rf.34150fbb240320d4886ed7c3db323b91.jpg,ahaetulla prasina,0,407,273
254291264_jpeg.rf.4415609277938752c587dbf700ae08b3.jpg,trimeresurus purpureomaculatus,13,191,251
244802876_jpeg.rf.52dae345a95708283aa2103d3c9688df.jpg,xenochrophis piscator,14,133,321
163105282_jpeg.rf.b7332a673ed534851953a932020a91aa.jpg,psammodynastes pulverulentus,9,420,308
61933665_jpg.rf.2e873bba073780a6ec11475c6ceac4c7.jpg,ptyas mucosa,11,463,427
65705467_jpeg.rf.e42f2385c3c302611351fb3cd2ba3c4c.jpg,ophiophagus hannah,8,422,153
88850258_jpeg.rf.50ced93fc7c14d1ce8b1e3b853e78bdc.jpg,amphiesma stolatum,1,306,235
75753102_jpeg.rf.63699644614102741ed14c32cf4f0901.jpg,ahaetulla prasina,0,245,375
31374793_jpeg.rf.4ed8587cef92d326e9eaf1432aab50c2.jpg,dendrelaphis pictus,6,303,205
55457928_jpg.rf.904287693785a7c791a90f5078772289.jpg,trimeresurus albolabris,12,325,322
34864366_jpeg.rf.0ad684be79f5cbef97f96283fc8dd630.jpg,naja naja,7,339,211
38830437_jpeg.rf.a28a396714d96d5798eb37b5e4172b89.jpg,daboia russelii,5,421,375
44080755_jpg.rf.ff179a262d1edb256ef739b82368c2bf.jpg,ahaetulla prasina,0,352,230
60423180_jpeg.rf.27efd0ac71b8ba949f3d5ba11f5857cf.jpg,ahaetulla prasina,0,355,98
161449844_jpg.rf.04497e35e83caee2941e5befd8c8d10f.jpg,bungarus caeruleus,2,209,422
61933258_jpg.rf.98754d8d0acc58c9a58105b627226eb7.jpg,ptyas mucosa,11,500,329
575475_JPG.rf.34301e8a17559e360168ebb290f5188d.jpg,bungarus caeruleus,2,362,247
71788763_jpeg.rf.ef6c9ce383e3bd197b32f7871653cd59.jpg,bungarus caeruleus,2,270,491
211661799_jpeg.rf.1e609717cc30a046f0b1d8f30df0b36c.jpg,ptyas korros,10,400,344
AUG8672799988_jpg.rf.1c19de125278183c4341a0443f6dce0d.jpg,daboia russelii,5,391,337
109582198_jpeg.rf.c90d122461b7a2e79191362271ba6e05.jpg,dendrelaphis pictus,6,117,279
81790795_jpg.rf.8ecd24766d1c31439d4908fa7fa493ae.jpg,trimeresurus albolabris,12,500,500
216443876_jpeg.rf.ce52f216f5e6fe7b37a765aae1abf7f7.jpg,psammodynastes pulverulentus,9,438,257
216123111_jpeg.rf.5caa0b794291237cf9ed0ed8173a8ed9.jpg,psammodynastes pulverulentus,9,375,185
81008965_jpeg.rf.62fb8042a50dd9845161f490982e96c5.jpg,bungarus caeruleus,2,270,394
85104258_jpeg.rf.50384a4765710e726abf2d92444ea1a4.jpg,bungarus caeruleus,2,134,500
186364168_jpg.rf.33bc69701e34ff85a768f749b1e79c29.jpg,psammodynastes pulverulentus,9,196,334
83977004_jpg.rf.3c9154c8393e60d8272281cebae94c1e.jpg,bungarus fasciatus,3,88,231
83180561_jpeg.rf.6d3e34ef139330b2239b6eaea93cd4e7.jpg,ahaetulla prasina,0,119,87
209579294_jpg.rf.bc97d7f976bb33ecdc1f7f1593dc2955.jpg,psammodynastes pulverulentus,9,375,110
AUG212625418_jpeg.rf.0b287a37a2b4ac577e3b93be177f498e.jpg,daboia russelii,5,74,232
200738637_jpeg.rf.70b29491a3f0add1b245571472709ba3.jpg,trimeresurus purpureomaculatus,13,391,375
62460363_jpeg.rf.faa758f6cf5f1b2e0e4e35611e9e2584.jpg,bungarus fasciatus,3,340,218
90901395_jpg.rf.9769b120a2d58888d5dc6e17a3a6cec1.jpg,naja naja,7,368,254
26599017_jpeg.rf.1f19034be5959bdddbdd127f836ce80d.jpg,bungarus fasciatus,3,500,264
208923739_jpg.rf.fa6c3840d7e0c2ed1b68f4a8cad71cbc.jpg,ophiophagus hannah,8,302,341
171394208_jpeg.rf.a8194ef973d8702d41cf0d951423a898.jpg,naja naja,7,266,423
207902459_jpg.rf.b9b1e5613ec2103c35f3c8d8b9dc7351.jpg,ptyas korros,10,325,290
123562752_jpeg.rf.0ed49e7ce256144f23f83c0dac9ebcfb.jpg,ophiophagus hannah,8,205,500
74954221_jpg.rf.2db52ffcabc46d64848f839d16b39b28.jpg,chrysopelea ornata,4,213,281
122518070_jpeg.rf.3c0c3f59a17634613a8ee092a20c2f6a.jpg,naja naja,7,349,453
66628853_jpg.rf.af5684691cef992537fdd1d30d5bec04.jpg,amphiesma stolatum,1,237,488
163105282_jpeg.rf.2aa8d2e84a5ebfacaeed9849d801dcd7.jpg,psammodynastes pulverulentus,9,420,308
33737616_jpeg.rf.146b535017a45dfaebf151ca3bd38aa2.jpg,dendrelaphis pictus,6,309,375
163578331_jpg.rf.e5ca43f827f93399396f6dbefc15b010.jpg,psammodynastes pulverulentus,9,497,455
24045815_jpeg.rf.74a8b21a5de7a428f02e24fbaebd6b31.jpg,bungarus fasciatus,3,500,240
24970702_jpg.rf.c5e8c06b742d0001f79ab78c1619c9bb.jpg,ahaetulla prasina,0,420,301
166256400_jpeg.rf.8ac4f7b405e86f8c918994e9893a01ca.jpg,amphiesma stolatum,1,377,246
186624960_jpeg.rf.bd967f64d78dd09ac2eec7e695c3c28f.jpg,amphiesma stolatum,1,272,376
24519761_jpg.rf.eec0ba78fe2bf40c0b1cebdd6e654860.jpg,trimeresurus albolabris,12,106,159
33404989_jpg.rf.0a2562a96c895b4ef7ac344fb2be99af.jpg,ptyas mucosa,11,497,113
18807165_jpg.rf.e7a529f475895775f862b53fe1a76885.jpg,ptyas mucosa,11,500,318
243458031_jpeg.rf.472217ae002a7ad268ec10a93fc083ec.jpg,daboia russelii,5,447,191
120784888_jpg.rf.d8924d448a93594876359e5bf0eccf86.jpg,bungarus fasciatus,3,500,333
208489613_jpg.rf.b868e962fd5fe55cb134bd10fbf74ec0.jpg,daboia russelii,5,500,358
104934244_jpeg.rf.fd56f760e94a74f77025b67a1e69fb59.jpg,trimeresurus albolabris,12,472,332
28201583_jpeg.rf.d2abeb2e1dbf8687b6f43d0efa62bd08.jpg,naja naja,7,500,375
169465348_jpeg.rf.80d28e0e06f226c0134ca8cb6310b1f0.jpg,naja naja,7,408,292
54206319_jpeg.rf.068d5f0e5d583e04a5eaf5429c524d04.jpg,daboia russelii,5,282,148
2503802_jpg.rf.52f4009198b79055d3651706fdf6b3d3.jpg,amphiesma stolatum,1,500,333
190272585_jpeg.rf.64664b1bf215c7c264c97b2a6cf187cf.jpg,ophiophagus hannah,8,109,321
126959007_jpeg.rf.bce9cd3576eff3db98ac1ab3cfd3cc6a.jpg,bungarus fasciatus,3,210,333
97852394_jpeg.rf.18d13bf0477cf1c439ce63202936af0a.jpg,ophiophagus hannah,8,375,492
200923856_jpeg.rf.03c49e15d0e672e9452240985ce713ca.jpg,ptyas korros,10,273,500
98757071_jpeg.rf.dce1f239d5f8bbaddbd45f534753584d.jpg,ophiophagus hannah,8,489,264
81757346_jpg.rf.d465fed4d4f0ae8c8d65af9268f81156.jpg,trimeresurus albolabris,12,366,320
216116076_jpeg.rf.390ade66275207b2d3c31c16fa320526.jpg,ptyas korros,10,231,365
219660494_jpg.rf.647655b4539c4234aac1be8e619cdeff.jpg,psammodynastes pulverulentus,9,108,250
20757643_jpg.rf.b32b1551263dc0b04697f3c3b1076db2.jpg,amphiesma stolatum,1,217,407
37688081_jpg.rf.b37af83e7a045ff4fb42aad624512574.jpg,trimeresurus albolabris,12,399,209
176460947_jpg.rf.8df94f342ff32e34de5b43f9a0e698e8.jpg,psammodynastes pulverulentus,9,244,500
AUG21906637542_jpg.rf.99d3a74db92052cd5307d1d2caed9eb8.jpg,daboia russelii,5,197,132
AUG34951302_jpeg.rf.c0459c884f26d47bba812451f7b50f10.jpg,naja naja,7,296,184
81124273_jpg.rf.cfd0944037b9e0bcb1ddf144348b58bf.jpg,bungarus fasciatus,3,346,210
254291264_jpeg.rf.32f28893e77883aa9fd4897737e114cb.jpg,trimeresurus purpureomaculatus,13,322,191
62480797_jpeg.rf.a64ce20100395c8997678816ea581dcd.jpg,bungarus fasciatus,3,143,217
91194563_jpeg.rf.077a30c404b30ea01664d4331b25dd7d.jpg,dendrelaphis pictus,6,332,217
105038224_jpeg.rf.259839255870d69d7598fb6efc906c27.jpg,bungarus fasciatus,3,478,162
84100562_jpeg.rf.57bba154cdffa48ca93f4231cb62c204.jpg,ahaetulla prasina,0,219,375
88850258_jpeg.rf.dfd4d34c2cb809cabb72c4507f91fe6e.jpg,amphiesma stolatum,1,235,307
57446243_jpeg.rf.4e24ef24d1e018ae4b1b4eb67003ad9e.jpg,dendrelaphis pictus,6,350,203
151801396_jpeg.rf.b5063c211bbcf76b744ba946c1b8a49a.jpg,naja naja,7,342,214
51119887_jpg.rf.11a4e023d116cf489a6b5f6e2efb11f2.jpg,chrysopelea ornata,4,367,342
AUG180548494_jpeg.rf.46cef0f9ae76bf81507709c5aa511706.jpg,bungarus caeruleus,2,459,166
AUG160489104_jpeg.rf.111c63642fa7dd29a82e35b5ae74ef27.jpg,bungarus caeruleus,2,417,334
250269178_jpg.rf.48071b7069aa03c8fa3841b797a35fe4.jpg,xenochrophis piscator,14,400,313
67421384_jpg.rf.7213cb91e7f57de5efd390b6fcc3e987.jpg,ptyas mucosa,11,375,152
120597141_jpg.rf.04cebb1406c699697e3cc180150d6f99.jpg,ptyas korros,10,231,384
7983806_jpg.rf.45dc36cc31712c52d20f8c367d91728d.jpg,trimeresurus purpureomaculatus,13,487,236
135079902_jpeg.rf.ebfcead5ca27bd3a4dee01638a47cc8c.jpg,ophiophagus hannah,8,281,252
62314321_jpg.rf.cc4dfa6eb081272b0d1888b4127f92d2.jpg,ahaetulla prasina,0,407,273
152147021_jpeg.rf.36d8a389dfbf8ffd3fbdb4499e00d773.jpg,amphiesma stolatum,1,500,331
42646685_jpg.rf.8061fa5de3255ff054bc00f3663b484d.jpg,chrysopelea ornata,4,500,131
AUG21918936244_jpg.rf.ce9a3a4f7e1e27063be4b54a2f7be25d.jpg,daboia russelii,5,115,114
6804591_jpeg.rf.1cc9f8d7e54cd47ebf2ed86288bc0b05.jpg,bungarus fasciatus,3,500,375
244293460_jpeg.rf.e287c428bcea5e1943ff5d0b9af8d36d.jpg,naja naja,7,220,385
170292222_jpeg.rf.e6ae5be66ce75903ede4feddbc638a0e.jpg,trimeresurus purpureomaculatus,13,350,228
162027170_jpeg.rf.4d2236e91e8978bea6205d29c9c56165.jpg,bungarus caeruleus,2,144,375
11391061_jpg.rf.c068e014dd77f1dc774282a480c8514c.jpg,dendrelaphis pictus,6,296,124
11522543_jpg.rf.1fc063082e6ab8107b549ecb6ceb62ec.jpg,chrysopelea ornata,4,293,347
107640003_jpg.rf.27b92dd3f2f71eeeaa7d82d805146ad3.jpg,amphiesma stolatum,1,226,375
101837833_jpeg.rf.8e2c8c4f03218b928eeb2f45a197a121.jpg,chrysopelea ornata,4,293,61
41909982_jpg.rf.f78c7312b4a4e029b0e4ee2efde41aaa.jpg,bungarus fasciatus,3,356,313
107253497_jpeg.rf.079deb3f350b40131420da627183972a.jpg,naja naja,7,221,500
142271476_jpeg.rf.2418992f709e2ed644960f1959dc8fd3.jpg,ophiophagus hannah,8,360,277
107481105_jpg.rf.9ff334822ca79eaea66728cd09727e9b.jpg,bungarus fasciatus,3,193,264
144584679_jpeg.rf.4f09bb1f3b15f190d275aeae4c3c2ce9.jpg,xenochrophis piscator,14,168,126
106547216_jpeg.rf.097c21bd05bff8a234b2fbe1c8545eb7.jpg,chrysopelea ornata,4,278,351
146382357_jpeg.rf.c07340f2a46a9763b523098d716201e5.jpg,psammodynastes pulverulentus,9,500,364
144061754_jpg.rf.1153154f2e96d48a0c063daedd8d07ea.jpg,naja naja,7,287,272
208489613_jpg.rf.d647c2785469baada00c6674875d4d30.jpg,daboia russelii,5,461,358
112129018_jpeg.rf.81af16b6333efab646f0b89d43389a0e.jpg,chrysopelea ornata,4,490,374
16993253_jpg.rf.81e98217c55d168c77a2ec4d37f16f91.jpg,amphiesma stolatum,1,330,139
24747601_jpg.rf.31927617623ec8888920303115646d5a.jpg,ptyas mucosa,11,176,152
107260069_jpg.rf.4690793b6c5c62396ce84539d39c1971.jpg,chrysopelea ornata,4,351,333
104813108_jpeg.rf.c74025dfb8d4c4a974602b80c60f0cf7.jpg,ptyas korros,10,500,361
139697025_jpg.rf.3d90dda1a09cf3d606fb05fe0417c19d.jpg,psammodynastes pulverulentus,9,376,333
147073951_jpg.rf.d740af80e71b82daafc7d665023b9e95.jpg,amphiesma stolatum,1,458,219
180548472_jpeg.rf.7693d36e7504fc69768a25b75cda37ab.jpg,bungarus caeruleus,2,143,349
219189362_jpg.rf.8f6f40cf9d4cb207fd9a07ba7d0c08b2.jpg,daboia russelii,5,105,122
AUG141594452_jpeg.rf.988f9d83806c4f531d30086b8291a885.jpg,bungarus caeruleus,2,176,136
110935534_jpg.rf.d424ad572129c3b60cfcb7f1d346b56e.jpg,chrysopelea ornata,4,284,464
112130004_jpeg.rf.8ed722884ba708ad345f3aa606114bad.jpg,dendrelaphis pictus,6,427,374
208489613_jpg.rf.c2ac7d443e0ab914f292ce5925e150a9.jpg,daboia russelii,5,500,358
110829487_jpeg.rf.569792bf9691cba5ef0a81c368cd6a3b.jpg,dendrelaphis pictus,6,375,402
95677234_jpeg.rf.3948c626be7a97b391ad1b5fc3a04a78.jpg,trimeresurus albolabris,12,162,171
175721883_jpeg.rf.fd59fcaf6f9d5297f456ee6a14f2f312.jpg,ptyas korros,10,171,435
90725608_jpeg.rf.a65d5f73191dbd1fc6c402521f56886a.jpg,naja naja,7,281,344
59728695_jpg.rf.1bbfc58d1a6a1f27517941c9ed3438f8.jpg,ahaetulla prasina,0,227,500
138963220_jpg.rf.56ed00ac5dfb721d6f0f1625f13f3b90.jpg,psammodynastes pulverulentus,9,194,316
235751315_jpeg.rf.d8d94f8d5c9a7cb22d587d4d63f1c613.jpg,trimeresurus purpureomaculatus,13,211,162
88329934_jpeg.rf.ea8e92b5a0507af0b628a1caef858165.jpg,ptyas mucosa,11,65,257
112129994_jpeg.rf.7149c284d15d08a8891bd778579adbcf.jpg,dendrelaphis pictus,6,481,320
144584679_jpeg.rf.fc009bf6fe3491d7e6753b0cb60b35b8.jpg,xenochrophis piscator,14,126,168
142271466_jpeg.rf.e5317bf06bd9e50602b424fb8b479ddd.jpg,ophiophagus hannah,8,500,334
60117115_jpg.rf.423435a8312ec63ffdc04c78a8bd4313.jpg,ptyas mucosa,11,210,278
133718830_jpeg.rf.3f7e829039469900607854d0bd635cf5.jpg,ophiophagus hannah,8,106,448
242454582_jpeg.rf.11d194eb0bb613948463c927e00d76ad.jpg,xenochrophis piscator,14,193,150
AUG88033851_jpeg.rf.69e2a966860d070f0c18eaefaf438642.jpg,naja naja,7,200,281
65589168_jpg.rf.ba69d28786016fd449e1371ec060d2f9.jpg,ptyas mucosa,11,252,475
137842115_jpeg.rf.fc348dcf99dcf541117b4d83b29a4882.jpg,trimeresurus purpureomaculatus,13,438,210
52327528_jpeg.rf.85dddea78b8d7fedbbada1b025162a90.jpg,bungarus fasciatus,3,500,334
238155089_jpeg.rf.79ecde4b82d7cdda27e2fb35cb46b5a3.jpg,xenochrophis piscator,14,297,500
6227572_jpg.rf.6b9b5a373d532a7cb170b7e6ec825aa3.jpg,bungarus fasciatus,3,500,266
83180576_jpeg.rf.f53fe57388f12bd3c9dc92f5f7ad691a.jpg,ahaetulla prasina,0,428,150
172017832_jpeg.rf.480642d680ca90f3eb9fe6c8cc125dad.jpg,psammodynastes pulverulentus,9,238,255
112130029_jpeg.rf.a86c9df014d4d9c356ae7e1184269d5e.jpg,dendrelaphis pictus,6,348,234
71834037_jpg.rf.603a6f3afa4c32200c0b6a8b2845d43f.jpg,trimeresurus albolabris,12,179,75
99964103_jpg.rf.86baa3f2b025d9624da63de9eba9f361.jpg,daboia russelii,5,124,184
50323823_jpeg.rf.76b6cb8854e3f681c5b6d6f6328fac84.jpg,naja naja,7,238,500
248976268_jpg.rf.4999fa673c37154c72eaa6ce4133de1a.jpg,xenochrophis piscator,14,496,324
AUG180548472_jpeg.rf.7d48e959a8d948b268634cbb84fc9fa0.jpg,bungarus caeruleus,2,426,174
204628008_jpg.rf.175e37bce720c3cc82134036a4ae2604.jpg,ptyas korros,10,435,136
32004094_jpeg.rf.0cc28fc7ab7acb8c38e8c1a8522f427a.jpg,bungarus fasciatus,3,469,247
85952087_jpg.rf.0b6256e1c18ce9620af08abe748fcf62.jpg,dendrelaphis pictus,6,450,135
230633255_jpeg.rf.95e5e9810cd1a29a5f9b17dacb7472ee.jpg,naja naja,7,375,399
81759064_jpg.rf.5af51720a7a0e1dced2a5313dbbe63b2.jpg,trimeresurus albolabris,12,410,356
162022989_jpeg.rf.b2de7434ddb0b8ff48ebe21414ef133c.jpg,xenochrophis piscator,14,366,227
58971205_jpeg.rf.bebf4c703373fa68dfe1ae730ef3d841.jpg,ahaetulla prasina,0,177,261
205712562_jpg.rf.6788595cc930d85959033ad9112a536f.jpg,ptyas korros,10,500,375
126962106_jpg.rf.d64bcdb44cbc61fe699888c6358eb185.jpg,trimeresurus albolabris,12,445,220
81009480_jpeg.rf.06cae45d75c2a48b35652775fbb2a9cb.jpg,bungarus caeruleus,2,416,313
78664470_jpg.rf.4c7b46d254bbd2d0d6758b68f325586d.jpg,amphiesma stolatum,1,318,375
72278677_jpeg.rf.33a80252f28f2e0faf0a2786d2cc4730.jpg,ahaetulla prasina,0,378,309
154534224_jpeg.rf.1253c2fe9f149e8668143636f25de5b7.jpg,naja naja,7,361,473
253341846_jpg.rf.ad03f7829daeaa22a0fe17a377688b2b.jpg,daboia russelii,5,486,375
158630740_jpeg.rf.c9d2c6bb760c5c87ffd0088cb1aefd01.jpg,psammodynastes pulverulentus,9,145,372
1389560_JPG.rf.96c9b0f2db6e17b4736da859e3927afd.jpg,ahaetulla prasina,0,335,317
204688254_jpeg.rf.ed84ee77f04d0f2d175bd170a583f38b.jpg,ptyas korros,10,281,500
60117113_jpg.rf.41f540fb8c057dec10766bb44110644b.jpg,ptyas mucosa,11,338,277
172017832_jpeg.rf.136cb9e07cfc5cd5e20226d884b61140.jpg,psammodynastes pulverulentus,9,238,255
95568180_jpeg.rf.7bfd9c58e7eb03d28a138c008f239b8d.jpg,bungarus caeruleus,2,153,284
59385364_jpeg.rf.c0a36949cf16e917560e64cd98509dec.jpg,dendrelaphis pictus,6,179,375
6804592_jpeg.rf.3309e09d07d4211712cb035738bfcab3.jpg,bungarus fasciatus,3,481,375
213217560_jpg.rf.a30d7f182950e6edd911fb76c480be39.jpg,psammodynastes pulverulentus,9,375,253
217391213_jpg.rf.6efe45a9be416c567c4f2f7890e59152.jpg,psammodynastes pulverulentus,9,264,259
1389560_JPG.rf.f88abf1a154fd20d605590b2cc2e458e.jpg,ahaetulla prasina,0,335,317
7983806_jpg.rf.05a5b07c361abc7c9cc034dbea18a98e.jpg,trimeresurus purpureomaculatus,13,236,333
244802899_jpeg.rf.3d481959135bf96b164907b2d8aa0579.jpg,xenochrophis piscator,14,72,323
85432748_jpeg.rf.c3f4e1143dd9a4d36774ddb6c1a671d7.jpg,amphiesma stolatum,1,426,375
AUG21906637542_jpg.rf.7135010fe42a9f2b2750bc165be9a986.jpg,daboia russelii,5,200,132
16762055_jpg.rf.5bc7762f3eecb0d4475e748ee888f14f.jpg,ptyas mucosa,11,122,281
248976264_jpg.rf.dba406563fef0f4dbbc64e2021fcf522.jpg,xenochrophis piscator,14,364,274
85421143_jpg.rf.d6c0b2d0de8155a5ad32f25bdcc96c1c.jpg,bungarus fasciatus,3,412,500
71050003_jpeg.rf.d781c9bc5e893a978823027663f0e5b5.jpg,trimeresurus albolabris,12,375,357
212365769_jpeg.rf.6a6c98f69fe9753da4c1072f121170e5.jpg,ophiophagus hannah,8,208,305
114618342_jpeg.rf.7dae55e6ef9700f9b2c571360ccadb7e.jpg,amphiesma stolatum,1,332,334
209756428_jpeg.rf.10e31d87f41ad8a70a138ab10f276088.jpg,ptyas korros,10,282,423
59145400_jpeg.rf.f909c002b9830b4b1ecf08d913e46a29.jpg,trimeresurus albolabris,12,273,249
65705545_jpeg.rf.5bb0912f37bf77c735c1f6d38be770e1.jpg,ophiophagus hannah,8,348,327
35677457_jpeg.rf.68472895c619ab0686edeed43f20e47c.jpg,chrysopelea ornata,4,270,375
69919193_jpeg.rf.39263cd0b19ce57034278dd386613ab6.jpg,ptyas korros,10,177,279
243079014_jpg.rf.23b651f7ce6a87c16a8fe5b1a9ba1555.jpg,xenochrophis piscator,14,191,358
74950190_jpg.rf.758a4a631c4aa362b95e424773567f74.jpg,bungarus fasciatus,3,344,333
AUG78443857_jpeg.rf.6f0c1cb10b432fb0230f57890c359ff7.jpg,naja naja,7,351,300
AUG3402929964_jpg.rf.6d13d4fa658db4793f9774a36d6bb5cf.jpg,daboia russelii,5,335,245
73038038_jpeg.rf.ab69987f0ce1ffb21adc1f07051e5757.jpg,amphiesma stolatum,1,367,353
AUG2764533262_jpg.rf.cc864541362d12f5d7362fc6195346ec.jpg,daboia russelii,5,313,158
12696297_jpeg.rf.b8124c3a0be92555af958ccd7f9dd7df.jpg,ptyas mucosa,11,292,286
81951349_jpg.rf.b44eb695be956f6450af3de4ef4c4445.jpg,ptyas mucosa,11,158,374
185792498_jpeg.rf.5ec96cbc67feec4e8f57a8c378090db1.jpg,trimeresurus purpureomaculatus,13,373,334
169599249_jpeg.rf.108edc5b77bf6ba904ee5d6e06b50882.jpg,ptyas korros,10,500,235
121968697_jpeg.rf.9dae83c4f7b40a80ee4d3f770e63bd53.jpg,amphiesma stolatum,1,169,500
79766907_jpeg.rf.cb426e68d43abdf6a6c5dbc89025cb5b.jpg,ahaetulla prasina,0,330,500
160489104_jpeg.rf.8452e2a377f822dae619c0b8b7439ffa.jpg,bungarus caeruleus,2,390,334
73045957_jpg.rf.465564b1cc7332d2c67cb0ce78929a91.jpg,chrysopelea ornata,4,345,166
92982867_jpeg.rf.13fb916de31b0e5b1bccadbdbd2b9ae2.jpg,ophiophagus hannah,8,359,375
67550708_jpg.rf.ce90930aaf0a31afe1c8d38fac7c9df4.jpg,dendrelaphis pictus,6,457,166
75766248_jpeg.rf.8fa28190bb55c15c4f38cb5a98bf0392.jpg,ophiophagus hannah,8,334,366
162234579_jpeg.rf.075671b82bd3156d841669cf1b2a290a.jpg,psammodynastes pulverulentus,9,500,242
92220478_jpg.rf.eab2068e95e83638adfe96bf944b3800.jpg,trimeresurus albolabris,12,167,358
55747435_jpeg.rf.7269ab2278d39715e20e242bd8a1baec.jpg,ahaetulla prasina,0,122,116
AUG160462716_jpeg.rf.43e0614d7f7aaf589faa2ab3f709514c.jpg,naja naja,7,499,399
7668073_jpg.rf.fc95788258628a5431ea7dfb480fab75.jpg,dendrelaphis pictus,6,211,333
133325084_jpeg.rf.c731b17863b07bbb9347718ebd149823.jpg,psammodynastes pulverulentus,9,157,174
204688156_jpeg.rf.0d7dbab7757ffceec6d02e113faca4a7.jpg,ptyas korros,10,262,281
248342002_jpeg.rf.3cb26d73968009cb4b3d44b931a2fd5e.jpg,xenochrophis piscator,14,441,202
250193119_jpeg.rf.4f76586e4e0375b6f74323fd1046e8a6.jpg,trimeresurus purpureomaculatus,13,500,384
200923829_jpeg.rf.ebf5b9e9978752621235f4bac15e8b56.jpg,ptyas korros,10,375,340
73045953_jpg.rf.5f4787ef32aaccf42edf74682a3efb51.jpg,chrysopelea ornata,4,315,201
86909921_jpg.rf.e7d6d155b5ec8ebd97ea051a75b288f6.jpg,chrysopelea ornata,4,440,192
78664458_jpg.rf.a05b107ccb4c411acff25d9cf0212b28.jpg,amphiesma stolatum,1,363,84
71471634_jpg.rf.43f9c52582c277afa4fed3de4abbcd1f.jpg,chrysopelea ornata,4,227,165
244802921_jpeg.rf.b0cad5f2630cd6a553860657b73d5ed2.jpg,xenochrophis piscator,14,488,130
194241837_jpeg.rf.bae4a3e18c6d25f85bdb51587c035f88.jpg,ophiophagus hannah,8,307,179
239817592_jpg.rf.6f4685e78f9c66362cd3fbc521c2877c.jpg,trimeresurus purpureomaculatus,13,287,369
61366950_jpeg.rf.a75316da041fd1d363d79b0866c2039a.jpg,ptyas korros,10,375,500
219065627_jpg.rf.4c8c5f0930027964d6c03defdc0d040f.jpg,daboia russelii,5,201,192
32002457_jpeg.rf.66bbfa306d10188111446c4be0d5f648.jpg,trimeresurus albolabris,12,325,350
188502351_jpg.rf.7229f5e357f88e3a75dd1e639120701b.jpg,xenochrophis piscator,14,500,174
160462325_jpeg.rf.e25176c4825acc100ffb6ce461ed05e3.jpg,naja naja,7,256,322
118084289_jpeg.rf.91c07df8cdc06ccbc17e01d64410f65f.jpg,xenochrophis piscator,14,435,333
125907670_jpg.rf.039b7c0c7dde8c2855bf61603212dbc2.jpg,trimeresurus albolabris,12,261,342
149893424_jpeg.rf.81bfa5d20cdd6632c7adff5c8b44c841.jpg,ptyas korros,10,265,500
112129334_jpeg.rf.bd326ece0dde7810df27d7fd6579a3f3.jpg,dendrelaphis pictus,6,391,297
24574021_jpeg.rf.ce10601bd0753d9034ae2e1b9268b6b5.jpg,dendrelaphis pictus,6,281,247
54206307_jpeg.rf.64e0fdef9e188ec1de19173463dee2f5.jpg,daboia russelii,5,399,193
107260148_jpg.rf.d3692ad08f1eb05e5f17123152a1833b.jpg,chrysopelea ornata,4,375,296
155072948_jpeg.rf.697fafa1ff8b6d81ac71196123a38e26.jpg,xenochrophis piscator,14,264,162
105403381_jpg.rf.9259ca49f375abc6d852856f45fbb794.jpg,ptyas mucosa,11,281,393
113535430_jpeg.rf.f84e37d84f75f357c6031fcbb8619537.jpg,dendrelaphis pictus,6,500,158
162234579_jpeg.rf.6859f41bec69071acebb6ee956d32222.jpg,psammodynastes pulverulentus,9,500,242
169599279_jpeg.rf.a9a4d07358abfe38e94d3492b9f4e6c4.jpg,ptyas korros,10,500,437
22787454_jpeg.rf.31dedb7ab924f00956268bfec2817da3.jpg,ahaetulla prasina,0,274,226
28363758_jpg.rf.d15ddff213bb63c8fc63be893a4f9499.jpg,bungarus fasciatus,3,484,108
177531918_jpeg.rf.3af85dabc31348d840ebdf03797b1e56.jpg,trimeresurus purpureomaculatus,13,333,384
203755054_jpeg.rf.e1b8560c5e07d02e70b831636fe41e37.jpg,daboia russelii,5,214,326
150612372_jpeg.rf.5d395f80afd089ad0509e35854f6ad38.jpg,xenochrophis piscator,14,414,166
16177146_jpg.rf.493d1e46ef56e08cba5481cf93929b8b.jpg,chrysopelea ornata,4,375,415
1866362_jpg.rf.eaf51caab7d49da51b8213da3ec0a5a3.jpg,amphiesma stolatum,1,265,247
107640095_jpg.rf.d201d98882b93734852fc5463aabf517.jpg,bungarus fasciatus,3,476,323
13407315_jpeg.rf.6d44dcafb99dc4fefda21f06b65227ad.jpg,bungarus fasciatus,3,500,211
170712914_jpg.rf.96cdb2e3e567ef828d76d867ee762fef.jpg,ophiophagus hannah,8,479,132
AUG78876203_jpeg.rf.3c4469fac34bf2bbbddcf566bc601971.jpg,bungarus caeruleus,2,500,158
78664217_jpg.rf.661c3ed40b403d19ae5d90dbf44296f0.jpg,amphiesma stolatum,1,387,126
88214630_jpeg.rf.e55b23d50626e1f57cfa7d3130e33168.jpg,chrysopelea ornata,4,442,264
200255044_jpg.rf.2c79b2b7b370b668ec3e74a2390b79cf.jpg,trimeresurus purpureomaculatus,13,375,415
AUG105049439_jpeg.rf.9dfb5085bd7e5274c5f39e4240eba976.jpg,daboia russelii,5,399,279
56523982_jpg.rf.3674e654ecb52bcfc8e9075d052359bf.jpg,trimeresurus albolabris,12,292,500
91394864_jpg.rf.b453ea16c400a95c5ea498c41af0ec43.jpg,naja naja,7,500,375
72475490_jpg.rf.4c7eb2a1c9e616fcd386e24fd7fb9fd7.jpg,xenochrophis piscator,14,361,179
45980738_jpg.rf.fd59d402a24301cbcc98d6c6bc6b29c0.jpg,trimeresurus albolabris,12,452,355
99194256_jpeg.rf.f5abfdce950a82cdb2c32917dbdd7266.jpg,amphiesma stolatum,1,350,175
90585346_jpg.rf.fc229dfbd98f86cb1cdfa90de4e2d1c9.jpg,trimeresurus albolabris,12,361,98
55891663_jpg.rf.3912eb13098a5dc86d41a096bccf584f.jpg,trimeresurus albolabris,12,343,200
98372370_jpeg.rf.931153d8b2e88cf55cc00ddca034d6db.jpg,ptyas mucosa,11,500,307
200738637_jpeg.rf.a7f338d16b926e55e0f330cd8d306e8c.jpg,trimeresurus purpureomaculatus,13,500,346
45821413_jpeg.rf.869698a778383377314d62de8ff57851.jpg,amphiesma stolatum,1,418,333
AUG101572887_jpeg.rf.d26a326541411d522a50253fdd6bf18c.jpg,bungarus caeruleus,2,236,202
AUG8815618997_jpg.rf.fbf443ddcf0d135a5dcbe3a07dadcde7.jpg,daboia russelii,5,191,488
64574593_jpg.rf.ce9d3487f9cd842646a678c3e429a108.jpg,bungarus fasciatus,3,500,144
AUG8672794986_jpg.rf.41e755080dfc9598dce3da0d731ae967.jpg,daboia russelii,5,500,359
59275386_jpg.rf.45fbc3533b672fabd23f092557f53940.jpg,ptyas mucosa,11,145,443
77192836_jpeg.rf.82639b66a6f5f3d2acf2b8453a3af95a.jpg,ptyas mucosa,11,470,87
90063120_jpeg.rf.867220ad572e55bc75ee559ed65a06ac.jpg,ptyas korros,10,200,320
57394296_jpeg.rf.ae8dfd866a32ed935446868725174fea.jpg,ahaetulla prasina,0,133,90
109582184_jpeg.rf.440c2700a4e221455edc3eb09503c17f.jpg,dendrelaphis pictus,6,335,162
AUG110506117_jpeg.rf.ed9541cde14cb9fc5ebf3e99ec85efaa.jpg,bungarus caeruleus,2,385,160
AUG160489068_jpeg.rf.c853284e9f8ce11c5fb4823f3bc62f08.jpg,bungarus caeruleus,2,264,500
128782123_jpeg.rf.ab2ce10056406e38b1b197789e913203.jpg,ophiophagus hannah,8,118,374
97059162_jpg.rf.45461ad6d9d85f20fe1d380d166beda5.jpg,trimeresurus albolabris,12,500,450
245297588_jpeg.rf.7b0beba78f40a1bb4bbb45039816639d.jpg,xenochrophis piscator,14,175,500
106785588_jpg.rf.7152c0bf13e5725d92155b5108544b8e.jpg,xenochrophis piscator,14,234,315
65705525_jpeg.rf.d87ecee6f30d95cb3c186e9aa2f02e04.jpg,ophiophagus hannah,8,362,283
57376201_jpeg.rf.a31e5dc4d8ffea92e0ca55cf6a99527b.jpg,trimeresurus albolabris,12,153,274
AUG167123398_jpeg.rf.445cbb6e01d806abf659a0262f97d64e.jpg,naja naja,7,261,187
243071945_jpg.rf.ddb5d3b49c481f3ceb693cc903df9871.jpg,xenochrophis piscator,14,364,73
AUG105386247_jpeg.rf.c02fc2ac49c1edac839cf0e3a3b94236.jpg,daboia russelii,5,500,257
167718105_jpeg.rf.c02916ad9e946ea5406cbf295cba031c.jpg,psammodynastes pulverulentus,9,439,280
70173251_jpg.rf.03c092682784285868cbd1b41716ab69.jpg,trimeresurus albolabris,12,253,308
173386505_jpg.rf.cc514312357b9739de6e6584ebd8ead6.jpg,ophiophagus hannah,8,500,87
92125538_jpg.rf.7c73ae7e3ae9f355d0fa7e15d5ef350d.jpg,naja naja,7,266,256
AUG243458031_jpeg.rf.1fb3be2d74ed1ad5fc60ff24316d0e20.jpg,daboia russelii,5,470,208
51601000_jpg.rf.d4e3f31305d134b5f11c4bd7ed1bd11a.jpg,amphiesma stolatum,1,350,218
73045952_jpg.rf.f42861624186cf11eb9235e875276c50.jpg,chrysopelea ornata,4,179,263
6503584_jpeg.rf.85005c2db08f6aaeba520a470888030b.jpg,bungarus fasciatus,3,392,323
45394601_jpeg.rf.f762ab7f4bb1f808a257320e30977cbd.jpg,amphiesma stolatum,1,134,234
171099441_jpeg.rf.1fc5a99b69ce320798681ece93a23eae.jpg,psammodynastes pulverulentus,9,318,196
57436688_jpeg.rf.4c1956e32cfd4fac1c12801390ede806.jpg,ahaetulla prasina,0,500,201
121743547_jpg.rf.8d2e3ed3afe493ef56287bb6cc8feca2.jpg,trimeresurus albolabris,12,249,333
133780398_jpg.rf.64c42a3493285834806f628887a4308c.jpg,naja naja,7,192,341
83517213_jpeg.rf.140a532fdcaaea8f6e0b855b46a3b508.jpg,ptyas mucosa,11,281,141
16993533_jpg.rf.a583f69ae7535c32d0c4ae84b1680a52.jpg,ptyas mucosa,11,415,152
150612388_jpeg.rf.7eb04f4050529a7d794b24dc78867c20.jpg,xenochrophis piscator,14,448,208
78876203_jpeg.rf.ac8a38676abadadec2af4458b8e627fe.jpg,bungarus caeruleus,2,500,150
AUG121987101_jpeg.rf.7014cbed1e02aca57da4273ba3ecab2a.jpg,bungarus caeruleus,2,421,186
AUG34306423_jpeg.rf.89cade504ab45df7cfd65a59b9aa0a4c.jpg,naja naja,7,441,201
133939458_jpeg.rf.a45a29b95729f21819493becf77a9081.jpg,psammodynastes pulverulentus,9,375,359
150577017_jpeg.rf.10be59a770c08888e482b45838cec6f0.jpg,ophiophagus hannah,8,500,160
14054105_jpg.rf.ffa121f1357f81d15675096d46e00bf9.jpg,naja naja,7,462,375
212365769_jpeg.rf.109a42aed054a84504c4cb6b1c581623.jpg,ophiophagus hannah,8,208,305
64059994_jpg.rf.f54e9a3f5ed2635c617b9e9f5074292a.jpg,trimeresurus purpureomaculatus,13,203,273
139696987_jpg.rf.37b9fd92f456122c29db5ddf297f66ae.jpg,psammodynastes pulverulentus,9,316,333
116506445_jpg.rf.4a52bb3e0e5fbbb90ccdb82398ab2cc5.jpg,trimeresurus purpureomaculatus,13,375,134
139712795_jpeg.rf.8e3b846d832ba9f95f9bbb948ce3924b.jpg,amphiesma stolatum,1,393,64
60025841_jpg.rf.a57aba7e9cf51de2942e7a2656b6742a.jpg,chrysopelea ornata,4,490,176
167748970_jpg.rf.70c8a7127ec96af188e272b8c2b020b5.jpg,ophiophagus hannah,8,217,261
243079014_jpg.rf.a7f7aee53d7bdce6fc67e2dffdbb99dd.jpg,xenochrophis piscator,14,364,191
66628867_jpg.rf.26deba4cbb5433f96f32308fe763b1d4.jpg,amphiesma stolatum,1,500,130
245234153_jpeg.rf.6133c18c1db49115717724a8ccfd20b3.jpg,trimeresurus purpureomaculatus,13,500,328
198454_JPG.rf.c7119dee8ca3d84c10025a6aa7225ff0.jpg,ptyas mucosa,11,369,500
117460408_jpeg.rf.bceec86ea9a99ed02c8b374ffb3be56b.jpg,ptyas korros,10,500,313
216373456_jpg.rf.0c0fd3b01a2a7c893ca0dc24bfcf4a03.jpg,psammodynastes pulverulentus,9,500,323
65798703_jpg.rf.43e0d7b9e71ae0f16aaf22c102efdab8.jpg,ahaetulla prasina,0,316,370
18807156_jpg.rf.1fbef21f4ebf454fbcc755fa1dae6e6b.jpg,ptyas mucosa,11,353,379
32002452_jpeg.rf.26daa6ac272cca1d87ff78b6eaa544ab.jpg,trimeresurus albolabris,12,364,354
72379319_jpeg.rf.912d31d3a651f84f1d335777594ad96a.jpg,ophiophagus hannah,8,299,444
88052461_jpg.rf.2df38199a3a0be87120baa18cba850c3.jpg,daboia russelii,5,460,439
162023009_jpeg.rf.318d0a4c42cb08624afb6b923e0ddf87.jpg,xenochrophis piscator,14,165,226
AUG231149151_jpeg.rf.9cb4263d91c2c659dd8510fd8bc8b311.jpg,bungarus caeruleus,2,225,245
65594741_jpg.rf.1d27d9d6a87454f34daabd3b0b17dda3.jpg,ophiophagus hannah,8,288,333
46611085_jpg.rf.e595219530953d2a0f93e5a8a0e91531.jpg,xenochrophis piscator,14,255,316
58971202_jpeg.rf.7d6eee7fe00944bc0c69e448e67fafc2.jpg,ahaetulla prasina,0,338,131
20870691_jpg.rf.7989724748848bf7a09449c4a4288568.jpg,ptyas mucosa,11,267,165
125118019_jpg.rf.6b523990e955accf004ff1c8231e151b.jpg,trimeresurus purpureomaculatus,13,460,451
189999016_jpeg.rf.b1fc3d4a3f9558e88a91ad0fe6b5e761.jpg,ptyas korros,10,500,317
104243718_jpg.rf.f489bb73074cbf8a419e1d8bcaeaa2a1.jpg,bungarus fasciatus,3,283,116
214318084_jpg.rf.70398d854a3a15ba9b6e915f6c37cc20.jpg,ophiophagus hannah,8,307,297
114507528_jpeg.rf.a52776461c043f2c25bf61f5f14c0b61.jpg,chrysopelea ornata,4,254,335
87775650_jpg.rf.cc39232c665ef0c42745ce1cbf401e2d.jpg,bungarus fasciatus,3,279,333
59728679_jpg.rf.8bfff1a27f84bd960ef5daecca74a828.jpg,ahaetulla prasina,0,363,244
127393001_jpeg.rf.3afb4e6224bf4b49740a3c251f3f787e.jpg,trimeresurus albolabris,12,136,196
219189362_jpg.rf.10c099e9a1257fca1e84f27b92494195.jpg,daboia russelii,5,122,105
106762277_jpg.rf.65d81054ffdbd38d7eb64e21e6581318.jpg,amphiesma stolatum,1,256,269
127274592_jpeg.rf.9f67e053a86d2dbfc4d3196f163eb924.jpg,psammodynastes pulverulentus,9,195,196
185501944_jpeg.rf.ee10b15f32b4d153cba87e5647a14a29.jpg,ptyas korros,10,500,167
138315839_jpg.rf.c80d07e810d24ba188e797c5ea7741c4.jpg,amphiesma stolatum,1,333,462
211358084_jpg.rf.be05e603af0f10e30319cf2583b842c1.jpg,psammodynastes pulverulentus,9,356,244
88354114_jpeg.rf.33019be424478531edc1c9d431753c9c.jpg,bungarus fasciatus,3,400,319
56511591_jpg.rf.efb0b16f90c38e2ba763a2fc5b184db5.jpg,trimeresurus albolabris,12,107,235
74048816_jpg.rf.49d3f1f42271025ac23837d13f207a60.jpg,amphiesma stolatum,1,365,210
83517301_jpeg.rf.b2037028dea9787047f6a6c9ec80a4b0.jpg,ptyas mucosa,11,118,281
169465408_jpeg.rf.4a80de47b3ba5dda157b0edca6786773.jpg,naja naja,7,382,234
69091112_jpg.rf.70f111ba9b010b7b47a665e787d5771d.jpg,dendrelaphis pictus,6,273,210
106285837_jpeg.rf.0be2a5282d29297e3456fa5941380080.jpg,bungarus fasciatus,3,83,109
215686732_jpeg.rf.3e5cf7c662fa737bafb23cc50b7af266.jpg,psammodynastes pulverulentus,9,375,141
218087772_jpg.rf.726bc93d429d3e2da96a30c83469d646.jpg,psammodynastes pulverulentus,9,333,297
200255044_jpg.rf.63a832910b697f495393f159ed716b6a.jpg,trimeresurus purpureomaculatus,13,343,413
AUG170437746_jpeg.rf.0f7284b879e7755f3b8f8ec6061918d5.jpg,bungarus caeruleus,2,400,428
121151007_jpg.rf.df68c4b64c1b74aeef6a9d932c8390ca.jpg,trimeresurus albolabris,12,329,149
159886087_jpeg.rf.7267e02dd8907459d4482360d3550c87.jpg,amphiesma stolatum,1,213,99
11522543_jpg.rf.81400a2bb34f48fdabfcb14b1ce35767.jpg,chrysopelea ornata,4,293,347
110829488_jpeg.rf.ded4537feb7a73cdec9445121ecf2dec.jpg,dendrelaphis pictus,6,280,438
26040526_jpeg.rf.8e6f641ba47792905b7f2e336ce286c5.jpg,chrysopelea ornata,4,450,313
71734476_jpeg.rf.414235b392489b40a366999f9f072b64.jpg,ophiophagus hannah,8,500,361
9079949_jpg.rf.3674d454531f315a1dd4ab6dc0eaeb6d.jpg,dendrelaphis pictus,6,489,221
582869_jpg.rf.17636776353aa1907d9b7314054cf0bd.jpg,chrysopelea ornata,4,462,223
91286620_jpeg.rf.78817222a4f6da3116e68bfa54d9b3a4.jpg,bungarus fasciatus,3,484,375
190858082_jpeg.rf.b3483226a9414dc25f790830f02a3680.jpg,ophiophagus hannah,8,495,338
4455172_jpeg.rf.da6046aac35d685bb7e0833774a799f2.jpg,chrysopelea ornata,4,325,271
94328805_jpeg.rf.d9c20401f6bba643ff97d04c8b226581.jpg,bungarus fasciatus,3,500,201
192845167_jpeg.rf.d08b33f5e09af7d91203210434dbc0ba.jpg,ophiophagus hannah,8,445,149
204688254_jpeg.rf.7b75e94801810449859c95cbb28b4976.jpg,ptyas korros,10,281,500
108958610_jpg.rf.0e78394715c4b2f4193840870e1ed866.jpg,amphiesma stolatum,1,500,228
75647493_jpg.rf.0740fb7889067ac4c7a7119792d2e8b6.jpg,ptyas korros,10,192,429
6027831_jpeg.rf.cf5d3f36a7dfbc9aa7e89d89ad01f7cf.jpg,bungarus fasciatus,3,500,192
60025841_jpg.rf.e21a17684e9148c8d8de6dcb71a14393.jpg,chrysopelea ornata,4,490,177
244802942_jpeg.rf.a9b207e2d17d701fac130f7c9fc48239.jpg,xenochrophis piscator,14,330,344
38320854_jpg.rf.4897d0d216c1eaeed0b5b4795cef7a91.jpg,dendrelaphis pictus,6,114,159
58266030_jpg.rf.8f3ae810b0f9d68f48e427c87626ef4e.jpg,dendrelaphis pictus,6,500,151
230630770_jpeg.rf.a822dd2be6f64c51402b82d5692ec718.jpg,trimeresurus purpureomaculatus,13,408,293
103312209_jpeg.rf.d932287e4e846238f839e543ae9d5aae.jpg,xenochrophis piscator,14,168,349
110498904_jpeg.rf.445663b0a35ec2ef2f8ba51d1d231ad5.jpg,naja naja,7,412,367
54462017_jpeg.rf.2ad6b97ee7529fc96b6430cf02f7104c.jpg,bungarus fasciatus,3,500,356
65594753_jpg.rf.1d6a0b780bbae4546df563b6df584e08.jpg,ophiophagus hannah,8,500,303
160008649_jpeg.rf.e1130ed6dfbff60b5566d6b395a41fcd.jpg,amphiesma stolatum,1,405,334
94328828_jpeg.rf.585e46dfcf60df8ef38c07a4e40d832b.jpg,bungarus fasciatus,3,428,175
169465365_jpeg.rf.13f588036d6c4960fe1ee1ee89033802.jpg,naja naja,7,179,318
95677239_jpeg.rf.4d5dadab2ebf69caf30275842051e4b0.jpg,trimeresurus albolabris,12,88,134
177322210_jpg.rf.ff2d73c6594beea1d662ad795c58161f.jpg,ophiophagus hannah,8,494,243
169599264_jpeg.rf.e236f081bb6a829e2d409572c279a27a.jpg,ptyas korros,10,265,386
AUG8672797187_jpg.rf.2709560584390ad87be36853b7a904c0.jpg,daboia russelii,5,399,333
193446836_jpg.rf.893446d72ac41a799f070e90d9f675d7.jpg,ophiophagus hannah,8,52,152
AUG57893813_jpeg.rf.0dc0f1e525063b6084258d7a2eaa3da4.jpg,daboia russelii,5,209,500
619846_JPG.rf.bd5bfe74be73b24938fa2271f81dcec4.jpg,ahaetulla prasina,0,426,203
32002390_jpeg.rf.1edb32aea624f9a4f0eaaa3b70fbf617.jpg,trimeresurus albolabris,12,409,301
7561608_jpg.rf.e6fd342eb2cca3a8a46d53ceed596343.jpg,dendrelaphis pictus,6,421,162
70913341_jpeg.rf.e088f3bf2a6df13eb2e759617195225c.jpg,ahaetulla prasina,0,483,282
153066912_jpeg.rf.f253309488546f424d00206d6abe1bf2.jpg,ptyas korros,10,470,212
AUG2818034969_jpg.rf.3cc7a081152c5b316deb769ae53881c0.jpg,bungarus caeruleus,2,411,220
71734473_jpeg.rf.db5f645a717ea84d8c34351783f04250.jpg,ophiophagus hannah,8,500,488
128755274_jpeg.rf.5627e5cf12691bb8219b01d0d5a9cf47.jpg,ptyas korros,10,367,231
7487616_jpeg.rf.7a37e4af9323b6de0f7e6d738ee0a2c5.jpg,dendrelaphis pictus,6,228,375
153635853_jpeg.rf.850cdf02ba8684fc5019dba935f20b4c.jpg,ophiophagus hannah,8,444,301
89988711_jpg.rf.e3291cdc4ee27e79cc4d065c4a269dc0.jpg,ptyas korros,10,500,331
126816301_jpeg.rf.7819864fa14c6e8d3b7ffa5a519a2e76.jpg,dendrelaphis pictus,6,196,281
99171849_jpeg.rf.16830ee49c2d033fe998991b9abd233d.jpg,amphiesma stolatum,1,239,500
141914963_jpg.rf.d6a6a7159d816d85a3f6004ea929c0f3.jpg,trimeresurus purpureomaculatus,13,473,115
200882408_jpeg.rf.382610f1020fae9f6ee1de3dedbb85de.jpg,ptyas korros,10,272,500
10861600_jpeg.rf.3e134f402f9428b32203163905bd1e1a.jpg,bungarus fasciatus,3,500,139
AUG233761657_jpeg.rf.a513eb370d1e3f9daf01190131042e15.jpg,bungarus caeruleus,2,106,281
91394878_jpg.rf.8d5003eda5c5c38c83fa9a05b0087e21.jpg,naja naja,7,371,375
199592663_jpg.rf.7c7dfd07699a7b4d78d514cfb62a51bd.jpg,xenochrophis piscator,14,397,355
89069623_jpg.rf.a27e6ad927345312f1ab7ceff3d2133c.jpg,ptyas korros,10,230,221
209581692_jpeg.rf.24c46c4ad3fd5ac2ad1b103f5e49a896.jpg,xenochrophis piscator,14,279,497
83180576_jpeg.rf.22c7ca51bc0ab805470f8aa65e943018.jpg,ahaetulla prasina,0,150,281
234611370_jpeg.rf.17313d23748eb799c942f0dedeca55c4.jpg,naja naja,7,234,333
7443356_jpg.rf.66a802a28403ee79a687b6bb777d49ef.jpg,ahaetulla prasina,0,456,357
239503599_jpeg.rf.71754d31f9ad1234a4e5b16b6a1603d6.jpg,trimeresurus purpureomaculatus,13,500,375
AUG202796830_jpg.rf.29a50a5c78b4c0d3465a24bd6a304522.jpg,daboia russelii,5,234,312
49707947_jpeg.rf.1b13a080cb0ec6a13c7c7fc01edeff68.jpg,trimeresurus albolabris,12,385,285
97864278_jpg.rf.2f95eece715237b6ed467122b00269ed.jpg,trimeresurus albolabris,12,374,248
61556996_jpeg.rf.e8156b6cc50c650bc83b105359712cc9.jpg,ahaetulla prasina,0,193,281
89210471_jpeg.rf.78b525fb67c0334766758a58f73cef96.jpg,xenochrophis piscator,14,400,461
35677457_jpeg.rf.95a9d2dd975aa36c62ec34003315ade4.jpg,chrysopelea ornata,4,500,266
79766909_jpeg.rf.502fa7555033f921e97b184c08102c5d.jpg,ahaetulla prasina,0,256,313
AUG21906575341_jpg.rf.e9af57726baf807e9f74e5d623bd53e0.jpg,daboia russelii,5,231,124
131041773_jpg.rf.92647a16e3c95e24fcdc03b2c28efaef.jpg,trimeresurus albolabris,12,185,192
67722408_jpeg.rf.955d6da2e55cfbb74f5a95da06d08268.jpg,chrysopelea ornata,4,114,500
63450327_jpeg.rf.60f8f72e53ca38ac4215ea0451071352.jpg,chrysopelea ornata,4,441,274
115190441_jpg.rf.ee2915f77e99ff901727fb6fe3887a1c.jpg,trimeresurus albolabris,12,342,356
88052568_jpg.rf.23877d8f4af440aee81181880b7f2afd.jpg,daboia russelii,5,323,179
AUG2818034969_jpg.rf.00402e9d4ab4027c5fdced36b219207c.jpg,bungarus caeruleus,2,410,221
58470967_jpeg.rf.0f98d5d787135281196f9e11c8797e86.jpg,chrysopelea ornata,4,91,437
75870055_jpg.rf.eb1149ef625b80edb3a2bd736e28cad2.jpg,ptyas korros,10,500,254
121987101_jpeg.rf.306b42258c8775c5cf8fa6c8f5a76f38.jpg,bungarus caeruleus,2,218,375
63824907_jpeg.rf.dadd0c73571b003d8caff39773ed57ad.jpg,dendrelaphis pictus,6,237,187
106640991_jpeg.rf.f289f7aaba9470fe432025baaba755da.jpg,ptyas mucosa,11,227,109
103312209_jpeg.rf.8dc75bbaf8499a4d652a1181e65c6af7.jpg,xenochrophis piscator,14,168,349
26599017_jpeg.rf.0785e8cb4c305b460b0e9d1b29b24548.jpg,bungarus fasciatus,3,500,264
150669661_jpg.rf.384e1d08d6daa63b51166f8d885fb3a1.jpg,psammodynastes pulverulentus,9,425,230
239643265_jpeg.rf.9cc0db77253e30de773dc9cc7ea3ef84.jpg,trimeresurus purpureomaculatus,13,416,341
AUG235854514_jpeg.rf.9163cbaf4f6a259cb21214e052824a93.jpg,daboia russelii,5,375,500
52758589_jpg.rf.12ccfaf9cabe4eb28ce04464ddaabec7.jpg,xenochrophis piscator,14,331,246
72379319_jpeg.rf.1607d3d4eaf2f3936928ca7345ca796d.jpg,ophiophagus hannah,8,444,299
116044768_jpeg.rf.44b2f2a736188aed280cbdc7b76a7b41.jpg,bungarus fasciatus,3,166,378
AUG3402929363_jpg.rf.ee84a91ee37d57587a0f0375628ddb5a.jpg,daboia russelii,5,292,498
7668073_jpg.rf.51427492d8a8a4218160df790daa9074.jpg,dendrelaphis pictus,6,500,211
134769333_jpg.rf.d6bb79046c54e654f524d2676c672ddd.jpg,bungarus fasciatus,3,257,255
160947663_jpeg.rf.a0e635d166b3567f54d2b7f174536696.jpg,ophiophagus hannah,8,226,168
105403381_jpg.rf.6f0f4b76109c01a9baac854029743730.jpg,ptyas mucosa,11,281,393
61900713_jpg.rf.117d2c6199ebbfe23cb47b9227775c86.jpg,ahaetulla prasina,0,481,125
219065753_jpg.rf.af2df7a58cd3c09b57f929847a2df56d.jpg,daboia russelii,5,236,131
145596180_jpg.rf.c6a51a1fb36659deb1df23bf099bbcf7.jpg,trimeresurus albolabris,12,226,153
90585346_jpg.rf.1fadc39d68b9e229ffea6179c0e2419b.jpg,trimeresurus albolabris,12,98,281
88156204_jpg.rf.70d37dbe271392cfa39d451302370a72.jpg,daboia russelii,5,386,212
9127366_jpg.rf.b7d418ae1d9cf159c3dd9c3ab8cd82c0.jpg,dendrelaphis pictus,6,407,54
78123120_jpeg.rf.e6fd6e454108703e8a22f111259cc274.jpg,bungarus fasciatus,3,284,375
112130026_jpeg.rf.85ac5710f8a0119a491439fa1cfffbdd.jpg,dendrelaphis pictus,6,370,374
150669581_jpg.rf.df03d4ac84b52fff1273cb2be43680bd.jpg,psammodynastes pulverulentus,9,270,357
88516048_jpg.rf.e5fe0ac833f5c6215aeb78bb450e8dcd.jpg,chrysopelea ornata,4,500,226
58264933_jpeg.rf.08e1efa6ff86722fbd944f6635a59812.jpg,trimeresurus purpureomaculatus,13,204,333
86475309_jpeg.rf.604a58e992354cd2912b2a1c24c34d04.jpg,bungarus caeruleus,2,500,270
99171879_jpeg.rf.51540c8ec8f92d56743a09a0bbca9e99.jpg,amphiesma stolatum,1,368,375
76054777_jpeg.rf.3cd233d59afba6fd4ad48a14cea7eee8.jpg,ptyas mucosa,11,195,302
69117823_jpg.rf.8b759d9be19d054164013e243d49b2f9.jpg,dendrelaphis pictus,6,369,125
83180561_jpeg.rf.46d843d4c0eae6105b4d78fcdf361ebe.jpg,ahaetulla prasina,0,87,119
11957977_jpg.rf.34bf4b02b57157001520d753954d1968.jpg,ahaetulla prasina,0,351,348
140441711_jpeg.rf.0621c4e8ae954c7b5dcf8e41e704540b.jpg,psammodynastes pulverulentus,9,184,286
67390367_jpg.rf.d715ace9db6ff1368d02fda5cb8f6372.jpg,ahaetulla prasina,0,264,256
41942350_jpg.rf.1f0acef3a1e869de2d1449a079b9dbd1.jpg,xenochrophis piscator,14,500,500
165505018_jpg.rf.449f265d92d327b239f6f7a1781639c9.jpg,ophiophagus hannah,8,451,317
138527161_jpg.rf.6fc2d57440841208816f987912cd5cfe.jpg,bungarus fasciatus,3,207,441
31962426_jpeg.rf.0ae0e426b5725105051c2ba316b01099.jpg,chrysopelea ornata,4,427,217
6581098_jpeg.rf.98433bb52857a631720f749fa0f1a1ee.jpg,trimeresurus albolabris,12,350,305
118084289_jpeg.rf.7fa19a38a9da8714f65e5c7381aacd5c.jpg,xenochrophis piscator,14,436,333
87861732_jpg.rf.249f720b8d2200a1f5cea90c3fc02e69.jpg,chrysopelea ornata,4,428,264
194714205_jpg.rf.b18991117aa93f4fed4082fce777185e.jpg,psammodynastes pulverulentus,9,306,235
19917154_jpg.rf.5029aba760913e1c75a7a27a04d0819d.jpg,bungarus fasciatus,3,200,74
75753102_jpeg.rf.62c184f5bd96514721cd5fe4653741e6.jpg,ahaetulla prasina,0,443,245
95180939_jpeg.rf.f1e9337433582c7b4495da4640337773.jpg,bungarus fasciatus,3,349,492
99441708_jpeg.rf.361ed37e3ba2f95e87c7c98aab9cb6f2.jpg,amphiesma stolatum,1,500,282
122368217_jpeg.rf.dd4f7c2ade2d83715fe7cf2e6850cb99.jpg,trimeresurus purpureomaculatus,13,322,493
126443305_jpeg.rf.6e76bd1dc44924fab74ebb6afc086699.jpg,naja naja,7,339,430
18807165_jpg.rf.f7216cbb05de18631ae1d8eaea07bbd6.jpg,ptyas mucosa,11,330,326
AUG142192662_jpeg.rf.5d216a145e06cfe0655ce2b90d81848f.jpg,naja naja,7,246,223
78883172_jpeg.rf.4c3f577237288cd86bc132906b423277.jpg,xenochrophis piscator,14,115,163
AUG162027189_jpeg.rf.97d33497e3e71c3f6c59b94d66351444.jpg,bungarus caeruleus,2,217,259
102727200_jpeg.rf.c4329d5fc6819682e9a92d9255b2bfad.jpg,trimeresurus purpureomaculatus,13,373,413
64059987_jpg.rf.2b66caac161ab44b64742853fa722787.jpg,trimeresurus purpureomaculatus,13,308,220
239503599_jpeg.rf.c3fc7100cb962dca7aae3bd59f075c9c.jpg,trimeresurus purpureomaculatus,13,500,375
21957875_jpg.rf.b265f7f755ef912214c454820e4cd3a4.jpg,trimeresurus albolabris,12,418,263
AUG8873483496_jpg.rf.eaa200671acf828c125be817969653fe.jpg,bungarus caeruleus,2,493,287
145541819_jpeg.rf.a202618ef3eca783837cb35e4c64355e.jpg,psammodynastes pulverulentus,9,234,500
96404881_jpeg.rf.4303959b20d271e7eb15b74d5f542d3a.jpg,xenochrophis piscator,14,410,156
97477736_jpeg.rf.02b2b11393d9ba9d1ebba22fbea075e5.jpg,ptyas mucosa,11,134,325
145796417_jpg.rf.6eb5df039fec4852e63419551cad9fc0.jpg,trimeresurus purpureomaculatus,13,404,285
119806284_jpeg.rf.d07792bcb2e38011a1b0380bf91838c0.jpg,amphiesma stolatum,1,278,105
76854953_jpg.rf.6e68580eb88bcca625528c5af960fe9b.jpg,amphiesma stolatum,1,374,104
107524967_jpg.rf.d0bcbc1892350d7c6c3e5e10b2a5bc36.jpg,ptyas mucosa,11,148,260
132765314_jpeg.rf.6d01b172aa06bebb27f7e29322d471df.jpg,ophiophagus hannah,8,427,72
78664465_jpg.rf.307856a85500aa8699a1fd38b2ee9baa.jpg,amphiesma stolatum,1,378,135
32002390_jpeg.rf.96ed6882f9c1b0bd64c5f61eee3c1f34.jpg,trimeresurus albolabris,12,372,375
66105515_jpg.rf.21a1d911eda6b9031891a7546eeca6b1.jpg,amphiesma stolatum,1,159,473
73045953_jpg.rf.8ae277c64bddaa0a15a469ec4668a2f0.jpg,chrysopelea ornata,4,201,279
248849932_jpg.rf.b0ca1a025018dcf7458f92b1e945cf1f.jpg,xenochrophis piscator,14,134,227
215756221_jpg.rf.00baec0d96b0909f8aa66238e1837309.jpg,ptyas korros,10,373,179
111644561_jpg.rf.5d9969cb52d40dbac063c20339f764c9.jpg,chrysopelea ornata,4,136,179
150669661_jpg.rf.3c26c1044951df9b29b6fba977b17ef8.jpg,psammodynastes pulverulentus,9,230,359
196199257_jpeg.rf.5993e1d88f1563ecdf107409d8b00388.jpg,psammodynastes pulverulentus,9,340,192
121968659_jpeg.rf.30a561b81958157d8200ea3e9bf09fb8.jpg,amphiesma stolatum,1,118,486
83180576_jpeg.rf.9a3e401b839537ac4c57e613e9bb4fd3.jpg,ahaetulla prasina,0,429,151
142271476_jpeg.rf.7880bc0e2a5abe12d9b8002abfca0b13.jpg,ophiophagus hannah,8,372,319
76499573_jpg.rf.6d3c77ad6803e2dea5c6c5212b10d408.jpg,ptyas korros,10,30,36
9286870_jpg.rf.a15be5155494b22aac219c027de4501b.jpg,ahaetulla prasina,0,375,496
115069338_jpg.rf.d88db15c0879dde37e89e853ed1d04f1.jpg,trimeresurus albolabris,12,472,200
29059916_jpg.rf.5adcdbf262982c2aa594ad0e816456b4.jpg,ptyas mucosa,11,247,324
93518922_jpg.rf.8ec0cc4eee10ec789e3b008a5327a454.jpg,bungarus fasciatus,3,232,420
71909937_jpg.rf.4540972531ca02076a60c40f38ecb291.jpg,ptyas korros,10,366,447
204688122_jpeg.rf.dec1947b8b8111c17e112be277b4ce36.jpg,ptyas korros,10,500,270
76983766_jpeg.rf.8af39d03e6b6a9b24cc0f159a04c2f4d.jpg,ahaetulla prasina,0,412,256
12696296_jpeg.rf.4b9322d0f1ce92873dc6d83c3f4d26ea.jpg,ptyas mucosa,11,347,295
98372333_jpeg.rf.ea03965f2cbcdb672f72392c45ed9cfa.jpg,ptyas mucosa,11,500,156
61556315_jpeg.rf.f76b46d4bb6e7508ef8ae8f8d03aefc8.jpg,ahaetulla prasina,0,101,201
61366960_jpeg.rf.feff9c530d67e923e1b03a84384c62b8.jpg,ptyas korros,10,375,315
153915272_jpg.rf.f15e0085196ffcbb91c0bbb91885981d.jpg,ophiophagus hannah,8,292,254
57446296_jpeg.rf.2279ecab98a49a852c9d4eee1eb345ec.jpg,dendrelaphis pictus,6,201,247
58910599_jpeg.rf.9e34fb6e3b11010da32fadd6d2d7fd0e.jpg,bungarus fasciatus,3,424,284
207409389_jpeg.rf.372483468de8e602f967fb02c1e8e1e0.jpg,ophiophagus hannah,8,494,195
7931751_jpg.rf.aa99b5771cf268f4e044995be53def1c.jpg,ahaetulla prasina,0,500,203
160489104_jpeg.rf.0111d0b4110982b524e47de6c6e4f407.jpg,bungarus caeruleus,2,399,334
28751467_jpeg.rf.f014c19905d13a18b4113e8e0db22622.jpg,ptyas mucosa,11,317,376
144061627_jpg.rf.7339be82e2b70ea2455cda100e90b1e0.jpg,naja naja,7,130,253
170807775_jpeg.rf.1e6eac13b17a6348d4ecaf4accfeeb23.jpg,psammodynastes pulverulentus,9,213,375
216121365_jpeg.rf.52bd3e87f0c58789a7e5315acf0ca205.jpg,psammodynastes pulverulentus,9,222,361
142867305_jpeg.rf.3586f7074dea90d36347fb92113dc89e.jpg,dendrelaphis pictus,6,500,182
235961810_jpg.rf.e7af4fcea1ec7dcfbc8def5c708078a4.jpg,xenochrophis piscator,14,434,266
81709250_jpg.rf.8cc607025f6204fe0ebaf7eef0b351c4.jpg,ptyas mucosa,11,201,333
173452634_jpg.rf.8715842b658a1e5768f02e7a2c5cf32a.jpg,naja naja,7,463,500
95836841_jpeg.rf.34361af720bfcbf7bb0d4ff11f5c424f.jpg,trimeresurus purpureomaculatus,13,281,321
157730067_jpeg.rf.9a83db9cf5276fbec309dbdbe4678bbd.jpg,trimeresurus purpureomaculatus,13,304,282
AUG180548494_jpeg.rf.d649b57d9256ab4eb191e97d6bcdb799.jpg,bungarus caeruleus,2,459,166
105556672_jpeg.rf.cf53ac410cae378154fa801d8af60ead.jpg,bungarus fasciatus,3,131,236
216440045_jpeg.rf.1068df0ce46325f8adcea845f18b99b2.jpg,psammodynastes pulverulentus,9,331,500
106785581_jpg.rf.e61af02c6f2e16aec5cf91bc49a7c969.jpg,xenochrophis piscator,14,485,177
52400955_jpeg.rf.7e70c1938dfb984a978968aee4409198.jpg,ahaetulla prasina,0,500,375
67004162_jpg.rf.6e271e681e770c83fdd42d1ab1a60178.jpg,ptyas mucosa,11,500,142
48044870_jpeg.rf.933ca84198465862c80d5ef4ea73ab65.jpg,trimeresurus albolabris,12,500,300
63445697_jpeg.rf.cf9736ded2230d7de5ad54f6e92b8a96.jpg,chrysopelea ornata,4,144,108
106785043_jpg.rf.1b037a9b656129efda2e9d913f6a90d9.jpg,xenochrophis piscator,14,170,273
39595355_jpg.rf.115d25789359443b4733f5f0518528aa.jpg,ptyas mucosa,11,500,371
65705467_jpeg.rf.09764cda409ed198ece471b06f393ad9.jpg,ophiophagus hannah,8,422,152
83361843_jpg.rf.f351ea3ccbec5526d2c8c7db32c141b4.jpg,bungarus fasciatus,3,254,64
4976852_jpg.rf.4748782452c58a3a52aabaeef00128b6.jpg,ahaetulla prasina,0,411,221
22290507_jpeg.rf.b958945b661ec772399e3570e8957205.jpg,bungarus caeruleus,2,375,209
85023507_jpeg.rf.d3d0b17d453e7b2a98693ac1206e36df.jpg,trimeresurus albolabris,12,411,278
AUG13673368419_jpg.rf.84568e4709192720b50ffbfcba1ad479.jpg,daboia russelii,5,218,281
67550708_jpg.rf.0ae1be71e2401c5ca5065b057aace15e.jpg,dendrelaphis pictus,6,456,166
90046075_jpg.rf.de0f8ada0daf60363061b2ad16c2c6cd.jpg,ptyas mucosa,11,500,218
109360824_jpg.rf.5b92a7f3eee0bb1498c769978dda7703.jpg,naja naja,7,500,182
229335090_jpeg.rf.c69fd0b2e88133c908a0006d6c598423.jpg,trimeresurus purpureomaculatus,13,370,348
5889622_jpeg.rf.4ccd9a44d673eb070d9ee78392355b45.jpg,ahaetulla prasina,0,374,156
57446255_jpeg.rf.34e919f1677dd9c75c4e826e64a38682.jpg,dendrelaphis pictus,6,404,151
73690558_jpeg.rf.214284296ea12c966306983a9eb12a01.jpg,amphiesma stolatum,1,500,269
112129138_jpeg.rf.050c81bb3ca4482cedcb8ed38902648c.jpg,chrysopelea ornata,4,500,374
61933643_jpg.rf.70bd65e3f003102a07a6fe710afdd4ca.jpg,ptyas mucosa,11,500,352
28391524_jpeg.rf.d0685016072bdf1e5638d9bd5925ec07.jpg,ptyas mucosa,11,228,201
77922855_jpeg.rf.195306214e041a03f547f65b0013c3a5.jpg,naja naja,7,160,89
97477726_jpeg.rf.e5cd83b0ac0384ba413eebc634ba8e76.jpg,ptyas mucosa,11,240,261
60765394_jpg.rf.efed6f6a95eac472287e822407310b4e.jpg,ahaetulla prasina,0,227,341
35142338_jpg.rf.4a7aab1d0bc4aed60959b45fa844177e.jpg,ptyas mucosa,11,243,320
AUG110506117_jpeg.rf.c19629c27671879f9051465f5e7a4114.jpg,bungarus caeruleus,2,385,160
5883601_jpg.rf.55cf783dba14713eb259c2bcb5675993.jpg,ptyas mucosa,11,287,500
45512758_jpeg.rf.2cc8324e76ed43eb80731cbca8cb204a.jpg,ahaetulla prasina,0,223,305
65594774_jpeg.rf.97ecd0ffd89616ff0bfbf41e1abe53d8.jpg,ophiophagus hannah,8,460,81
AUG56365586_jpeg.rf.c421681e4fdf540b3ae55408efc461fe.jpg,bungarus caeruleus,2,466,359
83163742_jpg.rf.5ebe8661ff0c3b8e9a253d22929564e8.jpg,bungarus fasciatus,3,321,101
70153688_jpg.rf.f6ed70db7f2ccf768922297b24619437.jpg,amphiesma stolatum,1,339,286
170807753_jpeg.rf.f80c7813463ea902b2d21cd88c9e1403.jpg,psammodynastes pulverulentus,9,231,375
59728695_jpg.rf.1c941f648bd9877b27d7b7ea5e7d9ce6.jpg,ahaetulla prasina,0,227,500
95923178_jpg.rf.f5cb4137ff3517aeb8088dfa1776497c.jpg,xenochrophis piscator,14,117,150
128635762_jpg.rf.1146872b5ecf1d50d9c125045cba7397.jpg,psammodynastes pulverulentus,9,309,301
582869_jpg.rf.ce17fe9ca4d3c3828af49b700be4afc8.jpg,chrysopelea ornata,4,462,223
39029577_jpeg.rf.b43780b392285dc94afac55faeb80e26.jpg,ptyas mucosa,11,221,277
2503802_jpg.rf.22836199f9d9fa9d1bcd063fea86e37a.jpg,amphiesma stolatum,1,500,333
99383039_jpeg.rf.3e749860ec31861960440e65f2398c9b.jpg,dendrelaphis pictus,6,451,274
AUG8672794986_jpg.rf.025e88a73f78b79a6f08f6da0e616c97.jpg,daboia russelii,5,500,359
79766909_jpeg.rf.7b299c98eb3fd2304b6175684d51c4c1.jpg,ahaetulla prasina,0,353,256
83163754_jpg.rf.c9e3dc4a164b81282a2672248d5f74f8.jpg,bungarus fasciatus,3,301,159
219660518_jpg.rf.0a4515af74f4adb817a5b3b2d368e95d.jpg,psammodynastes pulverulentus,9,428,271
171394196_jpeg.rf.10de8a58dc9a94cd96fc3b6144f0be57.jpg,naja naja,7,212,360
9079949_jpg.rf.c0948c2097dc834858e193645fb2e752.jpg,dendrelaphis pictus,6,221,333
AUG170437808_jpeg.rf.e0f4f465f16cd5df05c25cdb9b9fb1d6.jpg,bungarus caeruleus,2,177,481
24350805_jpeg.rf.fe2f72723c66e6f1def94c886179c9cd.jpg,dendrelaphis pictus,6,500,269
94328843_jpeg.rf.e0d4549307a9439698a0b85dcef6876d.jpg,bungarus fasciatus,3,500,152
114618342_jpeg.rf.db49e15b38ed857f10f6efdb6bd4ef46.jpg,amphiesma stolatum,1,472,329
207409389_jpeg.rf.222db4726067356444f4fe6c31528217.jpg,ophiophagus hannah,8,494,195
40502695_png.rf.d60cb55d46ef415e97b7af1963c455f8.jpg,trimeresurus albolabris,12,164,274
178643_jpg.rf.38cc1b4918b2121354800ca70a429867.jpg,bungarus fasciatus,3,205,333
AUG63459037_jpeg.rf.6b6bdb0227d57fc40ff47cc9edc88a93.jpg,naja naja,7,500,289
29285243_jpeg.rf.2a03c7428c0b6f7e50c5135177ba09bb.jpg,chrysopelea ornata,4,453,375
AUG2818034969_jpg.rf.fdb7210bf2dc05ec23b0c0324bc85e8a.jpg,bungarus caeruleus,2,221,375
219287947_jpeg.rf.057926e40912b4c2cd49baacb60cd89c.jpg,psammodynastes pulverulentus,9,387,265
113555626_jpg.rf.b4bfc8b9f50ff8f43c92e9de7541f94a.jpg,xenochrophis piscator,14,411,136
69091112_jpg.rf.89540b66086c5c38b139a9cd0fe1cc0b.jpg,dendrelaphis pictus,6,210,273
106785534_jpg.rf.35882368c9e86c4f45d4b80ebc99667e.jpg,xenochrophis piscator,14,217,211
250189738_jpeg.rf.b7afe7f3e1cdde1caa688d347167841c.jpg,trimeresurus purpureomaculatus,13,500,437
59728677_jpg.rf.68558bc4398d4d1c1fc3a10da260231b.jpg,ahaetulla prasina,0,87,375
22549445_jpeg.rf.a47347fb12a5e6288fc54c0cfc63cd2c.jpg,trimeresurus albolabris,12,223,214
651258_JPG.rf.3fc75b53971d7142f42e258961f51d0d.jpg,ahaetulla prasina,0,296,325
88329931_jpeg.rf.f270bdce239ca5474a62112ad139bc63.jpg,ptyas mucosa,11,358,78
103979829_jpeg.rf.0b2c89e361f8616a825e039942438e79.jpg,ptyas korros,10,282,313
153261445_jpeg.rf.02f77b2d7a28bcba733fd6b49f9e91a9.jpg,amphiesma stolatum,1,333,213
9079949_jpg.rf.5c97706d92c1ff8af8c9b810b83095f9.jpg,dendrelaphis pictus,6,221,333
95836831_jpeg.rf.f88235d755ca1af15959c3290323fde8.jpg,trimeresurus purpureomaculatus,13,408,300
160489068_jpeg.rf.ed3e6b77c47cb767ffaf54ebe3834fe9.jpg,bungarus caeruleus,2,195,500
67421417_jpg.rf.407ca55c5cf16a94d70a7f6f7eac5a83.jpg,ptyas mucosa,11,375,183
60721738_jpeg.rf.90781802afae9e96de26cdd22fc509dd.jpg,bungarus fasciatus,3,438,350
154705184_jpeg.rf.2fd41ac09ba5fba083f604ca2efea4b1.jpg,trimeresurus purpureomaculatus,13,235,343
190272595_jpeg.rf.9c07fa8d4586b5416c25d9646a528340.jpg,ophiophagus hannah,8,168,375
107480890_jpg.rf.e23ed7d6adcb54d8d26f854618bd6223.jpg,bungarus fasciatus,3,389,200
99171849_jpeg.rf.7716b61d36236d343ff906d4961bb2d7.jpg,amphiesma stolatum,1,239,500
88734834_jpg.rf.2326fe0a0bf674b3fbef92768125b0b5.jpg,bungarus caeruleus,2,282,333
105552575_jpeg.rf.64b951de87f7b80b9e31b141bdaa2dee.jpg,dendrelaphis pictus,6,437,236
47325005_jpeg.rf.c4c06c18542962d8d5b98118af3c2d3a.jpg,chrysopelea ornata,4,148,70
AUG116143240_jpeg.rf.b4182bc4b470f0dd25dc8e809cba3c61.jpg,daboia russelii,5,500,236
130861346_jpg.rf.ef0e0e3421f50e38165bb2ddd1c932b4.jpg,psammodynastes pulverulentus,9,132,500
100681893_jpg.rf.08f818f57afcbf22a4b299aecfc1fb80.jpg,amphiesma stolatum,1,375,383
71734476_jpeg.rf.1cd9ddc710b209eed451e7377d9f3f32.jpg,ophiophagus hannah,8,374,375
66628873_jpg.rf.82866945fdb7bca0f57c7ed839ffeb28.jpg,amphiesma stolatum,1,500,88
167718111_png.rf.ff651063c8798061a3b289614a0712ee.jpg,psammodynastes pulverulentus,9,438,339
12658949_jpg.rf.356d48efff2820e0de56d68bc8733385.jpg,ahaetulla prasina,0,375,450
154705165_jpeg.rf.1aba04eb533280c267ab430ea0d65be1.jpg,trimeresurus purpureomaculatus,13,234,202
71710143_jpeg.rf.2c00ad41e484efa223647e64344ae707.jpg,ophiophagus hannah,8,375,443
73045960_jpg.rf.0ab860e3f419435a2d307ca40d44278a.jpg,chrysopelea ornata,4,490,312
31332275_jpeg.rf.aac2e92fff8d45720b68127884105e53.jpg,bungarus fasciatus,3,136,375
170292213_jpeg.rf.19adfaa1650f956d9c70ff7cd48b32e9.jpg,trimeresurus purpureomaculatus,13,219,286
56859664_jpeg.rf.d88b2203642f05a6d33a9c83c064e599.jpg,dendrelaphis pictus,6,467,271
88816785_jpg.rf.300c7ed5ae8f9717ce002e7cd7c59d9c.jpg,amphiesma stolatum,1,186,500
113471477_jpeg.rf.70da566a1a794cf293bbf63915c52567.jpg,bungarus fasciatus,3,286,480
AUG54206339_jpeg.rf.ea816b86709dbf60869f9118cc4b84ea.jpg,daboia russelii,5,223,123
70153688_jpg.rf.5046d66398994366cda143caef98f597.jpg,amphiesma stolatum,1,269,339
211918231_jpeg.rf.28eacdc3a04a87a91b24b1ab36687166.jpg,psammodynastes pulverulentus,9,297,356
113535430_jpeg.rf.5c74a6a0df0fb1398d521900a25b36d0.jpg,dendrelaphis pictus,6,158,324
250193210_jpeg.rf.2760ffd5424e2bf8c21d9ce269a08792.jpg,trimeresurus purpureomaculatus,13,500,375
147072312_jpeg.rf.a271a1e6a766742eae91999c38c24fba.jpg,xenochrophis piscator,14,223,413
9127329_jpg.rf.2acf9e306d80946d349703a3784290e5.jpg,dendrelaphis pictus,6,212,463
237352855_jpeg.rf.e5aa8d4cc3d5cd75be4f3170412ccbb8.jpg,xenochrophis piscator,14,500,123
170807721_jpeg.rf.aaf0d5fc9016599a0563bbde5febfe7c.jpg,psammodynastes pulverulentus,9,375,249
174247446_jpeg.rf.968d1fdb01a76f2505d5659840f90d77.jpg,naja naja,7,395,318
130861401_jpg.rf.a103790b426314ae93b15f3d689ecf81.jpg,psammodynastes pulverulentus,9,200,500
34864366_jpeg.rf.54a1dc84928bab4d05eefbd9f60fe6c0.jpg,naja naja,7,222,282
7443357_jpg.rf.cd3520d89b64302b0e24e87e9491a9d4.jpg,ahaetulla prasina,0,500,454
97258205_jpg.rf.68d532583f676a60711bb15c52e180f1.jpg,trimeresurus purpureomaculatus,13,281,288
64704132_jpeg.rf.a5ba5a454910ba6cce1542ca0c800adc.jpg,chrysopelea ornata,4,497,261
99964103_jpg.rf.d2c5e05e7654437a95267ba2bebfcbaa.jpg,daboia russelii,5,124,184
AUG154699448_jpeg.rf.94a1a800cdbf7fe2505d26471ac6b42d.jpg,bungarus caeruleus,2,467,139
170292228_jpeg.rf.af35122e5f137c9aed0c942ccbdc7b4d.jpg,trimeresurus purpureomaculatus,13,281,182
162027197_jpeg.rf.1754a28c6a3fedc47a5cf6c9cb965880.jpg,bungarus caeruleus,2,162,375
60826091_jpeg.rf.1864c2a9847fe635f93df04d911f05be.jpg,chrysopelea ornata,4,349,72
86734034_jpg.rf.9639a45d0267c51381d49e68b5dbc96e.jpg,trimeresurus albolabris,12,350,281
848617_jpg.rf.8de00e4becfbbaaf88413eaf80350c5b.jpg,ahaetulla prasina,0,500,322
160489068_jpeg.rf.c975408189ba244a140cd61fce7ed4b7.jpg,bungarus caeruleus,2,195,500
150092383_jpeg.rf.20975e2a79cff48e1966505dc33963ca.jpg,daboia russelii,5,217,286
150669661_jpg.rf.bf643d083890dbedc7f6d88a6b84cf02.jpg,psammodynastes pulverulentus,9,425,230
83372837_jpg.rf.39d963897a4dfe89b843407557d68928.jpg,naja naja,7,174,210
117460407_jpeg.rf.897c2c50a7977eaf4f06d70af1b0970f.jpg,ptyas korros,10,209,318
238155089_jpeg.rf.e7aff041fea27b5c6bad8d35ab7cccc8.jpg,xenochrophis piscator,14,297,500
87617771_jpeg.rf.0d0c87203d4c16b567a1df536aab11b0.jpg,ptyas mucosa,11,416,277
86505253_jpeg.rf.36eea23e3e67f836646c0954d20e9ba6.jpg,dendrelaphis pictus,6,229,488
217286069_jpg.rf.64c2f1329529dff1a05f6344aa8f9fb6.jpg,ptyas korros,10,448,281
AUG8805256896_jpg.rf.8833ea7abacc7631eee3f6403505aa9a.jpg,daboia russelii,5,327,171
95836872_jpeg.rf.f780c3249ebdf533a18967f511c73ae0.jpg,trimeresurus purpureomaculatus,13,221,500
177322210_jpg.rf.2a30a17daa5e65888566b5a01b0be9e3.jpg,ophiophagus hannah,8,494,243
AUG79621934_jpeg.rf.c22675e8e22e7856d8681133a2b1ad1a.jpg,naja naja,7,463,162
AUG54206376_jpeg.rf.0b34ffacfbdd3d3583441adb61d0ed56.jpg,daboia russelii,5,168,281
AUG160489068_jpeg.rf.a93a4d5b42e88a3363af6dad932b2de1.jpg,bungarus caeruleus,2,264,500
213217560_jpg.rf.a39d5d0966bf93f64df916ea85447b6c.jpg,psammodynastes pulverulentus,9,253,500
81759064_jpg.rf.a21862257f64634df14b92ee20c66280.jpg,trimeresurus albolabris,12,410,356
1389567_JPG.rf.4dc044037d5ee2cd0e43b5349e5895e3.jpg,ahaetulla prasina,0,327,299
31886882_jpg.rf.c0892e5a2289f64934f7cffd1124b1fb.jpg,ptyas mucosa,11,500,250
216440044_jpeg.rf.01357de2b2bfd760d1bcd1d5f6248bbd.jpg,psammodynastes pulverulentus,9,348,309
50572278_jpg.rf.16bb5365bfdf220ee2bd0c728c65e720.jpg,trimeresurus albolabris,12,500,136
69586799_jpg.rf.626e98239a85647e539a481219b68f6e.jpg,ptyas mucosa,11,271,500
AUG175971446_jpeg.rf.1a92446daade856f8f170648ca41db06.jpg,daboia russelii,5,500,276
175721898_jpeg.rf.7b7ffb7c692944abf2cde859c147fac2.jpg,ptyas korros,10,375,500
19796018_jpeg.rf.86ab691962e12c72edf7d48279453a25.jpg,bungarus caeruleus,2,427,226
72913919_jpg.rf.83fee8de0fd99e3f23949a390f33e3c7.jpg,bungarus fasciatus,3,287,330
65594741_jpg.rf.c3ee5e261ea2a5fcd737fb1264eaae8c.jpg,ophiophagus hannah,8,500,280
111182173_jpeg.rf.191afdfad3a96531a8b4d8063a522873.jpg,ptyas korros,10,404,375
243078998_jpg.rf.5467cc966822f8962dcccfe4f4539bae.jpg,xenochrophis piscator,14,429,149
20757643_jpg.rf.22d37dc336336f68be1140e688006e1f.jpg,amphiesma stolatum,1,338,218
194714205_jpg.rf.8033f7d488620f9bda65696e7f00c0ea.jpg,psammodynastes pulverulentus,9,305,235
31370238_jpg.rf.d531dd0ae50fae23361735eec196f3b9.jpg,chrysopelea ornata,4,358,470
160462716_jpeg.rf.43bc7f67891e6501b352f0a796b744e9.jpg,naja naja,7,500,399
33404989_jpg.rf.e0b01522af4a18d67cfa88bf648fc422.jpg,ptyas mucosa,11,499,113
173694301_jpg.rf.c1fa6b15ad3fdce4c9002d9adca30d94.jpg,ptyas korros,10,326,105
81008965_jpeg.rf.96bb3c35bbdd7dbaaa3a34a259b896c3.jpg,bungarus caeruleus,2,269,394
89060326_jpg.rf.bb71341ee5a534ada07dd87f2b30497e.jpg,xenochrophis piscator,14,403,136
106785534_jpg.rf.c88f218fcefe6fb82591b607094ee031.jpg,xenochrophis piscator,14,217,211
215690434_jpeg.rf.7ed69e51c1a67d8eb57e0d540b7176a3.jpg,psammodynastes pulverulentus,9,168,280
239503097_jpeg.rf.8a0b5da560c1bf779e8d56e495599338.jpg,trimeresurus purpureomaculatus,13,500,355
44718411_jpg.rf.b7ca74c9fab601029effb008c9433eb5.jpg,trimeresurus albolabris,12,433,312
60826110_jpeg.rf.17b17d05e3a2a812a9595cfb1858b58f.jpg,chrysopelea ornata,4,316,46
AUG47415196_jpeg.rf.18554e8f2475254b1d2906adb5a96000.jpg,daboia russelii,5,465,264
200882347_jpeg.rf.178fbd87dd05650468a6e476ae46a655.jpg,ptyas korros,10,500,333
85809436_jpeg.rf.784118c65dd3616541ed7db0ed75eef6.jpg,ahaetulla prasina,0,382,410
227073932_jpg.rf.67323355880a8cdb5f0b380bd5831655.jpg,trimeresurus purpureomaculatus,13,99,113
78369557_jpg.rf.f103bd49455ece72cbf2e4e47652c274.jpg,bungarus fasciatus,3,486,375
15796986_jpeg.rf.e963f75fedb70799593ffaca5f4b48b4.jpg,chrysopelea ornata,4,344,182
155902585_jpeg.rf.780a8777d3401c78e07dc1b3734a9ffa.jpg,ophiophagus hannah,8,313,257
1389565_JPG.rf.c89935fd4fc122a743de9611f436cf17.jpg,ahaetulla prasina,0,500,346
208478940_jpeg.rf.8848a55d1689f0c64a0bf2f29308eaa9.jpg,xenochrophis piscator,14,500,239
AUG107923524_jpeg.rf.3d7dbee76ad1bce1fa245d11f29c7193.jpg,daboia russelii,5,175,500
219137216_jpg.rf.c49de39e69e287a5b5a1b5788544f021.jpg,psammodynastes pulverulentus,9,305,174
57168243_jpg.rf.c35f490a7e2ae929c014038164cd9c45.jpg,bungarus fasciatus,3,249,130
59728677_jpg.rf.13dac7aaf3488a65d786ffa78d0ce68c.jpg,ahaetulla prasina,0,280,87
169465479_jpeg.rf.2c7e6662c2989148b9d62e119c6c0922.jpg,naja naja,7,385,331
177322220_jpg.rf.5a3ce72a68b9bb1dfceae9f7470baaf0.jpg,ophiophagus hannah,8,253,88
91394895_jpg.rf.b2a9e0f9f105d3e686ee65a06fe3f7c7.jpg,naja naja,7,434,353
168478220_jpeg.rf.d028757c2641d3a112af5a45a5d982b2.jpg,daboia russelii,5,500,323
43786029_jpeg.rf.ea7d3f707451d70a3fb964d01ec8c5ce.jpg,trimeresurus albolabris,12,326,251
9153433_jpg.rf.def52d800616187ae3c0c1ebabddbb58.jpg,ptyas mucosa,11,238,161
224528204_jpeg.rf.51a00746cfce5cbb15518f9212fd3407.jpg,naja naja,7,487,184
AUG138481199_jpeg.rf.5cd2f8d8a7208e925b0aed3bd23879da.jpg,bungarus caeruleus,2,274,308
219189362_jpg.rf.6341e898a6eed0b8b9b9686b36290c38.jpg,daboia russelii,5,119,105
58014821_jpeg.rf.9e966e488629563a9ea7826c4696e246.jpg,ptyas mucosa,11,134,64
117185695_jpg.rf.e4c97b53cb095b72dd58101859ad224d.jpg,naja naja,7,134,258
24178286_jpg.rf.40da7e89ef406f2b33eb17da92c5f97c.jpg,ahaetulla prasina,0,306,316
193446900_jpg.rf.1bc79348ca7fdf96686efdaa1c09234f.jpg,ophiophagus hannah,8,304,221
AUG575475_JPG.rf.cf3c11514f36ac91499a13e854f62bcf.jpg,bungarus caeruleus,2,367,249
175721911_jpeg.rf.fc7cb6c6a7d72c2e427fdb80d859e7ab.jpg,ptyas korros,10,458,220
56523978_jpg.rf.0c505a9ba6d05bee87cf34ea8983aecd.jpg,trimeresurus albolabris,12,375,291
AUG21918748943_jpg.rf.76466d823431bd210f6a75d20e961de0.jpg,daboia russelii,5,292,308
117606763_jpg.rf.c565d77aedaf389122442253a7517e1a.jpg,trimeresurus albolabris,12,311,192
47317582_jpg.rf.2383e12fedb3691e081a0ff2f93775d7.jpg,amphiesma stolatum,1,269,375
81730990_jpg.rf.2c3e25e5a29533c367d4e7cfd6582745.jpg,ophiophagus hannah,8,500,394
67722425_jpeg.rf.84560a3396d646efa1cbefc861f92e7c.jpg,chrysopelea ornata,4,244,224
28194969_jpeg.rf.0f196c78b930a2619f21579b241286b0.jpg,ptyas mucosa,11,148,308
63445697_jpeg.rf.084d47ba8acb90e9b8336e3ac74872a2.jpg,chrysopelea ornata,4,144,108
AUG3402929363_jpg.rf.043ee54775a153792dfd1bf9493c90bd.jpg,daboia russelii,5,292,498
93988080_jpg.rf.295ead73a2d0a6bda6fcee2821a5e3d4.jpg,trimeresurus purpureomaculatus,13,168,316
27427301_jpg.rf.a8033b8cf381edf1d0d6eac2cc6489d7.jpg,naja naja,7,371,374
AUG77922855_jpeg.rf.192de44d8c328b05f0c7cfb5e870ec4a.jpg,naja naja,7,175,130
7512009_jpeg.rf.9ce977990ce1def249fa104813092896.jpg,ahaetulla prasina,0,333,334
61933665_jpg.rf.21efc6eb0965c0d69c5b4e27ee5b957d.jpg,ptyas mucosa,11,463,427
59275386_jpg.rf.3e51ff4a6dc25f7e01cc4422380a215d.jpg,ptyas mucosa,11,375,145
33479808_jpg.rf.97d495367de16af1fff3026927d2364c.jpg,dendrelaphis pictus,6,424,211
87861732_jpg.rf.840148417f4b8b523d60b123923c93f8.jpg,chrysopelea ornata,4,317,337
146382808_jpeg.rf.347ce48e4de1f3f563569f9034d691a0.jpg,psammodynastes pulverulentus,9,323,257
99194322_jpeg.rf.069b397ecfa02ad56006fa97b75942b0.jpg,amphiesma stolatum,1,280,240
185500775_jpeg.rf.ed7aad9b42f1c02723ac635abc0cf436.jpg,ptyas korros,10,319,158
29059912_jpg.rf.d9078a5d2095d2d340adbebf95c4ba22.jpg,ptyas mucosa,11,492,214
28817003_jpg.rf.1afb6d85ad907051da2d59ff6d6b4270.jpg,ptyas mucosa,11,197,375
AUG28201583_jpeg.rf.79855e2bdbd5898f86c6cfec91c94f82.jpg,naja naja,7,500,375
36660029_jpg.rf.35598494817b36b1cd34f4cb19a43a33.jpg,trimeresurus albolabris,12,473,400
7850377_jpeg.rf.14547b7c87791d6f014d5bd7e7d0bc8f.jpg,ahaetulla prasina,0,254,288
48351654_jpg.rf.64dd85e2ee82d2d1695de94d82e1eb43.jpg,chrysopelea ornata,4,434,145
571178_JPG.rf.e5f1c1ecca35a24884ccfe9a02f0519d.jpg,ptyas mucosa,11,245,333
139712795_jpeg.rf.66c43b484798b1fdcdac20e64b69a84c.jpg,amphiesma stolatum,1,393,64
96404980_jpeg.rf.ea54c3c0b6d5c4dae9768be3050d6624.jpg,xenochrophis piscator,14,229,351
AUG251255679_jpeg.rf.c8cd11ca8ed75cbec733c7807aaad518.jpg,daboia russelii,5,257,313
65150909_jpeg.rf.e0070a205a1a828c40fc7975912c7e0a.jpg,trimeresurus albolabris,12,422,282
14053994_jpeg.rf.fdd22ecf0d5f104fea26307494e88995.jpg,naja naja,7,500,467
213343996_jpeg.rf.d3c907ee6bf62064098a2764587e7ac1.jpg,trimeresurus purpureomaculatus,13,187,123
80818505_jpg.rf.e6ff4325076b07dcb2c23bb89128f529.jpg,chrysopelea ornata,4,212,500
22549445_jpeg.rf.e91918482b61a903bfc7f53c8f61793e.jpg,trimeresurus albolabris,12,214,223
AUG8672797187_jpg.rf.690c8c03201000c598e75a73095831c6.jpg,daboia russelii,5,500,333
62433742_jpeg.rf.5387454059739b4595ca6bdbddee3b81.jpg,bungarus fasciatus,3,495,333
97864311_jpg.rf.8654282bd4b42a91f5af2fa43d72404d.jpg,trimeresurus albolabris,12,476,234
82448455_jpeg.rf.b0ef51b6191bd6abe21e0caa26799e8d.jpg,trimeresurus purpureomaculatus,13,458,285
211366585_jpg.rf.1dc7530f99b68dd64659f0d506e92efd.jpg,psammodynastes pulverulentus,9,252,333
85026787_jpeg.rf.13ad027b70fb6de3a1ac7786458af67a.jpg,ahaetulla prasina,0,371,256
167748970_jpg.rf.8d6e4eb91099272282b623407b6b22ab.jpg,ophiophagus hannah,8,217,261
122368197_jpeg.rf.3f7b3e60bd71f9a53f02c2eae7bfd2cd.jpg,trimeresurus purpureomaculatus,13,132,483
34353489_jpeg.rf.f9431b3d5eb7192893627a21271c59f1.jpg,ptyas mucosa,11,473,422
109582218_jpeg.rf.e12c8f0c07a29eb03d99acf8f06be791.jpg,dendrelaphis pictus,6,81,500
96590049_jpg.rf.bfc56b71b6046946a4c5b9f3808a5ea2.jpg,chrysopelea ornata,4,254,231
66628847_jpg.rf.ad573c2f65c046b821ab05e20483b51e.jpg,amphiesma stolatum,1,500,166
44713881_jpeg.rf.171a75a0ebbd5a5ad7336047bd4bcf07.jpg,ptyas mucosa,11,427,344
78369557_jpg.rf.7994b0de2ed6b35366a9e82c602c9884.jpg,bungarus fasciatus,3,500,375
28180349_jpg.rf.d18354de8b756f619138ec9b4c2e7eb6.jpg,bungarus caeruleus,2,231,375
57446273_jpeg.rf.69ce757d10bccf5688820ed610b70674.jpg,dendrelaphis pictus,6,500,297
133939539_jpeg.rf.6c6c0740f473065411db327e0917498b.jpg,psammodynastes pulverulentus,9,365,483
AUG19795980_jpeg.rf.702538b2e681476683701077f44c935e.jpg,bungarus caeruleus,2,278,461
77922855_jpeg.rf.80a30fec6ed63e10cdec7dd8a3e0a470.jpg,naja naja,7,160,89
AUG168478220_jpeg.rf.216610e357a3c2127be23070e01655f3.jpg,daboia russelii,5,500,323
AUG34864366_jpeg.rf.1c75891d17a8f25cb344b7a85958b478.jpg,naja naja,7,193,282
186365157_jpeg.rf.82af4fb726a2f6dc59832c137a6b6935.jpg,ophiophagus hannah,8,477,314
AUG243458031_jpeg.rf.72dfbe74e4460e433ab8caaf149ea61c.jpg,daboia russelii,5,471,208
114618342_jpeg.rf.f62fc3b5996ac3afb87c3077d3394340.jpg,amphiesma stolatum,1,473,329
55747539_jpeg.rf.d7bdbc3800451732dd8342b9066a58f9.jpg,ahaetulla prasina,0,450,307
26040526_jpeg.rf.47c3f206e04e349588d8ee2b4f9477e1.jpg,chrysopelea ornata,4,450,313
AUG5149564469_jpg.rf.5093ea0f3ecfd1bb35281a12429db656.jpg,daboia russelii,5,500,243
7850377_jpeg.rf.d51224969bd767f16e3e4a283196faf1.jpg,ahaetulla prasina,0,253,288
204688186_jpeg.rf.e75d00c9cb83899d80fbe853e9e2d445.jpg,ptyas korros,10,301,281
78883172_jpeg.rf.9988b7c069ce1520f8f31baaa1286741.jpg,xenochrophis piscator,14,495,116
96785421_jpg.rf.596cf4ca4cce5325b7e74a7301d30480.jpg,amphiesma stolatum,1,235,375
107605498_jpeg.rf.9646646e1b948788a349fe710220122c.jpg,bungarus fasciatus,3,247,335
217641780_jpeg.rf.7835b22524565058105571d2c0eb983a.jpg,xenochrophis piscator,14,265,288
167235399_jpg.rf.650dbfb3d50ff68b8dd9f16ba59e30ea.jpg,trimeresurus albolabris,12,489,319
250189738_jpeg.rf.663180a06bfe803572b91e160862fa61.jpg,trimeresurus purpureomaculatus,13,500,437
73045955_jpg.rf.0b9bf0ce4a8ea172bf35ecc607bbedb4.jpg,chrysopelea ornata,4,425,151
47420007_jpeg.rf.0faab97cc7c75569a2ff2577f027617a.jpg,dendrelaphis pictus,6,435,126
65479568_jpeg.rf.8e75ca8bf665d7d321551c859e56a426.jpg,ptyas korros,10,115,281
211358084_jpg.rf.3eba837dd9ec21026fe55f58fb57722a.jpg,psammodynastes pulverulentus,9,317,333
82448502_jpeg.rf.14efd4b7996c78b03efe3dc526a2e7cd.jpg,trimeresurus purpureomaculatus,13,494,280
97258205_jpg.rf.7fa1925651d4d511c516d6adea52b6c7.jpg,trimeresurus purpureomaculatus,13,281,287
170186245_jpeg.rf.95260257ba36ffe7f7bb168cc4f52f00.jpg,ophiophagus hannah,8,379,231
105852302_jpeg.rf.9532f9f6dfde58e3447670042df44e54.jpg,dendrelaphis pictus,6,250,221
239503615_jpeg.rf.cabba4f49121330bb60f45509c06d212.jpg,trimeresurus purpureomaculatus,13,478,375
98757106_jpeg.rf.dfe0c3c7ab85a61262a4b97efe821ddc.jpg,ophiophagus hannah,8,444,375
215686748_jpeg.rf.c91bfa6b2ff0d4c7a591a58a873a6180.jpg,psammodynastes pulverulentus,9,201,317
91194502_jpeg.rf.9869f10ff1f81bfc6a75f6db12653e59.jpg,dendrelaphis pictus,6,252,335
AUG2764533262_jpg.rf.44adb42cc32e77f38f2578ac8c8c9fbd.jpg,daboia russelii,5,312,158
38320860_jpg.rf.2be2f95e5ecbc4fcb9f1f07985f7a88a.jpg,dendrelaphis pictus,6,343,209
90901395_jpg.rf.c702b00fb1237a8a7b989b24e11a91b2.jpg,naja naja,7,368,253
78095324_jpeg.rf.f9171cccb8313f03b8fe6759962bda40.jpg,naja naja,7,264,382
AUG169465365_jpeg.rf.8261e31cc3b908af7729765eb5a38eda.jpg,naja naja,7,143,319
32002952_jpeg.rf.ed1947f4780947050dbf5b778b61fc82.jpg,amphiesma stolatum,1,417,229
169855752_jpeg.rf.49e2118372f79cf5e98d081d754e8ec0.jpg,trimeresurus purpureomaculatus,13,375,379
237137468_jpeg.rf.1014832685f96875fa84cef5d363f42d.jpg,xenochrophis piscator,14,116,104
242940569_jpeg.rf.013970376072d72303d80c97acdd790d.jpg,xenochrophis piscator,14,430,326
166588189_jpeg.rf.4acb7019a820bcb592e45fed10afb661.jpg,amphiesma stolatum,1,145,281
151801396_jpeg.rf.29e77b876285d97b4574e33517fc283a.jpg,naja naja,7,214,342
73045952_jpg.rf.f1c79ab79c5df1c7b8980eabb8f04de2.jpg,chrysopelea ornata,4,297,179
88354126_jpeg.rf.9dc3c2c3d6f3148e55ab752f0723bb6d.jpg,bungarus fasciatus,3,500,333
54206307_jpeg.rf.bbdccf6d402fdf834b5b79afe9d9dc88.jpg,daboia russelii,5,399,193
75753102_jpeg.rf.2e8bb8ab9ef338588cdec4a15468aa34.jpg,ahaetulla prasina,0,443,245
76054777_jpeg.rf.f08cbb42a09acaa4118a270075ac59f9.jpg,ptyas mucosa,11,195,302
117604381_jpeg.rf.cb9f402b854e2f317eb3bbe8b60986d2.jpg,ptyas korros,10,334,282
136733660_jpg.rf.9e81d9bafaa800884713ab68efd723cd.jpg,daboia russelii,5,205,360
67390367_jpg.rf.385befed1317cb110643e29be05de11b.jpg,ahaetulla prasina,0,256,298
62101734_jpeg.rf.f7e2b0f1ab5152f058f0eed7d2d60c6f.jpg,bungarus fasciatus,3,194,101
94328870_jpeg.rf.0d112fbee1a056dc160e14058bf53627.jpg,bungarus fasciatus,3,331,395
106785581_jpg.rf.dc564060d7416a95411949b2f6bb89ff.jpg,xenochrophis piscator,14,176,375
96404930_jpeg.rf.8bcc56f714a4969044288bd56a2913e5.jpg,xenochrophis piscator,14,52,118
167718054_jpeg.rf.63fe1e6955a203fb1493ca1bcb135619.jpg,psammodynastes pulverulentus,9,351,145
64704132_jpeg.rf.4c4dacaaf461075ed03b6f951747b92c.jpg,chrysopelea ornata,4,261,375
94338248_jpeg.rf.ff194299f0a0ce0fe0d4af0fea3927d8.jpg,naja naja,7,261,249
32004023_jpeg.rf.79447d1e49e718d1e814ea1a615e88df.jpg,bungarus fasciatus,3,445,323
35160963_jpeg.rf.a0651e5769bd094533ea5f615d1401d8.jpg,ptyas mucosa,11,432,265
78876217_jpeg.rf.0a00772dee7f99bef4370f1d3d0cd523.jpg,bungarus caeruleus,2,114,335
211358026_jpg.rf.3ef097b97cac73f6490abc353b5429d7.jpg,psammodynastes pulverulentus,9,500,254
27427301_jpg.rf.b7f2a7d32e334b935b42761b8bb4260c.jpg,naja naja,7,365,500
AUG231149151_jpeg.rf.fb65a0d29e644855d9e301e1d04ff0eb.jpg,bungarus caeruleus,2,225,421
99008593_jpeg.rf.6dfda004f98e331e9e2672ff7776f781.jpg,ptyas mucosa,11,448,203
215690446_jpg.rf.4a9d4589cf3e441403803a537576c12a.jpg,psammodynastes pulverulentus,9,239,327
AUG34306497_jpeg.rf.b4b609f80402b24a76292a6fe465c9ea.jpg,naja naja,7,394,254
200255070_jpg.rf.ccec1e38970a567d076fbe2784f9ed38.jpg,trimeresurus purpureomaculatus,13,179,500
76299191_jpg.rf.a71c8c33003aca15bfba7f115a6a85ab.jpg,dendrelaphis pictus,6,333,474
571178_JPG.rf.8ee743dfbabc7b48ebd128b73cfd7186.jpg,ptyas mucosa,11,500,245
86131295_jpeg.rf.6a387e8ff7167bb52ddec54d0618fa1e.jpg,amphiesma stolatum,1,184,282
67421404_jpg.rf.9e142b5e119e17cc7f07fba810969fc9.jpg,ptyas mucosa,11,348,479
AUG169465348_jpeg.rf.f1aa89e99b0160b1eccef212c9edae4f.jpg,naja naja,7,426,296
43786089_jpeg.rf.baf38899a9e6ec3d56d3d810a97d10ea.jpg,dendrelaphis pictus,6,500,287
34353489_jpeg.rf.7d33bcd8d0dc06693485ef02f73b0653.jpg,ptyas mucosa,11,473,422
127942666_jpg.rf.d6b2ca0fa2d6b0c47c1a4adfb0380d66.jpg,psammodynastes pulverulentus,9,177,281
AUG78443846_jpeg.rf.247a47aa621156a35ebd11269f31de9e.jpg,naja naja,7,278,500
79766412_jpeg.rf.79ceeadbb6cd14d612bc90b21c600601.jpg,ahaetulla prasina,0,244,470
61933258_jpg.rf.d3336a5837969b80149206ec604887df.jpg,ptyas mucosa,11,500,328
24350805_jpeg.rf.5aa09abf3d7fd9b6ca22d74952edb4fd.jpg,dendrelaphis pictus,6,500,269
62482268_jpg.rf.7819e1947c472298228b31cde9464eb0.jpg,ptyas mucosa,11,349,221
128635762_jpg.rf.43973ef0d0e454c8be2aa06f29551b22.jpg,psammodynastes pulverulentus,9,309,300
AUG160489104_jpeg.rf.0a1e173c44413d85c60a30b9041c498b.jpg,bungarus caeruleus,2,391,334
208478998_jpeg.rf.87fcbf1a9784ead78f82e23d324b578f.jpg,xenochrophis piscator,14,500,295
96404980_jpeg.rf.3f188eb5d3c794095bc397e928c35212.jpg,xenochrophis piscator,14,228,351
221392480_jpeg.rf.3f7c9aaca39ecb5d42e838235d62cb07.jpg,xenochrophis piscator,14,419,152
62480797_jpeg.rf.085e15a5841fbcf5433cb1dd2b702d37.jpg,bungarus fasciatus,3,143,217
67751244_jpg.rf.c07daff7c9b94f13d16e481ce66e8cb1.jpg,trimeresurus albolabris,12,312,349
AUG88827468101_jpg.rf.7c3ad3879b9124a6f00f383ad4301fe8.jpg,daboia russelii,5,323,440
171394180_jpeg.rf.77b0ff1682203610488ceaab83e121b7.jpg,naja naja,7,287,200
54832405_jpeg.rf.6ec5621aea051491894e32b69ddc8282.jpg,trimeresurus albolabris,12,344,177
AUG23863959756_jpg.rf.950c2a638764779cea9a5ef2e08bf3c1.jpg,daboia russelii,5,152,185
160687429_jpg.rf.877bd5f7d778c7b7aa458c3e541a2873.jpg,daboia russelii,5,432,365
AUG110498942_jpeg.rf.e9b0ac430887b11446e76fea9fd7f968.jpg,naja naja,7,413,287
AUG110498917_jpeg.rf.354e4bae4f87c5d4ccebd2ae519743bd.jpg,naja naja,7,332,226
AUG5916829179_jpg.rf.d663a2b6aaa1baab15fe557d35905984.jpg,daboia russelii,5,140,375
84833191_jpeg.rf.30c6a82fb362dec01d906ceeed4091b8.jpg,chrysopelea ornata,4,135,488
229335090_jpeg.rf.222355440c330392ed3ac115ad9c5628.jpg,trimeresurus purpureomaculatus,13,369,348
217391324_jpg.rf.1cd63b6768558aa97d1c7e9b7572e1c5.jpg,psammodynastes pulverulentus,9,149,276
67390367_jpg.rf.7dca85e839b9acb415c334b2c0ca4273.jpg,ahaetulla prasina,0,264,256
68181633_jpg.rf.a27595ff6337746f788c3e4ebcfa92ee.jpg,ptyas mucosa,11,203,480
73761484_jpg.rf.53c9e30219d78ce8c20b1f3942f670bf.jpg,trimeresurus albolabris,12,429,115
130861401_jpg.rf.bed35ab5f2a82344d697be68c32fc44b.jpg,psammodynastes pulverulentus,9,200,500
90585346_jpg.rf.3604a00c280cc38d02fa3fd267712a7f.jpg,trimeresurus albolabris,12,98,281
240556046_jpeg.rf.5c158d98eb9b8f132d0060687ef997a5.jpg,xenochrophis piscator,14,322,250
173851656_jpeg.rf.3e87ba4878278ac89ff681d621080ed1.jpg,amphiesma stolatum,1,330,359
52500633_jpeg.rf.6f8caed9929555afc32ea0c6d1160009.jpg,chrysopelea ornata,4,296,88
243779057_jpeg.rf.f1bed16916385b17f37a5c29249e1a05.jpg,trimeresurus purpureomaculatus,13,360,273
102016356_jpg.rf.740fbac76a42c1ea29de54aabfaa5452.jpg,chrysopelea ornata,4,356,375
AUG19796018_jpeg.rf.7d7f9bcbecbc672348e75a23922f5331.jpg,bungarus caeruleus,2,247,281
154990369_jpeg.rf.00583793e944a6eec848ff111e2aa417.jpg,daboia russelii,5,183,500
5883600_jpg.rf.809a5ba5074a8c0eddd7a8d8c20c9881.jpg,ptyas mucosa,11,446,149
28201583_jpeg.rf.9f7ac38fce025916f5756f808dedd500.jpg,naja naja,7,500,375
99441807_jpeg.rf.87c0e813e88de8aadf261bddb9c3a4ca.jpg,amphiesma stolatum,1,500,261
4600859_jpg.rf.b3774c5ebe0f17ad3ceadd730252467b.jpg,ahaetulla prasina,0,248,333
72913919_jpg.rf.f5a730cdeaa729079d073848bdfd2c3b.jpg,bungarus fasciatus,3,500,287
44713862_jpeg.rf.027e2ff2ac697900b7a22e1e24626182.jpg,ptyas mucosa,11,486,355
57159665_jpeg.rf.b11a22c35154ce8ccdc1f6ee9160668f.jpg,dendrelaphis pictus,6,145,63
145289412_jpg.rf.5f0ebe560c6af90c29194a8235e12009.jpg,psammodynastes pulverulentus,9,249,183
118252609_jpeg.rf.2f747240a6adbe1d814a94abd0e2fa85.jpg,amphiesma stolatum,1,500,463
214053367_jpeg.rf.8c60ed512fee92336b20dd06255234df.jpg,naja naja,7,378,292
127169877_jpeg.rf.1dbb02afccf88fab492a18bbf1ba6915.jpg,amphiesma stolatum,1,479,334
112083839_jpg.rf.98a4b21e7a1b9a659f6343f7aefad5a8.jpg,chrysopelea ornata,4,500,330
95181452_jpeg.rf.3e462ff6c8316040394f875f7de530a6.jpg,bungarus fasciatus,3,283,125
211358084_jpg.rf.01fa32274c4cd94e29d4aa773a9e2ec6.jpg,psammodynastes pulverulentus,9,356,244
230630770_jpeg.rf.16c894dcd7ceaf20e1e576a67453d8df.jpg,trimeresurus purpureomaculatus,13,408,293
32723699_jpeg.rf.5d44727076bd0519c8ed8865fa30353c.jpg,dendrelaphis pictus,6,424,212
239016628_jpeg.rf.67c66e528235a5dfde2b85e282e63080.jpg,xenochrophis piscator,14,375,353
210572636_jpg.rf.cd1fbcf85943dcb43e3ce9e50d7b5705.jpg,trimeresurus purpureomaculatus,13,391,333
95568180_jpeg.rf.2429e9061023fc5f7525262db60b4714.jpg,bungarus caeruleus,2,153,284
AUG99964103104_jpg.rf.7e853c9a648f06d09ac1a028dd387faf.jpg,daboia russelii,5,165,299
AUG218858590_jpeg.rf.5aa0c50efee3ecb0e2fe194f05b4e1b6.jpg,bungarus caeruleus,2,115,135
AUG86475309_jpeg.rf.a731ecb6ff02639513eee48024ef6abf.jpg,bungarus caeruleus,2,500,266
35825156_jpg.rf.eaae9aa4c15ce34abe85d5a98f066dc0.jpg,amphiesma stolatum,1,253,474
52758589_jpg.rf.552b22faeac1ee6fc85d6c54dfebb19c.jpg,xenochrophis piscator,14,331,247
34630551_jpeg.rf.aadf68ac2d84079087d8b5b543337175.jpg,bungarus fasciatus,3,363,84
45982538_jpg.rf.8d4f7ff83b6ad66eb54031229d9287c6.jpg,trimeresurus albolabris,12,481,203
32001676_jpeg.rf.9689ee4aab60d9db7b78d14981c62cf7.jpg,bungarus fasciatus,3,392,334
86025385_jpeg.rf.84ba247bd2ab73387208047abf0b2268.jpg,naja naja,7,228,187
64550509_jpeg.rf.43d264cada0492308e54c133bbe6421b.jpg,chrysopelea ornata,4,300,125
217740466_jpg.rf.5ceb77596005978d66af9ffce2ab5d61.jpg,trimeresurus purpureomaculatus,13,468,235
53017740_jpg.rf.9cdb2ec4a3144a7607bfb0a4a81731db.jpg,bungarus fasciatus,3,494,317
61933665_jpg.rf.2df6af201feccf154ec08a09c1d18327.jpg,ptyas mucosa,11,463,427
71734478_jpeg.rf.bc7a73efa924faacd2716be3bcd12ff7.jpg,ophiophagus hannah,8,438,500
85952087_jpg.rf.8272296e37a8d2254de6fde196d416c6.jpg,dendrelaphis pictus,6,450,135
AUG54206354_jpeg.rf.2988bf0bdeb483c89da0be362674c08d.jpg,daboia russelii,5,358,247
58971202_jpeg.rf.d99cac914993e929d8cabeeffeef6cc9.jpg,ahaetulla prasina,0,131,339
239817750_jpg.rf.c6ea8e6383c14a1c7a52b080ad222087.jpg,trimeresurus purpureomaculatus,13,343,325
AUG34951295_jpeg.rf.1eb8f6b83046560d266fd72a3da5bfcd.jpg,naja naja,7,439,500
78876203_jpeg.rf.f856696c111eca967d764436c9423c33.jpg,bungarus caeruleus,2,150,375
88695984_jpeg.rf.3912902705ae3cca2c4574ddf3bd0ff2.jpg,chrysopelea ornata,4,73,262
160489068_jpeg.rf.4b200b8421e875b4f5a1dbcca9bd3ff5.jpg,bungarus caeruleus,2,333,195
AUG90940531102_jpg.rf.96c440b7ab27334808bd1d8f41e0dc09.jpg,daboia russelii,5,265,175
62482710_jpeg.rf.d344a0a8b9ee11ba61658a3f4846d0a5.jpg,trimeresurus albolabris,12,210,171
99296410_jpg.rf.d0618657c9ae4e20704c0623bc70a079.jpg,ophiophagus hannah,8,295,225
51691838_jpeg.rf.82aad7d341ab13ec4a47acdd7196c790.jpg,ptyas mucosa,11,401,229
41524347_jpg.rf.39a85ed5c640d8bf9f9ef9e8b7794306.jpg,ptyas mucosa,11,360,72
575474_JPG.rf.4e1ca91306b8d97315c3983d9341d2dc.jpg,bungarus caeruleus,2,261,156
AUG251255679_jpeg.rf.8317693d48ad73278ffd70bc1cc36bed.jpg,daboia russelii,5,313,257
176460920_jpg.rf.3533a39d0844ab4b0d92618e6b2b2601.jpg,psammodynastes pulverulentus,9,456,349
59728695_jpg.rf.7b17d5b0df7e8518ae0fa3469c337da5.jpg,ahaetulla prasina,0,227,500
77922855_jpeg.rf.ed4e53d0f59f112d458fa809b98c320d.jpg,naja naja,7,89,160
243071945_jpg.rf.672a04e548645aef71c040d633e514ff.jpg,xenochrophis piscator,14,73,231
105556137_jpeg.rf.a8be204f366f5b874914fd2d1f09a1cd.jpg,bungarus fasciatus,3,273,281
87377141_jpeg.rf.5426116ac091e7ef8adf7a6bad7dc7d7.jpg,ophiophagus hannah,8,194,281
83517301_jpeg.rf.be172a3dde8b29f1abfe40b794c79b0a.jpg,ptyas mucosa,11,118,281
190272585_jpeg.rf.4a7175ee37e6803526c520143ccbfa38.jpg,ophiophagus hannah,8,109,318
185553689_jpg.rf.5663b712e4600ffda5dc5c5f95e32a75.jpg,xenochrophis piscator,14,386,380
83542270_jpeg.rf.9a88cb0f8a052228765eecd4ae26e358.jpg,bungarus fasciatus,3,290,162
AUG94338248_jpeg.rf.bf6c5ccfd005e92d084d93ac315684d2.jpg,naja naja,7,244,228
AUG128201471_jpeg.rf.5f2898f2e2b2c1b33f5e2da3686a45b4.jpg,daboia russelii,5,64,78
117285051_jpg.rf.39c08d6e33fbe73d200e9ab5334da46b.jpg,trimeresurus albolabris,12,183,248
86475309_jpeg.rf.ec53fb2c4d2125ee05e6ccad93d265c0.jpg,bungarus caeruleus,2,270,371
105234051_jpeg.rf.c94c73ff07e5151ab695120a261ca9fa.jpg,dendrelaphis pictus,6,500,125
AUG81008965_jpeg.rf.9b8ea4e6047345022234b48a2e226a18.jpg,bungarus caeruleus,2,348,283
160462325_jpeg.rf.d043776333e821365d5c3263178966f9.jpg,naja naja,7,256,322
117285051_jpg.rf.3ef6f18bef7f35319521b5e563bd2b51.jpg,trimeresurus albolabris,12,248,183
10537204_jpg.rf.9830524e38523b109d43287a52c655f5.jpg,chrysopelea ornata,4,500,72
173944604_jpg.rf.c7204c0b763c719e24b9a104d0dd30ac.jpg,xenochrophis piscator,14,464,208
173386510_jpg.rf.3d51d6c8c0b78d71e593453b74ea2ebc.jpg,ophiophagus hannah,8,409,82
44246569_png.rf.ff3482e6c8c7608c7f3642c806e25ac5.jpg,ahaetulla prasina,0,246,78
105556672_jpeg.rf.511f3a432378cb52344cad5bf5773f99.jpg,bungarus fasciatus,3,130,236
16993533_jpg.rf.a02b21698f9b702035b985042b908f2d.jpg,ptyas mucosa,11,415,153
52651028_jpeg.rf.411c83e8d4e03b827a6560c6cbb4be9a.jpg,ahaetulla prasina,0,178,332
185781371_jpg.rf.a8cef4203d58784cd012fa0428bb4710.jpg,naja naja,7,381,266
65594765_jpeg.rf.f7666485d658cd22654bca6c9793afa6.jpg,ophiophagus hannah,8,271,333
55504218_jpg.rf.52b2f839ac0c3c6868b6e31df9de7947.jpg,ahaetulla prasina,0,269,210
193603925_jpeg.rf.d3c746c02ce52bcd11c517e38c13df20.jpg,ptyas korros,10,317,249
7668073_jpg.rf.96b3e427fab988ca862c6070d174ea37.jpg,dendrelaphis pictus,6,500,211
29059914_jpg.rf.7bab5c0b0431a08e8d43c2d3786c26b4.jpg,ptyas mucosa,11,361,227
152704454_jpg.rf.f4f9bf95fec205f61f282792efeaef02.jpg,bungarus caeruleus,2,442,271
190272585_jpeg.rf.f7b18e647c882e9b1f6f52c6e10e345f.jpg,ophiophagus hannah,8,109,318
96573264_jpeg.rf.ef9d199916568028c4f6705fd825b116.jpg,chrysopelea ornata,4,219,474
58971198_jpeg.rf.d436abd03b64bcf7684ea693631bd501.jpg,ahaetulla prasina,0,348,336
41982490_jpg.rf.edceb7434f072db81606ddcf64f1d8de.jpg,bungarus fasciatus,3,347,235
215686732_jpeg.rf.9e7d32588b3c98c200408867bad171d1.jpg,psammodynastes pulverulentus,9,375,141
66644455_jpg.rf.edd9d12c9b38590f3b75188e3093b90f.jpg,ptyas mucosa,11,79,375
52566415_jpeg.rf.52b2dc7e92bf8426736bdebfb5256033.jpg,bungarus fasciatus,3,161,226
AUG21918936244_jpg.rf.74577515ff58a24ade71f2bc68b41266.jpg,daboia russelii,5,114,115
86734034_jpg.rf.c20c5a57d419457c269a7dcd96df9761.jpg,trimeresurus albolabris,12,334,281
99567060_jpeg.rf.73d0b42e4b3954af77c36b095cabd7c6.jpg,ptyas mucosa,11,500,169
AUG95568180_jpeg.rf.862aef70ba91ffc8f253a578ef32c2f9.jpg,bungarus caeruleus,2,384,153
169151453_jpeg.rf.a7c2d871c200eeed12f77024f62d17af.jpg,psammodynastes pulverulentus,9,429,150
45821619_jpeg.rf.c3b2aa7cc1e3b484d4b14e50ff908d71.jpg,amphiesma stolatum,1,204,126
77614355_jpeg.rf.bbba683af0d69e0d605f8f1c0b6176c0.jpg,trimeresurus purpureomaculatus,13,238,162
122518070_jpeg.rf.2f4b4aba8712fe7692679588adb6ba6e.jpg,naja naja,7,349,452
98500436_jpg.rf.a5fe526887efc275858c7c3eed71e05f.jpg,chrysopelea ornata,4,317,432
250189726_jpeg.rf.388fae9673edbae3290381cf320835cf.jpg,trimeresurus purpureomaculatus,13,483,253
85786881_jpeg.rf.6830e1b08d74e6326ae638a27ed26a04.jpg,dendrelaphis pictus,6,139,131
34944854_jpg.rf.16ea412b2fc9409297de8e2252c691bc.jpg,trimeresurus purpureomaculatus,13,401,322
226343949_jpeg.rf.68a7ae1de98138f6dd1189ad91a509fb.jpg,naja naja,7,261,227
169133741_jpeg.rf.6cbcbf6975137afda75581ef41966df7.jpg,psammodynastes pulverulentus,9,426,264
48263353_jpg.rf.155a301ee2780b9585d273a72791a671.jpg,bungarus fasciatus,3,286,174
75156688_jpeg.rf.66bf8149aea8bf915f1cba97fbb1bed3.jpg,chrysopelea ornata,4,500,375
122692917_jpg.rf.64b69d04c6f5d6042ee85ad20ff0aee0.jpg,ophiophagus hannah,8,305,494
215690434_jpeg.rf.8ce7ec40dc8b1261b9a0ebb7e4f804ac.jpg,psammodynastes pulverulentus,9,316,168
117604378_jpeg.rf.df5d892b17632b63bcf02bb2d0a798ba.jpg,ptyas korros,10,446,199
196199257_jpeg.rf.f490c8f5191af605ce54b196ffe7716a.jpg,psammodynastes pulverulentus,9,340,192
178665_jpg.rf.94023ca7eb535f55454247d6fdd2df8a.jpg,bungarus fasciatus,3,473,333
28816997_jpg.rf.2cf779529cc356b3bbe3c9a093cf8fef.jpg,ptyas mucosa,11,226,375
130474227_jpg.rf.be134d43303c00865a71fa64c57a1456.jpg,bungarus fasciatus,3,157,247
56602063_jpg.rf.fd186f5cbc8f3bd5c759e2f160ca1a53.jpg,naja naja,7,202,266
AUG34306497_jpeg.rf.ca7e2f4bf302ea8cc587608c45a96cfe.jpg,naja naja,7,394,254
193447047_jpg.rf.a19bd40b27093eb4a2e50aa0b4d7842b.jpg,ophiophagus hannah,8,195,194
230630627_jpeg.rf.ab2b7d12561b6e29bddb67e0beec0064.jpg,trimeresurus purpureomaculatus,13,500,261
48939557_jpg.rf.30d05f41fd029abb5fc75dffc898d764.jpg,trimeresurus albolabris,12,436,500
169133766_jpeg.rf.bf4f47d4efef72f46545922fd737d853.jpg,psammodynastes pulverulentus,9,222,125
178029830_jpeg.rf.6bef5c92f6cc3f2b0c89d856a2090b6f.jpg,amphiesma stolatum,1,299,283
59100633_jpg.rf.d331da24d93134e8eaac985d2347868f.jpg,naja naja,7,312,281
162027113_jpeg.rf.84b7180b41ee7b0ef2888cd856090d01.jpg,xenochrophis piscator,14,299,375
187457544_jpg.rf.a40ec886f246d3ff2e0ce872af2d70da.jpg,ptyas korros,10,165,230
114507528_jpeg.rf.fb4920c43298c6f209971560ffe90cda.jpg,chrysopelea ornata,4,369,255
AUG107250194_jpeg.rf.3da8f69ffc5e28f614c677dee32d064c.jpg,daboia russelii,5,300,500
169151421_jpeg.rf.5c80c625b70f65856fa7e500491dac42.jpg,psammodynastes pulverulentus,9,271,132
45725995_jpg.rf.e5fc918896c2c81fbd48b6205d1c098f.jpg,chrysopelea ornata,4,359,295
92262041_jpeg.rf.9878b12b956ca60c3d36dd2a90561925.jpg,dendrelaphis pictus,6,348,442
109582198_jpeg.rf.9786f3c48563fdadf8f2786f346aa070.jpg,dendrelaphis pictus,6,300,117
12763462_jpeg.rf.b953f034ba1dd607689e80a60033f5d6.jpg,chrysopelea ornata,4,176,324
AUG15270445418_jpg.rf.d0671cf3b60ff343fb36b6a26e223883.jpg,bungarus caeruleus,2,282,333
22400018_jpeg.rf.50bef0550240999786d43ae01c60953a.jpg,chrysopelea ornata,4,375,186
98757025_jpeg.rf.0fd3ecccf8c2fa5bebe3e5efbb652ddc.jpg,ophiophagus hannah,8,348,375
77192836_jpeg.rf.3b1dfdf3050fcb1c88c8763adaa968ca.jpg,ptyas mucosa,11,87,375
29059915_jpg.rf.2f47edda0a675cab3f509cdc73b3f04d.jpg,ptyas mucosa,11,197,400
47228018_jpg.rf.eb4b9e07d592395425c94bdf7234953c.jpg,amphiesma stolatum,1,149,307
109582269_jpeg.rf.3f5975140f5ae9a9d5672ee08f8f5978.jpg,dendrelaphis pictus,6,185,281
169855438_jpeg.rf.a349954816d2e866bebb38ad0aa356d1.jpg,psammodynastes pulverulentus,9,500,412
83218715_jpeg.rf.e504cad521ab74c1bda2b87b6cd6379f.jpg,chrysopelea ornata,4,500,161
1969219_JPG.rf.96f55ad9ecb10a410db478b64fd4315d.jpg,ahaetulla prasina,0,478,333
AUG54206319_jpeg.rf.48e1e4732c5b9fec579c7d8b063fafe9.jpg,daboia russelii,5,384,179
69117746_jpg.rf.10870bf12dc258e571943da8dd10c925.jpg,dendrelaphis pictus,6,410,375
46224210_jpeg.rf.8e6077258ace2174756f11470293b4b3.jpg,dendrelaphis pictus,6,288,119
1389560_JPG.rf.4dc0f45248c01755a8a97845702e474f.jpg,ahaetulla prasina,0,335,317
238792072_jpg.rf.90335bff9090de561ea5ab1b5bfbb789.jpg,xenochrophis piscator,14,305,447
161449844_jpg.rf.7e7bb2571ddab18e122ad4d7ccacf7aa.jpg,bungarus caeruleus,2,209,425
99383039_jpeg.rf.3066c205e9ec8c11e430de99a8ada1ad.jpg,dendrelaphis pictus,6,451,275
78883172_jpeg.rf.657e258c7ecc782623c560e02875931e.jpg,xenochrophis piscator,14,115,163
230630594_jpeg.rf.a4bba992e8768a484129eb4c9ad4e61c.jpg,trimeresurus purpureomaculatus,13,322,263
61366975_jpeg.rf.eee673cc97615dc19b61309a1d3479a8.jpg,ptyas korros,10,368,430
160645742_jpg.rf.e7f6828f6fd8e385bc996330b819f91e.jpg,ophiophagus hannah,8,375,394
221000786_jpeg.rf.ecdd921d5b1db567714fb694eca18f89.jpg,psammodynastes pulverulentus,9,348,338
43145292_jpg.rf.9c7db2bb6ae3c499de2a4caa678e2bdd.jpg,chrysopelea ornata,4,204,430
162027113_jpeg.rf.de08a82fd9a15e853af2fdab6da9b1c2.jpg,xenochrophis piscator,14,481,299
55300656_jpeg.rf.d9a70275eb05b607222f45cf635fca1a.jpg,dendrelaphis pictus,6,265,333
117604370_jpeg.rf.835380d59b0e1aa64c2a6665295f8a95.jpg,ptyas korros,10,500,282
98100303_jpg.rf.9bab684f1ae28dc430ca7e38fbd5ce11.jpg,dendrelaphis pictus,6,500,136
98757136_jpeg.rf.744029128991d1cc332fa103b484ef1d.jpg,ophiophagus hannah,8,286,322
57394288_jpeg.rf.18b22b25bcd856078a734560ee35c987.jpg,ahaetulla prasina,0,300,182
130641800_jpeg.rf.657a0e0457925eac31eb1c53971ff211.jpg,ophiophagus hannah,8,380,106
98372354_jpeg.rf.eac7fa91af37d1bed85c367e9d06d2c4.jpg,ptyas mucosa,11,500,236
177322220_jpg.rf.17936bf7e9411e3455cb04722d6c0b3e.jpg,ophiophagus hannah,8,187,247
AUG107923532_jpeg.rf.46ebeea5477f7d39507f75f75af6ed46.jpg,daboia russelii,5,200,500
96404938_jpeg.rf.6549f0902352eddc5196959670b1b3ce.jpg,xenochrophis piscator,14,411,243
122368174_jpeg.rf.a353ccfda97830d68e4452b7db7f6996.jpg,trimeresurus purpureomaculatus,13,272,304
192160284_jpeg.rf.39bfa1121d0d74296c80489342eb7a13.jpg,psammodynastes pulverulentus,9,231,500
219845952_jpeg.rf.f0b63748fe80713aaf4b3877b806ed11.jpg,psammodynastes pulverulentus,9,208,290
9593692_jpg.rf.d9b573e35ea343d60ec8bea9c7739560.jpg,ahaetulla prasina,0,500,192
221533556_jpg.rf.0d8e16fd99ebf4560d9a3e732bbbafc2.jpg,psammodynastes pulverulentus,9,500,324
157289117_jpeg.rf.e55c315eaf6d1e4539fe375be9b852e7.jpg,daboia russelii,5,443,140
34633153_jpg.rf.c1ddc17602d0649cc48fffcacfb9638f.jpg,amphiesma stolatum,1,202,125
4496945_jpeg.rf.c4c59c7c60b04d914c0d3fcdb7be069f.jpg,chrysopelea ornata,4,223,410
97264478_jpg.rf.dfc00e102a5a70d0f7689441a4bf7228.jpg,chrysopelea ornata,4,363,196
106785557_jpg.rf.f94849521dc55b1e1e899af72d758e4a.jpg,xenochrophis piscator,14,208,243
45397769_jpg.rf.57f518b34d9008be06ad692952c55627.jpg,ptyas mucosa,11,149,196
178077920_jpg.rf.0b5c5a75332172acb68cb24d5b25c2ac.jpg,ophiophagus hannah,8,374,333
212014979_jpg.rf.f312763acba306c58627ec626de591af.jpg,xenochrophis piscator,14,386,201
AUG238438630_jpeg.rf.573d4c8881e7255bf443196460cd0d58.jpg,daboia russelii,5,275,358
54419572_jpeg.rf.78fafa5687e174a0ac28322390017b6d.jpg,dendrelaphis pictus,6,483,273
AUG81009480_jpeg.rf.1c72385e3652bbae90a0c3948f483a8f.jpg,bungarus caeruleus,2,401,345
122540909_jpeg.rf.01ba2e40536e5c2b4b6ae3d62fea95e2.jpg,ophiophagus hannah,8,281,313
9877059_jpeg.rf.65b6e0505406202e265b993838651d04.jpg,bungarus fasciatus,3,500,273
128856632_jpeg.rf.c4ea921da96a3dffb3e618898d107a92.jpg,psammodynastes pulverulentus,9,500,197
99602104_jpg.rf.bf11e81229da5db139e444184ff72dc7.jpg,ptyas korros,10,344,304
45325818_jpg.rf.bf642600c88e666b1f1522052d9e3f0a.jpg,ptyas mucosa,11,260,360
98500429_jpg.rf.08766ffa5eed2a904cbc9c4fd6ed5119.jpg,chrysopelea ornata,4,379,201
213217602_jpg.rf.5db25b39e15e59d44f9d452f8d89c9b7.jpg,psammodynastes pulverulentus,9,126,425
AUG8873483496_jpg.rf.fd233417d87aebc5f4691334db51f9ef.jpg,bungarus caeruleus,2,493,287
97227301_jpeg.rf.152f87b637147c596273a276cd327189.jpg,trimeresurus purpureomaculatus,13,494,333
227073946_jpg.rf.e115d5eb6bb5af255c4f1fff80d581ef.jpg,trimeresurus purpureomaculatus,13,116,119
211345091_jpeg.rf.d65c61ee595d431fa49f813bd305c987.jpg,trimeresurus purpureomaculatus,13,185,456
5062182_jpeg.rf.a2738a52d63da9fab1d8ce162ced788d.jpg,trimeresurus albolabris,12,349,333
150092383_jpeg.rf.b52171e598c20c77384f27d9cabbadb4.jpg,daboia russelii,5,286,217
117460407_jpeg.rf.52e7d4425109ac7933321a470d485517.jpg,ptyas korros,10,391,209
83361868_jpg.rf.da7b48c95e473392762299c29016a464.jpg,bungarus fasciatus,3,347,65
85786881_jpeg.rf.307a82c858798e3c0affe40e890b3a34.jpg,dendrelaphis pictus,6,131,140
57436678_jpeg.rf.82ec88d0bacb886a7ee81a001528a550.jpg,ahaetulla prasina,0,450,134
68698707_jpg.rf.e8e028661f26c9f8d18feabc9c9de85d.jpg,chrysopelea ornata,4,273,81
71775212_jpeg.rf.5887c0a425613b3f7a9bdb4e5f811e58.jpg,dendrelaphis pictus,6,500,348
57693438_jpg.rf.fba6b6cd11f21c1174c953242d5bada0.jpg,ahaetulla prasina,0,205,145
99557063_jpeg.rf.a732022551b75b51a3cd7c660a51a175.jpg,trimeresurus albolabris,12,307,330
93550860_jpeg.rf.f744ba242d84a2f451e7c46c5bf4d46b.jpg,naja naja,7,279,214
78664452_jpg.rf.f9caa3f97cdadb32a3ffc417eaa40863.jpg,amphiesma stolatum,1,265,100
6804591_jpeg.rf.e54c55be4764c31828158248bc623add.jpg,bungarus fasciatus,3,500,375
32004267_jpeg.rf.c72884af53725984cb6ded8a617e7b37.jpg,bungarus fasciatus,3,447,334
54430529_jpeg.rf.1c5e1676bd1ea6cd4fc5694acc2c53e9.jpg,dendrelaphis pictus,6,500,252
97364331_jpg.rf.f7d8aac856fe1c50e0aa059eb9ac5883.jpg,chrysopelea ornata,4,478,203
126443278_jpeg.rf.67ee2fd9a0c8d97ff0a3bf2ca3aa7188.jpg,naja naja,7,365,234
9593691_jpg.rf.e0c16893faab785698e7996871ff0d19.jpg,ahaetulla prasina,0,334,500
179205107_jpeg.rf.2370df92ee56a73f57d62f2507fdbfa5.jpg,ptyas korros,10,351,281
67339779_jpg.rf.32e82943c5b40705a822213cbc15aae4.jpg,ophiophagus hannah,8,125,333
AUG8805242694_jpg.rf.01604ecea391d69924c14566a639916f.jpg,daboia russelii,5,500,368
AUG133965490_jpeg.rf.9bed866d5b4f1bf3931ad6652ee80137.jpg,bungarus caeruleus,2,297,326
116497661_jpg.rf.69033f9ae5a7389f352ab3c9f6f9eba5.jpg,ptyas korros,10,500,147
113555626_jpg.rf.cf2c12cccaa71af4db7d659746cdb219.jpg,xenochrophis piscator,14,411,136
